Product ID,Transaction ID,Date,Product Category,Product Name,Units Sold,Unit Price,Total Revenue,Payment Method,Rating,Reviews
P0001,10001,2024-10-01,Clothing,Vuori Performance Joggers,1,8609.68,8609.68,Debit Card,3,Middle of the pack. Not disappointed but not impressed either.
P0002,10002,2024-02-14,Electronics,iPad Air,1,68719.97,68719.97,Google Pay,4,Excellent product that does the job well. Only minor complaints.
P0003,10003,2024-03-21,Sports,Hydro Flask Wide Mouth,1,4476.32,4476.32,Credit Card,2,Disappointing quality for the price. Expected much better based on the description.
P0004,10004,2024-11-06,Beauty Products,Dior Lip Glow Oil,1,3711.66,3711.66,Debit Card,5,Incredible value for the price. The build quality is superb and it works flawlessly.
P0005,10005,2024-02-28,Books,Maybe You Should Talk to Someone by Lori Gottlieb,2,1262.85,2525.70,Apple Pay,4,Works great and looks good too. Very pleased with this purchase overall.
P0006,10006,2024-02-10,Books,The Housemaid by Freida McFadden,2,1002.15,2004.30,Credit Card,3,"It does the job adequately. Not great, not terrible, just middle of the road."
P0007,10007,2024-12-28,Clothing,Lululemon Wunder Train Leggings,3,9729.51,29188.53,Apple Pay,3,Decent product for the price. Nothing to write home about but it works.
P0008,10008,2024-03-12,Clothing,Adidas Samba OG,2,10110.97,20221.94,Debit Card,4,Great product with excellent features. Just a few small things keep it from being perfect.
P0009,10009,2024-08-08,Home Appliances,Samsung Bespoke Refrigerator,1,285898.47,285898.47,Google Pay,5,Top-notch quality and performance. This has become an essential part of my daily life.
P0010,10010,2024-11-25,Electronics,AirPods Pro 2nd Gen,1,24200.96,24200.96,Debit Card,4,Solid quality and reliable performance. I'm satisfied with this purchase and would recommend it.
P0011,10011,2024-04-19,Books,Klara and the Sun by Kazuo Ishiguro,1,1389.94,1389.94,Apple Pay,5,Brilliant product! Works perfectly and is incredibly well-made. Worth every penny.
P0012,10012,2024-04-18,Sports,Under Armour Sportstyle Shorts,1,3507.71,3507.71,Credit Card,4,Really happy with this. Does exactly what it says and the quality is very good.
P0013,10013,2024-12-05,Sports,RumbleRoller Deep Tissue Roller,1,4051.23,4051.23,Debit Card,5,Brilliant product! Works perfectly and is incredibly well-made. Worth every penny.
P0014,10014,2024-11-14,Electronics,Beats Studio Pro,1,35100.79,35100.79,Apple Pay,4,Excellent product that does the job well. Only minor complaints.
P0015,10015,2024-12-01,Electronics,Dyson V11 Vacuum,2,50010.69,100021.38,Credit Card,2,Subpar performance and build quality. I've had much better products in this category.
P0016,10016,2024-02-14,Home Appliances,Zojirushi Neuro Fuzzy Rice Cooker,1,25578.00,25578.00,Credit Card,0,Zero stars if I could. The product is completely unusable and a total waste of money.
P0017,10017,2024-08-04,Books,Atomic Habits by James Clear,3,1190.55,3571.65,Credit Card,5,Brilliant product! Works perfectly and is incredibly well-made. Worth every penny.
P0018,10018,2024-08-25,Sports,On Cloud 5,4,14073.05,56292.20,Apple Pay,5,Top-notch quality and performance. This has become an essential part of my daily life.
P0019,10019,2024-12-27,Books,The Great Gatsby by F. Scott Fitzgerald,1,974.61,974.61,Credit Card,1,Complete waste of money. The product doesn't work as advertised at all.
P0020,10020,2024-11-27,Electronics,Google Nest Hub,5,9919.43,49597.15,PayPal,5,Best in its category! I've tried competitors and nothing comes close to this.
P0021,10021,2024-12-06,Clothing,Ray-Ban Aviator Classic Sunglasses,1,15297.21,15297.21,Credit Card,1,Awful quality. Fell apart after minimal use. Would never recommend this to anyone.
P0022,10022,2024-10-13,Books,"Tomorrow, and Tomorrow by Gabrielle Zevin",1,1451.53,1451.53,Debit Card,5,Five stars! The best purchase I've made this year. Would highly recommend to everyone.
P0023,10023,2024-05-19,Sports,Yeti Hopper M30 Soft Cooler,1,34402.62,34402.62,Debit Card,3,It's an okay product. Does the basics but nothing extraordinary. Decent for the price.
P0024,10024,2024-04-02,Books,A Gentleman in Moscow by Amor Towles,1,1023.65,1023.65,Apple Pay,5,Brilliant product! Works perfectly and is incredibly well-made. Worth every penny.
P0025,10025,2024-10-19,Beauty Products,Morphe 35O Nature Glow Palette,1,2585.80,2585.80,PayPal,5,Five stars! The best purchase I've made this year. Would highly recommend to everyone.
P0026,10026,2024-10-12,Beauty Products,Dior Lip Glow Oil,1,3872.74,3872.74,Credit Card,3,Average quality. Meets basic expectations but doesn't stand out from competitors.
P0027,10027,2024-01-24,Books,The Alchemist by Paulo Coelho,3,869.13,2607.39,Credit Card,5,Best in its category! I've tried competitors and nothing comes close to this.
P0028,10028,2024-03-06,Clothing,Reformation Odessa Dress,1,22289.83,22289.83,Debit Card,4,Excellent product that does the job well. Only minor complaints.
P0029,10029,2024-02-21,Sports,Hoka Clifton 9,3,14897.75,44693.25,Credit Card,5,Best in its category! I've tried competitors and nothing comes close to this.
P0030,10030,2024-07-28,Beauty Products,La Roche-Posay Cicaplast Baume,4,1655.99,6623.96,Credit Card,0,Do not waste your money. This is the worst product I have ever purchased.
P0031,10031,2024-12-26,Beauty Products,Saie Glowy Super Skin Gel,1,3227.63,3227.63,Google Pay,3,It's fine. Does what it's supposed to do without any standout features.
P0032,10032,2024-03-10,Clothing,Patagonia Retro-X Fleece,5,17985.04,89925.20,Google Pay,5,Top-notch quality and performance. This has become an essential part of my daily life.
P0033,10033,2024-01-19,Beauty Products,Fresh Sugar Lip Treatment,1,2440.58,2440.58,PayPal,5,Absolutely fantastic! The quality far surpasses what I expected at this price point.
P0034,10034,2024-02-06,Electronics,Google Nest Hub,2,10004.08,20008.16,Credit Card,4,Very satisfied customer. The product is well-designed and performs reliably.
P0035,10035,2024-04-20,Electronics,Apple Watch Ultra 2,2,79512.76,159025.52,Credit Card,4,I'm impressed with the quality. Not perfect but definitely worth the investment.
P0036,10036,2024-12-07,Books,The Midnight Library by Matt Haig,1,1331.62,1331.62,Credit Card,4,Solid quality and reliable performance. I'm satisfied with this purchase and would recommend it.
P0037,10037,2024-01-20,Sports,JBL Endurance RUN Earphones,5,2913.44,14567.20,Credit Card,4,Great product with excellent features. Just a few small things keep it from being perfect.
P0038,10038,2024-12-03,Clothing,H&M Linen Blend Shirt,1,2928.60,2928.60,Google Pay,3,"Adequate for basic use. If you need something simple, this works fine."
P0039,10039,2024-12-26,Sports,On Cloudrunning Shoes,1,15275.20,15275.20,Credit Card,1,Complete waste of money. The product doesn't work as advertised at all.
P0040,10040,2024-12-05,Clothing,Ray-Ban Aviator Classic Sunglasses,1,14841.62,14841.62,Google Pay,5,Exceptional product that delivers exactly what it promises. Couldn't be happier!
P0041,10041,2024-09-23,Books,The Hobbit by J.R.R. Tolkien,1,1098.78,1098.78,Credit Card,4,Good value for money. The product is well-made and serves its purpose perfectly.
P0042,10042,2024-12-28,Electronics,Bose QuietComfort Earbuds II,1,29762.89,29762.89,Credit Card,5,Top-notch quality and performance. This has become an essential part of my daily life.
P0043,10043,2024-11-21,Clothing,Birkenstock Arizona Sandals,1,9865.45,9865.45,PayPal,4,Solid quality and reliable performance. I'm satisfied with this purchase and would recommend it.
P0044,10044,2024-02-23,Home Appliances,OXO Brew Conical Burr Grinder,1,10098.75,10098.75,Credit Card,4,Works great and looks good too. Very pleased with this purchase overall.
P0045,10045,2024-02-10,Books,Spare by Prince Harry,4,1821.80,7287.20,Credit Card,1,Awful quality. Fell apart after minimal use. Would never recommend this to anyone.
P0046,10046,2024-10-22,Electronics,Samsung 55 The Frame TV,1,150438.59,150438.59,PayPal,0,Zero stars if I could. The product is completely unusable and a total waste of money.
P0047,10047,2024-12-08,Home Appliances,Samsung Bespoke Refrigerator,5,295305.56,1476527.80,PayPal,5,Top-notch quality and performance. This has become an essential part of my daily life.
P0048,10048,2024-11-14,Clothing,Zara High-Waisted Trousers,1,4669.14,4669.14,Debit Card,4,Very good product overall. Works well and meets my expectations. Minor improvements possible.
P0049,10049,2024-12-08,Clothing,Nike Air Force 1 Sneakers,3,11961.44,35884.32,Credit Card,2,Poor experience overall. The product has multiple flaws that affect usability.
P0050,10050,2024-04-22,Home Appliances,Shark Steam Mop,1,11741.92,11741.92,Debit Card,0,Do not waste your money. This is the worst product I have ever purchased.
P0051,10051,2024-06-17,Beauty Products,La Roche-Posay Effaclar Duo,2,2541.34,5082.68,Debit Card,1,Complete waste of money. The product doesn't work as advertised at all.
P0052,10052,2024-12-09,Home Appliances,Lodge Cast Iron Skillet,2,2562.24,5124.48,Credit Card,5,Incredible value for the price. The build quality is superb and it works flawlessly.
P0053,10053,2024-06-26,Books,The Midnight Library by Matt Haig,1,1378.93,1378.93,Debit Card,4,Very satisfied customer. The product is well-designed and performs reliably.
P0054,10054,2024-03-02,Beauty Products,Tatcha The Water Cream,1,6963.38,6963.38,Google Pay,3,"Mixed feelings about this. Some features are good, others could use improvement."
P0055,10055,2024-06-03,Books,A Gentleman in Moscow by Amor Towles,2,1050.20,2100.40,Debit Card,3,"It does the job adequately. Not great, not terrible, just middle of the road."
P0056,10056,2024-08-22,Beauty Products,Charlotte Tilbury Flawless Filter,1,4441.94,4441.94,Google Pay,5,Incredible value for the price. The build quality is superb and it works flawlessly.
P0057,10057,2024-10-13,Home Appliances,LEVOIT Core 300 Air Purifier,2,9781.76,19563.52,Google Pay,2,Regret this purchase. The quality doesn't match the price tag at all.
P0058,10058,2024-05-14,Books,Educated by Tara Westover,1,1315.42,1315.42,Credit Card,4,Great product with excellent features. Just a few small things keep it from being perfect.
P0059,10059,2024-10-10,Sports,Gaiam Premium Yoga Mat,2,2709.25,5418.50,Debit Card,2,Poor experience overall. The product has multiple flaws that affect usability.
P0060,10060,2024-10-08,Clothing,Nike Air Max 270,1,14581.86,14581.86,Apple Pay,4,Solid quality and reliable performance. I'm satisfied with this purchase and would recommend it.
P0061,10061,2024-07-21,Home Appliances,OXO Good Grips Can Opener,2,2472.67,4945.34,PayPal,5,Absolutely love this product! Exceeded all my expectations and the quality is outstanding.
P0062,10062,2024-12-28,Electronics,Amazon Fire TV Stick 4K,3,4905.82,14717.46,Google Pay,4,Excellent product that does the job well. Only minor complaints.
P0063,10063,2024-04-28,Home Appliances,Instant Pot Duo Plus,1,15169.47,15169.47,Google Pay,0,Unbelievably bad. The product arrived broken and nobody would help me resolve it.
P0064,10064,2024-05-25,Beauty Products,IT Cosmetics CC+ Cream,2,4447.76,8895.52,Google Pay,4,Excellent product that does the job well. Only minor complaints.
P0065,10065,2024-07-06,Beauty Products,Anastasia Beverly Hills Brow Wiz,1,2324.59,2324.59,Credit Card,2,The product has issues that shouldn't exist at this price point. Very underwhelming.
P0066,10066,2024-08-08,Clothing,Vuori Performance Joggers,1,8912.75,8912.75,Credit Card,5,Top-notch quality and performance. This has become an essential part of my daily life.
P0067,10067,2024-12-03,Home Appliances,Vitamix 5200 Blender,1,44584.90,44584.90,PayPal,3,Average quality. Meets basic expectations but doesn't stand out from competitors.
P0068,10068,2024-07-11,Sports,Hydro Flask 32 oz Water Bottle,1,4372.07,4372.07,PayPal,4,Very satisfied customer. The product is well-designed and performs reliably.
P0069,10069,2024-12-01,Books,The Thursday Murder Club by Richard Osman,1,1324.27,1324.27,Credit Card,3,Acceptable quality but there's room for improvement. I've seen better and worse.
P0070,10070,2024-08-24,Sports,Hydro Flask Wide Mouth,3,4597.17,13791.51,Apple Pay,5,Incredible value for the price. The build quality is superb and it works flawlessly.
P0071,10071,2024-08-13,Books,The Power of Now by Eckhart Tolle,2,956.82,1913.64,PayPal,2,Not worth the money. The product feels cheap and doesn't perform as advertised.
P0072,10072,2024-12-18,Electronics,Microsoft Surface Laptop 5,4,122572.10,490288.40,Credit Card,5,Incredible value for the price. The build quality is superb and it works flawlessly.
P0073,10073,2024-03-15,Home Appliances,Bodum French Press,1,2968.31,2968.31,Credit Card,4,I'm impressed with the quality. Not perfect but definitely worth the investment.
P0074,10074,2024-11-13,Clothing,Reformation Odessa Dress,3,22234.16,66702.48,Credit Card,2,Mediocre at best. I would not buy this again or recommend it to anyone.
P0075,10075,2024-01-18,Electronics,Bose QuietComfort Earbuds II,5,29630.83,148154.15,Debit Card,2,Disappointing quality for the price. Expected much better based on the description.
P0076,10076,2024-11-08,Clothing,Nike Air Force 1 Sneakers,3,12077.29,36231.87,Credit Card,5,Five stars! The best purchase I've made this year. Would highly recommend to everyone.
P0077,10077,2024-09-07,Beauty Products,ILIA Super Serum Skin Tint,2,4866.71,9733.42,PayPal,4,Solid quality and reliable performance. I'm satisfied with this purchase and would recommend it.
P0078,10078,2024-11-06,Books,Project Hail Mary by Andy Weir,1,1447.60,1447.60,Credit Card,4,Works great and looks good too. Very pleased with this purchase overall.
P0079,10079,2024-06-23,Clothing,Nike Air Max 270,1,15161.44,15161.44,Credit Card,5,Exceptional product that delivers exactly what it promises. Couldn't be happier!
P0080,10080,2024-12-20,Home Appliances,Shark Robot Vacuum RV1001AE,3,30018.28,90054.84,Credit Card,5,Incredible value for the price. The build quality is superb and it works flawlessly.
P0081,10081,2024-10-03,Sports,RumbleRoller Foam Roller,2,4844.09,9688.18,PayPal,2,Below average. Several issues that make it hard to recommend to others.
P0082,10082,2024-07-12,Beauty Products,First Aid Beauty KP Bump Eraser,2,2779.20,5558.40,Google Pay,0,Do not waste your money. This is the worst product I have ever purchased.
P0083,10083,2024-09-18,Sports,Nike Alphafly 2,1,29046.81,29046.81,Credit Card,5,Outstanding quality and fantastic value. I'm so happy with this purchase.
P0084,10084,2024-11-03,Clothing,Reformation Odessa Dress,4,21464.97,85859.88,Apple Pay,4,Works great and looks good too. Very pleased with this purchase overall.
P0085,10085,2024-05-16,Books,The Song of Achilles by Madeline Miller,1,1169.45,1169.45,Credit Card,5,Life-changing product! I can't imagine going back to anything else now.
P0086,10086,2024-10-09,Sports,Coleman Sundome 4-Person Tent,1,9231.68,9231.68,Debit Card,5,Incredible value for the price. The build quality is superb and it works flawlessly.
P0087,10087,2024-08-25,Clothing,Canada Goose HyBridge Base Hoody,2,39845.79,79691.58,Apple Pay,4,Very good product overall. Works well and meets my expectations. Minor improvements possible.
P0088,10088,2024-02-08,Beauty Products,Drunk Elephant T.L.C. Framboos,2,8885.47,17770.94,Credit Card,5,Absolutely fantastic! The quality far surpasses what I expected at this price point.
P0089,10089,2024-08-14,Sports,Yeti Rambler 26 oz Bottle,1,4038.56,4038.56,Credit Card,5,Outstanding quality and fantastic value. I'm so happy with this purchase.
P0090,10090,2024-02-07,Books,Klara and the Sun by Kazuo Ishiguro,1,1392.99,1392.99,PayPal,5,Best in its category! I've tried competitors and nothing comes close to this.
P0091,10091,2024-05-19,Sports,Garmin Venu 3,2,46194.50,92389.00,Credit Card,5,Top-notch quality and performance. This has become an essential part of my daily life.
P0092,10092,2024-03-01,Sports,Brooks Adrenaline GTS 22,1,13608.51,13608.51,Credit Card,4,Great product with excellent features. Just a few small things keep it from being perfect.
P0093,10093,2024-10-25,Sports,Spalding NBA Street Basketball,1,2417.13,2417.13,Credit Card,4,High quality and durable. Would buy again without hesitation.
P0094,10094,2024-05-02,Clothing,Everlane The Weekender Bag,4,11484.63,45938.52,Debit Card,4,Solid quality and reliable performance. I'm satisfied with this purchase and would recommend it.
P0095,10095,2024-09-22,Electronics,Bose SoundLink Revolve,1,20271.50,20271.50,Credit Card,5,Outstanding quality and fantastic value. I'm so happy with this purchase.
P0096,10096,2024-02-25,Beauty Products,Glow Recipe Avocado Melt Retinol Eye Cream,2,4263.09,8526.18,Credit Card,2,Doesn't live up to the hype. Overpriced for what you actually get.
P0097,10097,2024-07-15,Books,Atomic Habits by James Clear,3,1224.99,3674.97,Credit Card,4,Very good product overall. Works well and meets my expectations. Minor improvements possible.
P0098,10098,2024-09-24,Electronics,Anker 733 Power Bank,4,9726.43,38905.72,Credit Card,5,Five stars! The best purchase I've made this year. Would highly recommend to everyone.
P0099,10099,2024-03-06,Sports,Yeti Tundra 45 Cooler,1,36371.32,36371.32,Apple Pay,3,It's fine. Does what it's supposed to do without any standout features.
P0100,10100,2024-05-08,Clothing,Steve Madden Troopa Boots,2,9099.49,18198.98,Apple Pay,5,Outstanding quality and fantastic value. I'm so happy with this purchase.
P0101,10101,2024-12-26,Clothing,Nike Air Max 270,1,15030.08,15030.08,PayPal,1,Very disappointed. The item arrived damaged and customer service was unhelpful.
P0102,10102,2024-02-06,Books,The Great Gatsby by F. Scott Fitzgerald,2,1009.26,2018.52,Credit Card,4,High quality and durable. Would buy again without hesitation.
P0103,10103,2024-10-23,Beauty Products,Drunk Elephant Protini Polypeptide Cream,4,6790.19,27160.76,Apple Pay,4,Very satisfied customer. The product is well-designed and performs reliably.
P0104,10104,2024-01-14,Books,Circe by Madeline Miller,2,1253.30,2506.60,Credit Card,0,Unbelievably bad. The product arrived broken and nobody would help me resolve it.
P0105,10105,2024-09-01,Clothing,Champion Reverse Weave Hoodie,2,6602.61,13205.22,PayPal,4,High quality and durable. Would buy again without hesitation.
P0106,10106,2024-12-06,Beauty Products,Tatcha The Water Cream,2,6786.63,13573.26,Debit Card,4,Works great and looks good too. Very pleased with this purchase overall.
P0107,10107,2024-05-22,Electronics,Sony Bravia 55 TV,3,158267.14,474801.42,Apple Pay,5,Incredible value for the price. The build quality is superb and it works flawlessly.
P0108,10108,2024-11-18,Electronics,Samsung Galaxy Tab S9,1,79010.80,79010.80,Debit Card,5,Incredible value for the price. The build quality is superb and it works flawlessly.
P0109,10109,2024-12-27,Electronics,iPhone 15 Pro Max,2,159406.34,318812.68,PayPal,5,Absolutely fantastic! The quality far surpasses what I expected at this price point.
P0110,10110,2024-06-25,Sports,Bowflex SelectTech 552 Dumbbells,2,43569.22,87138.44,Credit Card,5,Brilliant product! Works perfectly and is incredibly well-made. Worth every penny.
P0111,10111,2024-12-15,Sports,Nike Yoga Mat,1,6365.73,6365.73,Credit Card,2,Not worth the money. The product feels cheap and doesn't perform as advertised.
P0112,10112,2024-05-01,Sports,Yeti Tundra 45 Cooler,1,36870.74,36870.74,Debit Card,4,Solid quality and reliable performance. I'm satisfied with this purchase and would recommend it.
P0113,10113,2024-10-05,Sports,Bowflex SelectTech 552 Dumbbells,4,42364.25,169457.00,Credit Card,4,High quality and durable. Would buy again without hesitation.
P0114,10114,2024-12-08,Beauty Products,Tower 28 SOS Rescue Facial Spray,2,1976.10,3952.20,Credit Card,4,Great product with excellent features. Just a few small things keep it from being perfect.
P0115,10115,2024-12-09,Beauty Products,Glow Recipe Watermelon Glow,1,3448.52,3448.52,Credit Card,2,Regret this purchase. The quality doesn't match the price tag at all.
P0116,10116,2024-11-27,Sports,Wilson Evolution Basketball,3,5970.79,17912.37,Apple Pay,5,Absolutely fantastic! The quality far surpasses what I expected at this price point.
P0117,10117,2024-11-13,Beauty Products,Tower 28 SOS Rescue Facial Spray,4,2034.13,8136.52,Credit Card,4,Really happy with this. Does exactly what it says and the quality is very good.
P0118,10118,2024-12-14,Electronics,Garmin Forerunner 265,1,44827.20,44827.20,PayPal,4,Great product with excellent features. Just a few small things keep it from being perfect.
P0119,10119,2024-08-02,Home Appliances,Ninja Foodi 8-in-1 Pressure Cooker,1,20007.68,20007.68,Debit Card,1,Returned this immediately. The product was defective and poorly made.
P0120,10120,2024-02-15,Electronics,Google Pixel 8 Pro,2,99360.41,198720.82,PayPal,5,Exceptional product that delivers exactly what it promises. Couldn't be happier!
P0121,10121,2024-05-23,Beauty Products,La Roche-Posay Anthelios Sunscreen,2,2032.00,4064.00,Google Pay,4,I'm impressed with the quality. Not perfect but definitely worth the investment.
P0122,10122,2024-09-25,Sports,Adidas Copa Sense Soccer Ball,4,5337.13,21348.52,Debit Card,5,Exceptional product that delivers exactly what it promises. Couldn't be happier!
P0123,10123,2024-12-24,Electronics,Logitech MX Master 3S Mouse,1,9661.48,9661.48,Debit Card,4,Good value for money. The product is well-made and serves its purpose perfectly.
P0124,10124,2024-12-02,Books,The Song of Achilles by Madeline Miller,3,1175.25,3525.75,Debit Card,4,Really happy with this. Does exactly what it says and the quality is very good.
P0125,10125,2024-08-19,Home Appliances,T-fal Non-Stick Frying Pan,1,2427.10,2427.10,PayPal,4,Really happy with this. Does exactly what it says and the quality is very good.
P0126,10126,2024-08-19,Home Appliances,Breville Smart Oven Air,1,40230.14,40230.14,Apple Pay,5,Absolutely love this product! Exceeded all my expectations and the quality is outstanding.
P0127,10127,2024-12-15,Clothing,Steve Madden Troopa Boots,2,8805.51,17611.02,Apple Pay,1,I regret buying this. It's of very low quality and not worth even a fraction of the price.
P0128,10128,2024-05-14,Clothing,Everlane The Cashmere Crew,1,11758.71,11758.71,PayPal,2,Below average. Several issues that make it hard to recommend to others.
P0129,10129,2024-04-19,Books,The Covenant of Water by Abraham Verghese,2,1739.96,3479.92,Credit Card,5,Incredible value for the price. The build quality is superb and it works flawlessly.
P0130,10130,2024-05-19,Electronics,Bose QuietComfort 45 Headphones,4,33383.97,133535.88,Credit Card,2,Poor experience overall. The product has multiple flaws that affect usability.
P0131,10131,2024-09-12,Clothing,The North Face Aconcagua Jacket,2,20044.34,40088.68,PayPal,3,It's an okay product. Does the basics but nothing extraordinary. Decent for the price.
P0132,10132,2024-05-15,Electronics,iPad Mini,2,50595.69,101191.38,Debit Card,1,Extremely dissatisfied. The product stopped working within the first week.
P0133,10133,2024-11-06,Clothing,Nike Air Force 1 Sneakers,1,12018.35,12018.35,Debit Card,4,Good value for money. The product is well-made and serves its purpose perfectly.
P0134,10134,2024-11-09,Sports,Nike Metcon 8,5,12830.33,64151.65,Debit Card,2,Mediocre at best. I would not buy this again or recommend it to anyone.
P0135,10135,2024-12-05,Clothing,Uniqlo Airism T-Shirt,3,2016.77,6050.31,PayPal,0,Stay away from this product. It's a complete rip-off and doesn't work at all.
P0136,10136,2024-06-26,Beauty Products,Supergoop! Unseen Sunscreen,1,3397.44,3397.44,Apple Pay,5,Exceptional product that delivers exactly what it promises. Couldn't be happier!
P0137,10137,2024-09-27,Books,The Woman in Me by Britney Spears,1,1663.01,1663.01,Credit Card,4,Excellent product that does the job well. Only minor complaints.
P0138,10138,2024-05-20,Clothing,The North Face Recon Backpack,2,9980.43,19960.86,Apple Pay,1,One of the worst purchases I've made. Cheap materials and poor craftsmanship.
P0139,10139,2024-10-04,Home Appliances,Vitamix Immersion Blender,1,9625.10,9625.10,Apple Pay,5,Outstanding quality and fantastic value. I'm so happy with this purchase.
P0140,10140,2024-12-05,Beauty Products,La Mer Creme de la Mer,1,18588.22,18588.22,Google Pay,4,Great product with excellent features. Just a few small things keep it from being perfect.
P0141,10141,2024-12-21,Electronics,Anker 733 Power Bank,3,9968.70,29906.10,Credit Card,5,Top-notch quality and performance. This has become an essential part of my daily life.
P0142,10142,2024-04-15,Clothing,Arc'teryx Beta AR Jacket,3,58460.08,175380.24,Debit Card,4,I'm impressed with the quality. Not perfect but definitely worth the investment.
P0143,10143,2024-01-09,Home Appliances,Weber Smokey Mountain Cooker,5,45082.69,225413.45,Apple Pay,5,Outstanding quality and fantastic value. I'm so happy with this purchase.
P0144,10144,2024-10-20,Electronics,MacBook Air M3,1,113752.21,113752.21,PayPal,2,Poor experience overall. The product has multiple flaws that affect usability.
P0145,10145,2024-01-25,Sports,Yeti Hopper M30 Soft Cooler,1,34393.67,34393.67,Credit Card,5,Brilliant product! Works perfectly and is incredibly well-made. Worth every penny.
P0146,10146,2024-11-20,Electronics,iPhone 15 Pro,1,138817.72,138817.72,PayPal,4,Great product with excellent features. Just a few small things keep it from being perfect.
P0147,10147,2024-02-28,Electronics,Microsoft Surface Laptop 5,1,120863.18,120863.18,Credit Card,4,Very good product overall. Works well and meets my expectations. Minor improvements possible.
P0148,10148,2024-03-02,Home Appliances,Ninja Foodi 8-in-1 Pressure Cooker,2,19931.15,39862.30,Debit Card,4,I'm impressed with the quality. Not perfect but definitely worth the investment.
P0149,10149,2024-08-04,Beauty Products,Kosas Cloud Set Powder,1,3583.27,3583.27,Credit Card,3,Middle of the pack. Not disappointed but not impressed either.
P0150,10150,2024-05-21,Electronics,iPad Pro 12.9,1,129736.19,129736.19,PayPal,4,Solid quality and reliable performance. I'm satisfied with this purchase and would recommend it.
P0151,10151,2024-08-15,Electronics,Kindle Paperwhite Signature,4,18698.27,74793.08,PayPal,5,Exceptional product that delivers exactly what it promises. Couldn't be happier!
P0152,10152,2024-09-19,Sports,Yeti Rambler 20 oz Tumbler,2,3465.06,6930.12,Credit Card,4,High quality and durable. Would buy again without hesitation.
P0153,10153,2024-08-14,Electronics,Anker 733 Power Bank,3,9670.96,29012.88,Google Pay,3,"Mixed feelings about this. Some features are good, others could use improvement."
P0154,10154,2024-07-08,Beauty Products,Olaplex No.4 Bond Maintenance Shampoo,1,2981.66,2981.66,PayPal,3,Decent product for the price. Nothing to write home about but it works.
P0155,10155,2024-07-22,Clothing,Madewell High-Rise Skinny Jeans,1,8714.51,8714.51,Apple Pay,5,Five stars! The best purchase I've made this year. Would highly recommend to everyone.
P0156,10156,2024-02-04,Books,The Woman in Me by Britney Spears,3,1695.72,5087.16,Credit Card,0,Stay away from this product. It's a complete rip-off and doesn't work at all.
P0157,10157,2024-05-04,Beauty Products,Olaplex No. 3 Hair Perfector,1,2817.68,2817.68,PayPal,2,Disappointing quality for the price. Expected much better based on the description.
P0158,10158,2024-12-20,Books,Project Hail Mary by Andy Weir,1,1496.97,1496.97,Credit Card,5,Best in its category! I've tried competitors and nothing comes close to this.
P0159,10159,2024-04-04,Books,The Seven Husbands of Evelyn Hugo by Taylor Jenkins Reid,3,1130.94,3392.82,Credit Card,4,Works great and looks good too. Very pleased with this purchase overall.
P0160,10160,2024-11-25,Sports,REI Co-op Trailbreak 30 Backpack,1,8195.70,8195.70,Credit Card,5,Exceptional product that delivers exactly what it promises. Couldn't be happier!
P0161,10161,2024-10-10,Books,The Alchemist by Paulo Coelho,1,872.99,872.99,PayPal,4,Works great and looks good too. Very pleased with this purchase overall.
P0162,10162,2024-02-24,Electronics,iPad Pro 12.9,1,130137.58,130137.58,PayPal,4,I'm impressed with the quality. Not perfect but definitely worth the investment.
P0163,10163,2024-03-10,Books,The Song of Achilles by Madeline Miller,3,1194.83,3584.49,Debit Card,1,Very disappointed. The item arrived damaged and customer service was unhelpful.
P0164,10164,2024-03-20,Electronics,Bose QuietComfort 45 Headphones,2,32450.13,64900.26,PayPal,4,High quality and durable. Would buy again without hesitation.
P0165,10165,2024-07-07,Sports,Manduka PRO Yoga Mat,1,11849.96,11849.96,Credit Card,3,"Adequate for basic use. If you need something simple, this works fine."
P0166,10166,2024-08-22,Books,The Great Gatsby by F. Scott Fitzgerald,1,983.78,983.78,Credit Card,5,Outstanding quality and fantastic value. I'm so happy with this purchase.
P0167,10167,2024-05-07,Home Appliances,Vitamix 5200 Blender,3,44332.77,132998.31,Debit Card,5,Incredible value for the price. The build quality is superb and it works flawlessly.
P0168,10168,2024-03-13,Sports,Brooks Ghost 15 Running Shoes,2,13990.22,27980.44,Debit Card,5,Absolutely love this product! Exceeded all my expectations and the quality is outstanding.
P0169,10169,2024-07-15,Electronics,Canon EOS R50 Camera,3,68208.64,204625.92,Credit Card,4,Works great and looks good too. Very pleased with this purchase overall.
P0170,10170,2024-05-13,Electronics,MacBook Air M3,5,112637.89,563189.45,Credit Card,4,I'm impressed with the quality. Not perfect but definitely worth the investment.
P0171,10171,2024-02-28,Electronics,Amazon Fire TV Stick 4K,1,5016.61,5016.61,Google Pay,5,Exceptional product that delivers exactly what it promises. Couldn't be happier!
P0172,10172,2024-11-08,Books,The Invisible Life of Addie LaRue by V.E. Schwab,3,964.84,2894.52,Debit Card,4,Really happy with this. Does exactly what it says and the quality is very good.
P0173,10173,2024-12-12,Books,The Seven Husbands of Evelyn Hugo by Taylor Jenkins Reid,2,1161.82,2323.64,PayPal,5,Brilliant product! Works perfectly and is incredibly well-made. Worth every penny.
P0174,10174,2024-04-06,Home Appliances,Ninja Air Fryer XL,3,15039.03,45117.09,PayPal,0,The worst product I've ever owned. Nothing works and the quality is nonexistent.
P0175,10175,2024-07-19,Beauty Products,Glossier Cloud Paint,2,2035.62,4071.24,Credit Card,5,Top-notch quality and performance. This has become an essential part of my daily life.
P0176,10176,2024-03-03,Beauty Products,Sol de Janeiro Bum Bum Cream,1,4436.88,4436.88,Credit Card,4,I'm impressed with the quality. Not perfect but definitely worth the investment.
P0177,10177,2024-08-10,Beauty Products,Summer Fridays Lip Butter Balm,1,2326.46,2326.46,Credit Card,5,Five stars! The best purchase I've made this year. Would highly recommend to everyone.
P0178,10178,2024-09-17,Beauty Products,Neutrogena Skincare Set,1,9019.30,9019.30,Credit Card,4,Very satisfied customer. The product is well-designed and performs reliably.
P0179,10179,2024-10-11,Beauty Products,Anastasia Beverly Hills Brow Wiz,1,2352.89,2352.89,Apple Pay,5,Top-notch quality and performance. This has become an essential part of my daily life.
P0180,10180,2024-12-03,Sports,Hyperice Venom 2 Back Massager,2,19349.74,38699.48,Apple Pay,0,Stay away from this product. It's a complete rip-off and doesn't work at all.
P0181,10181,2024-08-06,Books,Spare by Prince Harry,1,1766.68,1766.68,PayPal,2,Not satisfied with this purchase. The quality is noticeably lacking.
P0182,10182,2024-01-21,Books,The Four Agreements by Don Miguel Ruiz,1,770.78,770.78,PayPal,5,Life-changing product! I can't imagine going back to anything else now.
P0183,10183,2024-12-11,Electronics,Fujifilm Instax Mini 12,2,7328.86,14657.72,Debit Card,5,Incredible value for the price. The build quality is superb and it works flawlessly.
P0184,10184,2024-02-23,Electronics,Xbox Series X,1,49530.78,49530.78,Debit Card,2,The product has issues that shouldn't exist at this price point. Very underwhelming.
P0185,10185,2024-02-22,Beauty Products,Dior Lip Glow Oil,1,3680.45,3680.45,Credit Card,5,Outstanding quality and fantastic value. I'm so happy with this purchase.
P0186,10186,2024-05-25,Sports,Nike Yoga Mat,1,6375.69,6375.69,PayPal,5,Five stars! The best purchase I've made this year. Would highly recommend to everyone.
P0187,10187,2024-08-18,Sports,TRX All-in-One Suspension Kit,1,14843.19,14843.19,Credit Card,5,Incredible value for the price. The build quality is superb and it works flawlessly.
P0188,10188,2024-03-06,Home Appliances,GE Profile Opal Ice Maker,2,53396.92,106793.84,Debit Card,3,"Mixed feelings about this. Some features are good, others could use improvement."
P0189,10189,2024-12-20,Clothing,Spanx Perfect Black Pant,3,9966.87,29900.61,Credit Card,4,Good value for money. The product is well-made and serves its purpose perfectly.
P0190,10190,2024-12-26,Beauty Products,Sol de Janeiro Bum Bum Cream,4,4407.57,17630.28,Credit Card,0,The worst product I've ever owned. Nothing works and the quality is nonexistent.
P0191,10191,2024-11-25,Books,Britt-Marie Was Here by Fredrik Backman,1,1034.92,1034.92,PayPal,2,Not satisfied with this purchase. The quality is noticeably lacking.
P0192,10192,2024-03-09,Electronics,Bose QuietComfort Earbuds II,2,30571.17,61142.34,Google Pay,1,Frustrating experience from start to finish. The product simply doesn't work.
P0193,10193,2024-12-10,Electronics,PlayStation 5 Console,3,49219.74,147659.22,Google Pay,5,Incredible value for the price. The build quality is superb and it works flawlessly.
P0194,10194,2024-02-08,Beauty Products,Kosas Revealer Concealer,4,2862.06,11448.24,PayPal,5,Absolutely fantastic! The quality far surpasses what I expected at this price point.
P0195,10195,2024-06-13,Electronics,Fujifilm Instax Mini 12,1,7277.97,7277.97,Debit Card,2,Subpar performance and build quality. I've had much better products in this category.
P0196,10196,2024-11-05,Electronics,Apple Watch Series 9,1,42729.02,42729.02,PayPal,3,It's fine. Does what it's supposed to do without any standout features.
P0197,10197,2024-07-01,Electronics,Sony A7IV Camera,1,245636.53,245636.53,PayPal,4,Very satisfied customer. The product is well-designed and performs reliably.
P0198,10198,2024-08-04,Clothing,Steve Madden Troopa Boots,1,8786.02,8786.02,Credit Card,4,Very satisfied customer. The product is well-designed and performs reliably.
P0199,10199,2024-07-04,Sports,Bowflex SelectTech 552 Dumbbells,2,41655.30,83310.60,Google Pay,4,Great product with excellent features. Just a few small things keep it from being perfect.
P0200,10200,2024-05-01,Books,Lessons in Chemistry by Bonnie Garmus,1,1383.04,1383.04,Debit Card,4,I'm impressed with the quality. Not perfect but definitely worth the investment.
P0201,10201,2024-01-17,Sports,Hydro Flask Standard Mouth Bottle,1,3386.40,3386.40,Google Pay,5,Best in its category! I've tried competitors and nothing comes close to this.
P0202,10202,2024-01-13,Books,"Tomorrow, and Tomorrow by Gabrielle Zevin",1,1407.91,1407.91,Debit Card,5,Five stars! The best purchase I've made this year. Would highly recommend to everyone.
P0203,10203,2024-11-24,Books,The Invisible Life of Addie LaRue by V.E. Schwab,1,981.23,981.23,Debit Card,2,Not worth the money. The product feels cheap and doesn't perform as advertised.
P0204,10204,2024-11-22,Beauty Products,Summer Fridays Jet Lag Mask,5,2786.41,13932.05,PayPal,2,Below average. Several issues that make it hard to recommend to others.
P0205,10205,2024-10-15,Electronics,Samsung Galaxy Tab S9,1,77713.01,77713.01,Credit Card,1,Extremely dissatisfied. The product stopped working within the first week.
P0206,10206,2024-12-17,Beauty Products,La Roche-Posay Anthelios Sunscreen,5,1995.14,9975.70,Credit Card,5,Outstanding quality and fantastic value. I'm so happy with this purchase.
P0207,10207,2024-05-28,Electronics,Sony WH-1000XM4 Headphones,3,34548.05,103644.15,Debit Card,2,Doesn't live up to the hype. Overpriced for what you actually get.
P0208,10208,2024-12-24,Beauty Products,Augustinus Bader The Rich Cream,4,28296.23,113184.92,PayPal,4,High quality and durable. Would buy again without hesitation.
P0209,10209,2024-06-26,Sports,Fitbit Charge 5,1,14614.60,14614.60,PayPal,5,Life-changing product! I can't imagine going back to anything else now.
P0210,10210,2024-12-06,Sports,Hydro Flask Wide Mouth,1,4382.94,4382.94,Debit Card,3,"It does the job adequately. Not great, not terrible, just middle of the road."
P0211,10211,2024-07-23,Beauty Products,NARS Radiant Creamy Concealer,1,3179.26,3179.26,Apple Pay,5,Top-notch quality and performance. This has become an essential part of my daily life.
P0212,10212,2024-09-14,Clothing,Vuori Performance Joggers,2,8953.90,17907.80,Credit Card,5,Incredible value for the price. The build quality is superb and it works flawlessly.
P0213,10213,2024-06-26,Home Appliances,Zojirushi Bread Maker,5,29259.15,146295.75,Credit Card,3,It's fine. Does what it's supposed to do without any standout features.
P0214,10214,2024-01-03,Clothing,Arc'teryx Beta AR Jacket,3,59419.58,178258.74,PayPal,1,Terrible product. Broke almost immediately and the quality is shockingly bad.
P0215,10215,2024-09-22,Beauty Products,Kosas Revealer Concealer,4,2768.58,11074.32,Debit Card,4,Excellent product that does the job well. Only minor complaints.
P0216,10216,2024-06-11,Clothing,Reformation Odessa Dress,1,21294.39,21294.39,PayPal,4,Works great and looks good too. Very pleased with this purchase overall.
P0217,10217,2024-12-04,Clothing,Birkenstock Arizona Sandals,3,10021.20,30063.60,Credit Card,0,Do not waste your money. This is the worst product I have ever purchased.
P0218,10218,2024-10-16,Clothing,Nike Air Force 1 Sneakers,1,12243.82,12243.82,Apple Pay,5,Best in its category! I've tried competitors and nothing comes close to this.
P0219,10219,2024-12-26,Books,The Silent Patient by Alex Michaelides,2,1002.45,2004.90,Google Pay,4,Good value for money. The product is well-made and serves its purpose perfectly.
P0220,10220,2024-12-23,Home Appliances,LEVOIT Core 300 Air Purifier,3,9905.20,29715.60,Debit Card,0,Zero stars if I could. The product is completely unusable and a total waste of money.
P0221,10221,2024-04-16,Electronics,Microsoft Surface Laptop 5,1,122428.64,122428.64,Apple Pay,2,The product has issues that shouldn't exist at this price point. Very underwhelming.
P0222,10222,2024-02-03,Electronics,Amazon Echo Dot 5th Gen,1,5139.58,5139.58,Apple Pay,4,Works great and looks good too. Very pleased with this purchase overall.
P0223,10223,2024-11-03,Home Appliances,Ninja Foodi 8-in-1 Pressure Cooker,5,20069.95,100349.75,Apple Pay,4,Excellent product that does the job well. Only minor complaints.
P0224,10224,2024-05-27,Sports,Yeti Tundra 45 Cooler,2,36774.61,73549.22,PayPal,4,Very good product overall. Works well and meets my expectations. Minor improvements possible.
P0225,10225,2024-11-17,Home Appliances,Ninja Air Fryer XL,1,14597.80,14597.80,Credit Card,5,Absolutely fantastic! The quality far surpasses what I expected at this price point.
P0226,10226,2024-12-28,Electronics,Sony A7IV Camera,1,251925.05,251925.05,Google Pay,5,Exceptional product that delivers exactly what it promises. Couldn't be happier!
P0227,10227,2024-09-03,Sports,Theragun Prime Percussive Device,2,30064.70,60129.40,Credit Card,5,Life-changing product! I can't imagine going back to anything else now.
P0228,10228,2024-10-20,Books,The Power of Now by Eckhart Tolle,3,943.59,2830.77,Credit Card,5,Life-changing product! I can't imagine going back to anything else now.
P0229,10229,2024-04-07,Beauty Products,Glow Recipe Avocado Melt Retinol Eye Cream,2,4071.91,8143.82,Google Pay,5,Exceptional product that delivers exactly what it promises. Couldn't be happier!
P0230,10230,2024-08-26,Beauty Products,Drunk Elephant T.L.C. Framboos,1,8759.66,8759.66,Credit Card,5,Incredible value for the price. The build quality is superb and it works flawlessly.
P0231,10231,2024-08-07,Books,"Thinking, Fast and Slow by Daniel Kahneman",2,1967.62,3935.24,Debit Card,3,Decent product for the price. Nothing to write home about but it works.
P0232,10232,2024-12-05,Books,The Seven Year Slip by Ashley Poston,1,1064.24,1064.24,Credit Card,4,Good value for money. The product is well-made and serves its purpose perfectly.
P0233,10233,2024-07-05,Electronics,Anker 737 Power Bank,1,11191.28,11191.28,Credit Card,4,Great product with excellent features. Just a few small things keep it from being perfect.
P0234,10234,2024-11-19,Books,The Midnight Library by Matt Haig,1,1312.61,1312.61,Google Pay,4,Good value for money. The product is well-made and serves its purpose perfectly.
P0235,10235,2024-08-03,Beauty Products,The Ordinary Niacinamide 10%,1,606.52,606.52,Credit Card,4,Very good product overall. Works well and meets my expectations. Minor improvements possible.
P0236,10236,2024-01-16,Beauty Products,Sol de Janeiro Bum Bum Cream,1,4357.50,4357.50,Debit Card,4,Good value for money. The product is well-made and serves its purpose perfectly.
P0237,10237,2024-11-25,Beauty Products,Drunk Elephant Protini Polypeptide Cream,1,6749.50,6749.50,Credit Card,4,I'm impressed with the quality. Not perfect but definitely worth the investment.
P0238,10238,2024-09-03,Beauty Products,La Mer Moisturizing Cream,1,19199.83,19199.83,Credit Card,2,Not satisfied with this purchase. The quality is noticeably lacking.
P0239,10239,2024-10-04,Home Appliances,Ninja Foodi 10-in-1 XL,5,24741.49,123707.45,Debit Card,4,I'm impressed with the quality. Not perfect but definitely worth the investment.
P0240,10240,2024-11-07,Sports,RumbleRoller Deep Tissue Roller,1,3879.94,3879.94,Credit Card,5,Top-notch quality and performance. This has become an essential part of my daily life.
P0241,10241,2024-11-17,Beauty Products,Tower 28 SOS Rescue Facial Spray,1,2036.94,2036.94,PayPal,5,Life-changing product! I can't imagine going back to anything else now.
P0242,10242,2024-05-13,Books,Sapiens by Yuval Noah Harari,2,1690.74,3381.48,Google Pay,4,Very satisfied customer. The product is well-designed and performs reliably.
P0243,10243,2024-05-27,Electronics,Google Pixel 8,1,70628.94,70628.94,PayPal,4,Very good product overall. Works well and meets my expectations. Minor improvements possible.
P0244,10244,2024-09-09,Clothing,Lululemon Align Leggings,2,9849.11,19698.22,PayPal,4,Very satisfied customer. The product is well-designed and performs reliably.
P0245,10245,2024-11-13,Home Appliances,Keurig K-Elite Coffee Maker,3,12700.46,38101.38,Credit Card,1,Complete waste of money. The product doesn't work as advertised at all.
P0246,10246,2024-03-15,Books,The Midnight Library by Matt Haig,1,1333.00,1333.00,Credit Card,4,Very satisfied customer. The product is well-designed and performs reliably.
P0247,10247,2024-12-28,Electronics,JBL Charge 5 Speaker,2,17920.07,35840.14,Google Pay,5,Best in its category! I've tried competitors and nothing comes close to this.
P0248,10248,2024-08-11,Home Appliances,Simplehuman Dish Rack,1,8917.69,8917.69,Google Pay,5,Exceptional product that delivers exactly what it promises. Couldn't be happier!
P0249,10249,2024-09-07,Clothing,Zara Dress,1,7893.40,7893.40,Credit Card,2,Poor experience overall. The product has multiple flaws that affect usability.
P0250,10250,2024-10-16,Books,Where the Crawdads Sing by Delia Owens,1,1093.96,1093.96,Credit Card,5,Life-changing product! I can't imagine going back to anything else now.
P0251,10251,2024-10-13,Beauty Products,Supergoop! Unseen Sunscreen,3,3482.47,10447.41,PayPal,5,Exceptional product that delivers exactly what it promises. Couldn't be happier!
P0252,10252,2024-12-03,Books,The Guest List by Lucy Foley,4,898.33,3593.32,Apple Pay,5,Absolutely fantastic! The quality far surpasses what I expected at this price point.
P0253,10253,2024-05-18,Clothing,Carhartt Duck Vest,1,8045.46,8045.46,Credit Card,5,Absolutely love this product! Exceeded all my expectations and the quality is outstanding.
P0254,10254,2024-10-17,Clothing,Uniqlo Airism T-Shirt,2,1936.57,3873.14,PayPal,5,Best in its category! I've tried competitors and nothing comes close to this.
P0255,10255,2024-02-25,Home Appliances,Vitamix 5200 Blender,1,45035.65,45035.65,PayPal,4,High quality and durable. Would buy again without hesitation.
P0256,10256,2024-07-07,Clothing,Steve Madden Troopa Boots,1,9068.70,9068.70,Debit Card,3,"Mixed feelings about this. Some features are good, others could use improvement."
P0257,10257,2024-08-24,Electronics,Apple Watch Series 9,4,41083.11,164332.44,PayPal,1,Terrible product. Broke almost immediately and the quality is shockingly bad.
P0258,10258,2024-12-13,Sports,Peloton Bike,1,146658.86,146658.86,Credit Card,1,Terrible product. Broke almost immediately and the quality is shockingly bad.
P0259,10259,2024-05-20,Electronics,Amazon Fire TV Stick 4K,4,4940.61,19762.44,Apple Pay,0,Stay away from this product. It's a complete rip-off and doesn't work at all.
P0260,10260,2024-08-05,Sports,Hyperice Venom 2 Back Massager,1,19533.22,19533.22,Debit Card,5,Best in its category! I've tried competitors and nothing comes close to this.
P0261,10261,2024-10-23,Home Appliances,Black+Decker 20V Cordless Drill,1,6921.68,6921.68,Credit Card,4,Really happy with this. Does exactly what it says and the quality is very good.
P0262,10262,2024-03-28,Beauty Products,Drunk Elephant T.L.C. Framboos,3,8998.24,26994.72,Debit Card,4,Solid quality and reliable performance. I'm satisfied with this purchase and would recommend it.
P0263,10263,2024-03-05,Beauty Products,Fresh Sugar Lip Treatment,1,2353.87,2353.87,Credit Card,4,High quality and durable. Would buy again without hesitation.
P0264,10264,2024-11-11,Books,The Da Vinci Code by Dan Brown,2,1596.95,3193.90,Credit Card,3,"Mixed feelings about this. Some features are good, others could use improvement."
P0265,10265,2024-01-04,Beauty Products,ILIA Super Serum Skin Tint,1,4762.82,4762.82,Google Pay,1,One of the worst purchases I've made. Cheap materials and poor craftsmanship.
P0266,10266,2024-10-21,Clothing,Re/Done Classic Stretch Jeans,1,18190.14,18190.14,PayPal,4,High quality and durable. Would buy again without hesitation.
P0267,10267,2024-11-20,Books,"Tomorrow, and Tomorrow by Gabrielle Zevin",1,1454.28,1454.28,Apple Pay,3,"Mixed feelings about this. Some features are good, others could use improvement."
P0268,10268,2024-11-22,Electronics,Fujifilm Instax Mini 12,1,7502.66,7502.66,Debit Card,5,Life-changing product! I can't imagine going back to anything else now.
P0269,10269,2024-02-27,Sports,Yeti Rambler 20 oz Tumbler,4,3427.63,13710.52,Google Pay,5,Top-notch quality and performance. This has become an essential part of my daily life.
P0270,10270,2024-12-15,Home Appliances,iRobot Roomba j7+,2,60679.60,121359.20,Apple Pay,5,Absolutely fantastic! The quality far surpasses what I expected at this price point.
P0271,10271,2024-07-02,Beauty Products,Saie Glowy Super Skin Gel,1,3173.81,3173.81,Credit Card,5,Best in its category! I've tried competitors and nothing comes close to this.
P0272,10272,2024-10-10,Electronics,MacBook Air M2,1,101796.82,101796.82,Credit Card,4,Very good product overall. Works well and meets my expectations. Minor improvements possible.
P0273,10273,2024-07-23,Electronics,Beats Studio Pro,1,33979.18,33979.18,Debit Card,0,The worst product I've ever owned. Nothing works and the quality is nonexistent.
P0274,10274,2024-01-14,Home Appliances,T-fal Non-Stick Frying Pan,3,2529.71,7589.13,PayPal,5,Incredible value for the price. The build quality is superb and it works flawlessly.
P0275,10275,2024-07-13,Books,The Heaven & Earth Grocery Store by James McBride,1,1531.49,1531.49,Google Pay,5,Top-notch quality and performance. This has become an essential part of my daily life.
P0276,10276,2024-02-18,Beauty Products,The Ordinary Niacinamide 10%,1,598.07,598.07,Credit Card,2,Disappointing quality for the price. Expected much better based on the description.
P0277,10277,2024-12-15,Sports,Hydro Flask Standard Mouth Bottle,1,3266.17,3266.17,Credit Card,5,Top-notch quality and performance. This has become an essential part of my daily life.
P0278,10278,2024-03-07,Electronics,Dyson V15 Detect Vacuum,1,75619.93,75619.93,Credit Card,2,Disappointing quality for the price. Expected much better based on the description.
P0279,10279,2024-04-03,Electronics,Apple AirTag 4 Pack,2,9868.19,19736.38,Credit Card,5,Absolutely love this product! Exceeded all my expectations and the quality is outstanding.
P0280,10280,2024-06-08,Sports,Hoka Clifton 9,1,14806.23,14806.23,Credit Card,5,Exceptional product that delivers exactly what it promises. Couldn't be happier!
P0281,10281,2024-04-24,Books,The Silent Patient by Alex Michaelides,2,1006.19,2012.38,Debit Card,5,Brilliant product! Works perfectly and is incredibly well-made. Worth every penny.
P0282,10282,2024-12-17,Clothing,The North Face Recon Backpack,1,9766.44,9766.44,Google Pay,1,Very disappointed. The item arrived damaged and customer service was unhelpful.
P0283,10283,2024-09-14,Sports,Coleman Sundome 4-Person Tent,1,9244.75,9244.75,PayPal,2,Subpar performance and build quality. I've had much better products in this category.
P0284,10284,2024-10-14,Home Appliances,OXO Brew Conical Burr Grinder,1,9712.22,9712.22,Google Pay,4,Really happy with this. Does exactly what it says and the quality is very good.
P0285,10285,2024-05-23,Home Appliances,Breville Smart Oven Air,3,40892.89,122678.67,Google Pay,4,Works great and looks good too. Very pleased with this purchase overall.
P0286,10286,2024-09-05,Beauty Products,La Mer Creme de la Mer,1,18072.48,18072.48,Debit Card,1,Extremely dissatisfied. The product stopped working within the first week.
P0287,10287,2024-02-24,Home Appliances,Weber Smokey Mountain Cooker,1,43576.46,43576.46,Credit Card,4,Solid quality and reliable performance. I'm satisfied with this purchase and would recommend it.
P0288,10288,2024-03-25,Sports,Patagonia Black Hole Duffel 40L,1,13657.21,13657.21,Debit Card,5,Absolutely love this product! Exceeded all my expectations and the quality is outstanding.
P0289,10289,2024-04-07,Home Appliances,Shark Navigator Lift-Away Vacuum,2,23249.45,46498.90,Credit Card,3,"Mixed feelings about this. Some features are good, others could use improvement."
P0290,10290,2024-06-08,Sports,Yeti Tundra 45 Cooler,1,37002.01,37002.01,Apple Pay,4,I'm impressed with the quality. Not perfect but definitely worth the investment.
P0291,10291,2024-05-12,Sports,Manduka PRO Yoga Mat,4,11875.73,47502.92,Apple Pay,2,Subpar performance and build quality. I've had much better products in this category.
P0292,10292,2024-12-12,Books,The Midnight Library by Matt Haig,1,1345.03,1345.03,Credit Card,3,It's an okay product. Does the basics but nothing extraordinary. Decent for the price.
P0293,10293,2024-04-19,Beauty Products,Glow Recipe Avocado Melt Retinol Eye Cream,1,4113.62,4113.62,Credit Card,5,Outstanding quality and fantastic value. I'm so happy with this purchase.
P0294,10294,2024-08-21,Books,The Power of Now by Eckhart Tolle,1,958.14,958.14,Apple Pay,4,I'm impressed with the quality. Not perfect but definitely worth the investment.
P0295,10295,2024-03-24,Sports,Hydro Flask Wide Mouth,1,4602.31,4602.31,Google Pay,0,Absolute garbage. The product was broken on arrival and the company refused a refund.
P0296,10296,2024-08-27,Electronics,GoPro HERO12 Black,4,45353.17,181412.68,Credit Card,4,Really happy with this. Does exactly what it says and the quality is very good.
P0297,10297,2024-01-05,Electronics,Samsung Galaxy S24 Ultra,1,129557.14,129557.14,Credit Card,4,Very satisfied customer. The product is well-designed and performs reliably.
P0298,10298,2024-12-22,Sports,Adidas Copa Sense Soccer Ball,1,5500.61,5500.61,PayPal,5,Absolutely fantastic! The quality far surpasses what I expected at this price point.
P0299,10299,2024-10-18,Clothing,Stuart Weitzman Lowland Boots,1,80993.76,80993.76,PayPal,2,Not worth the money. The product feels cheap and doesn't perform as advertised.
P0300,10300,2024-02-04,Sports,Garmin Venu 3,1,44070.06,44070.06,Google Pay,5,Top-notch quality and performance. This has become an essential part of my daily life.
P0301,10301,2024-04-13,Electronics,Sony A7IV Camera,1,248490.97,248490.97,Credit Card,5,Outstanding quality and fantastic value. I'm so happy with this purchase.
P0302,10302,2024-05-27,Electronics,Fujifilm Instax Mini 12,2,7650.98,15301.96,Credit Card,5,Incredible value for the price. The build quality is superb and it works flawlessly.
P0303,10303,2024-06-16,Electronics,AirPods Pro 2nd Gen,2,25203.05,50406.10,Debit Card,4,Works great and looks good too. Very pleased with this purchase overall.
P0304,10304,2024-10-11,Sports,Casio G-Shock DW-6900,5,9245.59,46227.95,Google Pay,1,Awful quality. Fell apart after minimal use. Would never recommend this to anyone.
P0305,10305,2024-04-28,Sports,Apple Watch Series 9,1,40760.06,40760.06,Debit Card,3,"It does the job adequately. Not great, not terrible, just middle of the road."
P0306,10306,2024-12-19,Electronics,iPad Air,1,71369.69,71369.69,Credit Card,0,Unbelievably bad. The product arrived broken and nobody would help me resolve it.
P0307,10307,2024-03-27,Beauty Products,La Roche-Posay Anthelios Sunscreen,4,1966.03,7864.12,Credit Card,5,Incredible value for the price. The build quality is superb and it works flawlessly.
P0308,10308,2024-10-18,Books,A Gentleman in Moscow by Amor Towles,1,1054.96,1054.96,Debit Card,4,I'm impressed with the quality. Not perfect but definitely worth the investment.
P0309,10309,2024-01-14,Clothing,Lululemon Energy Bra,3,5744.53,17233.59,Credit Card,0,A total failure. I had to throw it away after one use. Absolutely unacceptable.
P0310,10310,2024-12-11,Electronics,iPad Pro 12.9,2,132109.97,264219.94,Apple Pay,4,I'm impressed with the quality. Not perfect but definitely worth the investment.
P0311,10311,2024-09-13,Beauty Products,CeraVe Hydrating Facial Cleanser,1,1497.68,1497.68,PayPal,5,Life-changing product! I can't imagine going back to anything else now.
P0312,10312,2024-05-08,Electronics,Kindle Paperwhite Signature,1,18507.89,18507.89,PayPal,3,Decent product for the price. Nothing to write home about but it works.
P0313,10313,2024-06-03,Electronics,iPhone 14 Pro,4,129469.27,517877.08,Credit Card,5,Five stars! The best purchase I've made this year. Would highly recommend to everyone.
P0314,10314,2024-03-15,Sports,REI Co-op Trailbreak 30 Backpack,2,7945.92,15891.84,Credit Card,5,Absolutely fantastic! The quality far surpasses what I expected at this price point.
P0315,10315,2024-02-20,Books,The Song of Achilles by Madeline Miller,3,1155.18,3465.54,PayPal,4,Solid quality and reliable performance. I'm satisfied with this purchase and would recommend it.
P0316,10316,2024-11-18,Clothing,H&M Hoodie,2,2440.64,4881.28,PayPal,5,Exceptional product that delivers exactly what it promises. Couldn't be happier!
P0317,10317,2024-05-16,Home Appliances,Nespresso Vertuo Next,1,15837.68,15837.68,PayPal,5,Five stars! The best purchase I've made this year. Would highly recommend to everyone.
P0318,10318,2024-06-08,Sports,Peloton Bike,2,141860.40,283720.80,Debit Card,5,Absolutely love this product! Exceeded all my expectations and the quality is outstanding.
P0319,10319,2024-12-11,Books,The Thursday Murder Club by Richard Osman,3,1276.81,3830.43,Debit Card,4,Very satisfied customer. The product is well-designed and performs reliably.
P0320,10320,2024-03-11,Clothing,Nike Air Force 1 Sneakers,1,11758.09,11758.09,PayPal,0,Do not waste your money. This is the worst product I have ever purchased.
P0321,10321,2024-11-21,Sports,Spalding NBA Street Basketball,5,2532.13,12660.65,Debit Card,5,Incredible value for the price. The build quality is superb and it works flawlessly.
P0322,10322,2024-06-19,Clothing,Nike Air Force 1 Sneakers,2,12022.83,24045.66,Google Pay,5,Best in its category! I've tried competitors and nothing comes close to this.
P0323,10323,2024-12-07,Beauty Products,SK-II Facial Treatment Essence,3,12126.34,36379.02,Debit Card,2,Doesn't live up to the hype. Overpriced for what you actually get.
P0324,10324,2024-10-05,Books,To Kill a Mockingbird by Harper Lee,1,1302.28,1302.28,PayPal,2,Below average. Several issues that make it hard to recommend to others.
P0325,10325,2024-07-20,Sports,Nike Air Max 270,2,15020.91,30041.82,PayPal,4,I'm impressed with the quality. Not perfect but definitely worth the investment.
P0326,10326,2024-10-26,Sports,Under Armour HOVR Sonic 5,2,11263.26,22526.52,Debit Card,2,Subpar performance and build quality. I've had much better products in this category.
P0327,10327,2024-03-20,Electronics,Garmin Forerunner 265,2,45290.71,90581.42,PayPal,0,Completely defective. The product doesn't function at all and feels like a toy.
P0328,10328,2024-12-14,Electronics,Amazon Fire TV Stick 4K,1,4917.77,4917.77,Google Pay,3,Middle of the pack. Not disappointed but not impressed either.
P0329,10329,2024-09-19,Clothing,The North Face Recon Backpack,1,9835.33,9835.33,Credit Card,3,Works as described but nothing special. Fair value for what you pay.
P0330,10330,2024-06-01,Sports,Nike Alphafly 2,1,28346.37,28346.37,Debit Card,5,Brilliant product! Works perfectly and is incredibly well-made. Worth every penny.
P0331,10331,2024-06-11,Beauty Products,Tower 28 SOS Rescue Facial Spray,3,1992.52,5977.56,Debit Card,4,High quality and durable. Would buy again without hesitation.
P0332,10332,2024-10-15,Books,The Silent Patient by Alex Michaelides,1,962.95,962.95,Debit Card,5,Top-notch quality and performance. This has become an essential part of my daily life.
P0333,10333,2024-10-22,Home Appliances,GE Profile Opal Ice Maker,4,55692.17,222768.68,Google Pay,5,Brilliant product! Works perfectly and is incredibly well-made. Worth every penny.
P0334,10334,2024-05-14,Beauty Products,Summer Fridays Lip Butter Balm,1,2376.38,2376.38,PayPal,5,Incredible value for the price. The build quality is superb and it works flawlessly.
P0335,10335,2024-06-24,Clothing,Nike Air Max 270,1,14926.64,14926.64,Credit Card,3,"Mixed feelings about this. Some features are good, others could use improvement."
P0336,10336,2024-05-23,Electronics,Beats Studio Pro,2,35527.16,71054.32,Google Pay,5,Top-notch quality and performance. This has become an essential part of my daily life.
P0337,10337,2024-03-04,Clothing,Birkenstock Arizona Sandals,2,9893.75,19787.50,Debit Card,4,Very satisfied customer. The product is well-designed and performs reliably.
P0338,10338,2024-06-04,Books,Pachinko by Min Jin Lee,1,1236.86,1236.86,PayPal,2,Regret this purchase. The quality doesn't match the price tag at all.
P0339,10339,2024-12-19,Electronics,Xbox Series X,2,49340.68,98681.36,Credit Card,5,Brilliant product! Works perfectly and is incredibly well-made. Worth every penny.
P0340,10340,2024-06-05,Sports,Yoga Mat Pro,1,5018.87,5018.87,Credit Card,4,Great product with excellent features. Just a few small things keep it from being perfect.
P0341,10341,2024-08-18,Home Appliances,Simplehuman Dish Rack,2,8894.47,17788.94,PayPal,5,Best in its category! I've tried competitors and nothing comes close to this.
P0342,10342,2024-09-28,Books,The Covenant of Water by Abraham Verghese,5,1688.44,8442.20,Credit Card,2,The product has issues that shouldn't exist at this price point. Very underwhelming.
P0343,10343,2024-08-16,Beauty Products,Charlotte Tilbury Flawless Filter,2,4367.78,8735.56,Apple Pay,4,Solid quality and reliable performance. I'm satisfied with this purchase and would recommend it.
P0344,10344,2024-09-26,Clothing,The North Face Aconcagua Jacket,1,19631.17,19631.17,Google Pay,5,Best in its category! I've tried competitors and nothing comes close to this.
P0345,10345,2024-09-25,Sports,Peloton Bike,1,141146.54,141146.54,Debit Card,5,Absolutely fantastic! The quality far surpasses what I expected at this price point.
P0346,10346,2024-11-12,Sports,Hydro Flask 32 oz Water Bottle,3,4366.51,13099.53,Apple Pay,4,Works great and looks good too. Very pleased with this purchase overall.
P0347,10347,2024-02-27,Clothing,Zara Dress,1,8229.37,8229.37,Apple Pay,5,Five stars! The best purchase I've made this year. Would highly recommend to everyone.
P0348,10348,2024-07-04,Clothing,Arc'teryx Atom LT Hoody,1,26269.25,26269.25,Debit Card,2,Not satisfied with this purchase. The quality is noticeably lacking.
P0349,10349,2024-09-06,Home Appliances,Vitamix Immersion Blender,3,10086.24,30258.72,Credit Card,4,Excellent product that does the job well. Only minor complaints.
P0350,10350,2024-05-18,Home Appliances,Simplehuman Sensor Mirror Pro,1,25204.86,25204.86,Credit Card,4,Excellent product that does the job well. Only minor complaints.
P0351,10351,2024-12-22,Electronics,Logitech C920x Webcam,1,8018.54,8018.54,PayPal,1,One of the worst purchases I've made. Cheap materials and poor craftsmanship.
P0352,10352,2024-12-05,Home Appliances,KitchenAid 5-Speed Blender,1,8091.34,8091.34,Credit Card,2,Doesn't live up to the hype. Overpriced for what you actually get.
P0353,10353,2024-08-19,Clothing,Champion Reverse Weave Hoodie,2,6451.32,12902.64,Debit Card,3,Average quality. Meets basic expectations but doesn't stand out from competitors.
P0354,10354,2024-06-24,Clothing,Reformation Odessa Dress,2,22293.53,44587.06,Apple Pay,0,Completely defective. The product doesn't function at all and feels like a toy.
P0355,10355,2024-09-28,Electronics,Logitech MX Keys Keyboard,2,11870.33,23740.66,Debit Card,2,The product has issues that shouldn't exist at this price point. Very underwhelming.
P0356,10356,2024-06-14,Clothing,Patagonia Better Sweater Fleece,1,13752.27,13752.27,Credit Card,5,Life-changing product! I can't imagine going back to anything else now.
P0357,10357,2024-02-28,Sports,Nike Yoga Mat,3,6336.39,19009.17,Credit Card,5,Best in its category! I've tried competitors and nothing comes close to this.
P0358,10358,2024-01-28,Home Appliances,Zojirushi Neuro Fuzzy Rice Cooker,1,24154.01,24154.01,PayPal,5,Brilliant product! Works perfectly and is incredibly well-made. Worth every penny.
P0359,10359,2024-12-10,Home Appliances,Zojirushi Bread Maker,4,30575.61,122302.44,Debit Card,3,"It does the job adequately. Not great, not terrible, just middle of the road."
P0360,10360,2024-02-22,Home Appliances,GE Profile Opal Ice Maker,1,55313.74,55313.74,Credit Card,4,Solid quality and reliable performance. I'm satisfied with this purchase and would recommend it.
P0361,10361,2024-10-01,Clothing,Patagonia Nano Puff Jacket,1,22395.33,22395.33,Credit Card,4,High quality and durable. Would buy again without hesitation.
P0362,10362,2024-01-23,Books,The Hobbit by J.R.R. Tolkien,3,1121.93,3365.79,PayPal,3,It's fine. Does what it's supposed to do without any standout features.
P0363,10363,2024-02-13,Electronics,Oculus Quest 3,2,48709.67,97419.34,Debit Card,5,Exceptional product that delivers exactly what it promises. Couldn't be happier!
P0364,10364,2024-03-25,Home Appliances,KitchenAid Food Processor,2,23143.39,46286.78,Debit Card,4,Very good product overall. Works well and meets my expectations. Minor improvements possible.
P0365,10365,2024-09-06,Beauty Products,Augustinus Bader The Rich Cream,1,27999.50,27999.50,PayPal,1,I regret buying this. It's of very low quality and not worth even a fraction of the price.
P0366,10366,2024-10-28,Clothing,Patagonia Retro-X Fleece,1,17470.90,17470.90,Debit Card,4,Works great and looks good too. Very pleased with this purchase overall.
P0367,10367,2024-06-14,Books,Klara and the Sun by Kazuo Ishiguro,3,1368.97,4106.91,Debit Card,5,Life-changing product! I can't imagine going back to anything else now.
P0368,10368,2024-09-20,Clothing,Spanx Perfect Black Pant,3,9912.00,29736.00,Credit Card,5,Life-changing product! I can't imagine going back to anything else now.
P0369,10369,2024-08-24,Beauty Products,Fenty Beauty Pro Filt'r Foundation,1,3494.05,3494.05,Credit Card,4,Solid quality and reliable performance. I'm satisfied with this purchase and would recommend it.
P0370,10370,2024-04-21,Electronics,Kindle Paperwhite,1,15327.06,15327.06,Debit Card,1,Very disappointed. The item arrived damaged and customer service was unhelpful.
P0371,10371,2024-06-27,Beauty Products,Dior Addict Lip Glow,1,3528.31,3528.31,Apple Pay,0,Worst purchase ever. Nothing about this product works as described. Total scam.
P0372,10372,2024-01-03,Electronics,Google Pixel 8 Pro,1,97141.72,97141.72,Credit Card,1,Do not buy this. The quality is abysmal and it doesn't deliver on any promises.
P0373,10373,2024-08-21,Sports,Barbell Weight Set,3,29762.89,89288.67,PayPal,5,Absolutely fantastic! The quality far surpasses what I expected at this price point.
P0374,10374,2024-08-05,Clothing,Reformation Odessa Dress,1,21249.36,21249.36,Credit Card,0,Zero stars if I could. The product is completely unusable and a total waste of money.
P0375,10375,2024-08-13,Electronics,Amazon Echo Dot 5th Gen,1,4971.28,4971.28,Credit Card,5,Five stars! The best purchase I've made this year. Would highly recommend to everyone.
P0376,10376,2024-12-04,Beauty Products,Saie Glowy Super Skin Gel,2,3104.83,6209.66,PayPal,5,Brilliant product! Works perfectly and is incredibly well-made. Worth every penny.
P0377,10377,2024-10-06,Sports,Peloton Bike+,5,249844.39,1249221.95,Credit Card,5,Brilliant product! Works perfectly and is incredibly well-made. Worth every penny.
P0378,10378,2024-11-28,Clothing,Champion Reverse Weave Hoodie,2,6351.04,12702.08,Credit Card,5,Incredible value for the price. The build quality is superb and it works flawlessly.
P0379,10379,2024-05-03,Clothing,Birkenstock Arizona Sandals,2,9945.53,19891.06,Debit Card,4,Excellent product that does the job well. Only minor complaints.
P0380,10380,2024-06-16,Sports,Apple Watch Series 9,1,41038.48,41038.48,Debit Card,1,Complete waste of money. The product doesn't work as advertised at all.
P0381,10381,2024-04-17,Electronics,iPhone 15 Pro,1,137837.54,137837.54,Credit Card,5,Top-notch quality and performance. This has become an essential part of my daily life.
P0382,10382,2024-06-05,Home Appliances,Lodge Cast Iron Skillet,4,2543.41,10173.64,Google Pay,2,Doesn't live up to the hype. Overpriced for what you actually get.
P0383,10383,2024-04-08,Beauty Products,Glow Recipe Avocado Melt Retinol Eye Cream,4,4144.73,16578.92,Debit Card,4,Solid quality and reliable performance. I'm satisfied with this purchase and would recommend it.
P0384,10384,2024-08-02,Home Appliances,Lodge Cast Iron Skillet,1,2492.36,2492.36,Credit Card,0,Worst purchase ever. Nothing about this product works as described. Total scam.
P0385,10385,2024-12-28,Clothing,Aritzia Tna Butter Hoodie,3,6426.17,19278.51,Debit Card,4,Very good product overall. Works well and meets my expectations. Minor improvements possible.
P0386,10386,2024-06-10,Sports,JBL Endurance RUN Earphones,3,3032.98,9098.94,Credit Card,4,Very satisfied customer. The product is well-designed and performs reliably.
P0387,10387,2024-12-25,Clothing,Levi's 501 Jeans,2,7009.53,14019.06,Credit Card,5,Incredible value for the price. The build quality is superb and it works flawlessly.
P0388,10388,2024-01-18,Books,The Guest List by Lucy Foley,2,900.33,1800.66,Credit Card,0,Absolute garbage. The product was broken on arrival and the company refused a refund.
P0389,10389,2024-11-13,Books,The Great Gatsby by F. Scott Fitzgerald,1,991.77,991.77,Credit Card,4,Very good product overall. Works well and meets my expectations. Minor improvements possible.
P0390,10390,2024-12-05,Clothing,Aritzia Super Puff Shorty,1,25529.38,25529.38,Google Pay,4,I'm impressed with the quality. Not perfect but definitely worth the investment.
P0391,10391,2024-07-24,Electronics,Xbox Series X,2,49916.25,99832.50,PayPal,5,Life-changing product! I can't imagine going back to anything else now.
P0392,10392,2024-01-22,Home Appliances,KitchenAid Artisan Stand Mixer,1,42284.79,42284.79,Debit Card,1,Do not buy this. The quality is abysmal and it doesn't deliver on any promises.
P0393,10393,2024-10-24,Books,Normal People by Sally Rooney,1,1025.77,1025.77,Debit Card,1,Very disappointed. The item arrived damaged and customer service was unhelpful.
P0394,10394,2024-11-19,Electronics,Dyson Airwrap Multi-Styler,1,58693.76,58693.76,Apple Pay,5,Five stars! The best purchase I've made this year. Would highly recommend to everyone.
P0395,10395,2024-08-25,Clothing,Adidas Ultraboost Light,1,18858.44,18858.44,Debit Card,5,Exceptional product that delivers exactly what it promises. Couldn't be happier!
P0396,10396,2024-11-23,Electronics,Apple Watch Ultra 2,1,81609.41,81609.41,PayPal,5,Outstanding quality and fantastic value. I'm so happy with this purchase.
P0397,10397,2024-12-13,Sports,Manduka PRO Yoga Mat,1,11756.37,11756.37,PayPal,5,Incredible value for the price. The build quality is superb and it works flawlessly.
P0398,10398,2024-12-18,Sports,Yeti Rambler 26 oz Bottle,1,3980.91,3980.91,PayPal,5,Absolutely love this product! Exceeded all my expectations and the quality is outstanding.
P0399,10399,2024-11-08,Home Appliances,KitchenAid Artisan Stand Mixer,1,42644.10,42644.10,Debit Card,4,Good value for money. The product is well-made and serves its purpose perfectly.
P0400,10400,2024-12-03,Electronics,MacBook Air M2,5,98088.32,490441.60,Apple Pay,2,Below average. Several issues that make it hard to recommend to others.
P0401,10401,2024-12-27,Books,A Gentleman in Moscow by Amor Towles,1,1067.60,1067.60,Credit Card,5,Life-changing product! I can't imagine going back to anything else now.
P0402,10402,2024-07-24,Beauty Products,Supergoop! Unseen Sunscreen,1,3366.15,3366.15,PayPal,5,Outstanding quality and fantastic value. I'm so happy with this purchase.
P0403,10403,2024-12-09,Clothing,Aritzia Super Puff Shorty,1,24375.06,24375.06,Credit Card,4,Really happy with this. Does exactly what it says and the quality is very good.
P0404,10404,2024-10-16,Beauty Products,Olaplex No. 3 Hair Perfector,4,2786.49,11145.96,Debit Card,5,Brilliant product! Works perfectly and is incredibly well-made. Worth every penny.
P0405,10405,2024-07-21,Sports,TRX All-in-One Suspension Kit,1,15434.38,15434.38,Google Pay,2,Doesn't live up to the hype. Overpriced for what you actually get.
P0406,10406,2024-11-12,Sports,Nike Air Max 270,1,14976.22,14976.22,Credit Card,4,Works great and looks good too. Very pleased with this purchase overall.
P0407,10407,2024-05-01,Books,The Silent Patient by Alex Michaelides,2,962.04,1924.08,Credit Card,5,Best in its category! I've tried competitors and nothing comes close to this.
P0408,10408,2024-08-25,Clothing,Lululemon Wunder Train Leggings,5,9564.88,47824.40,Credit Card,5,Absolutely love this product! Exceeded all my expectations and the quality is outstanding.
P0409,10409,2024-11-08,Beauty Products,La Mer Creme de la Mer,1,18774.50,18774.50,PayPal,5,Life-changing product! I can't imagine going back to anything else now.
P0410,10410,2024-05-24,Books,The Covenant of Water by Abraham Verghese,4,1642.16,6568.64,Debit Card,1,I regret buying this. It's of very low quality and not worth even a fraction of the price.
P0411,10411,2024-03-07,Sports,Spalding TF-1000 Basketball,1,6363.66,6363.66,Credit Card,5,Outstanding quality and fantastic value. I'm so happy with this purchase.
P0412,10412,2024-09-01,Sports,TRX All-in-One Suspension Kit,1,14838.66,14838.66,Credit Card,5,Brilliant product! Works perfectly and is incredibly well-made. Worth every penny.
P0413,10413,2024-05-06,Books,Circe by Madeline Miller,1,1262.73,1262.73,PayPal,2,The product has issues that shouldn't exist at this price point. Very underwhelming.
P0414,10414,2024-12-03,Books,"Tomorrow, and Tomorrow by Gabrielle Zevin",2,1464.11,2928.22,Credit Card,5,Exceptional product that delivers exactly what it promises. Couldn't be happier!
P0415,10415,2024-05-06,Beauty Products,Tatcha The Water Cream,3,6977.67,20933.01,Debit Card,5,Absolutely fantastic! The quality far surpasses what I expected at this price point.
P0416,10416,2024-10-20,Books,Demon Copperhead by Barbara Kingsolver,1,1347.15,1347.15,PayPal,5,Exceptional product that delivers exactly what it promises. Couldn't be happier!
P0417,10417,2024-02-24,Electronics,iPhone 15 Pro Max,4,163280.58,653122.32,PayPal,2,Not satisfied with this purchase. The quality is noticeably lacking.
P0418,10418,2024-01-20,Books,Where the Crawdads Sing by Delia Owens,4,1120.58,4482.32,Credit Card,3,Average quality. Meets basic expectations but doesn't stand out from competitors.
P0419,10419,2024-12-05,Books,A Gentleman in Moscow by Amor Towles,2,1023.65,2047.30,Debit Card,5,Five stars! The best purchase I've made this year. Would highly recommend to everyone.
P0420,10420,2024-11-22,Books,The Four Agreements by Don Miguel Ruiz,1,778.87,778.87,Credit Card,3,Decent product for the price. Nothing to write home about but it works.
P0421,10421,2024-04-04,Electronics,iPhone 15 Pro Max,1,158410.62,158410.62,PayPal,0,A total failure. I had to throw it away after one use. Absolutely unacceptable.
P0422,10422,2024-08-13,Books,The Seven Husbands of Evelyn Hugo by Taylor Jenkins Reid,1,1112.74,1112.74,Apple Pay,2,Not satisfied with this purchase. The quality is noticeably lacking.
P0423,10423,2024-10-22,Clothing,Uniqlo Airism T-Shirt,1,1939.10,1939.10,Credit Card,5,Top-notch quality and performance. This has become an essential part of my daily life.
P0424,10424,2024-04-04,Electronics,Kindle Paperwhite Signature,1,19339.91,19339.91,PayPal,3,Middle of the pack. Not disappointed but not impressed either.
P0425,10425,2024-12-03,Books,The Alchemist by Paulo Coelho,2,896.07,1792.14,Apple Pay,3,Acceptable quality but there's room for improvement. I've seen better and worse.
P0426,10426,2024-12-06,Beauty Products,Paula's Choice 2% BHA Exfoliant,1,3113.68,3113.68,Credit Card,0,A total failure. I had to throw it away after one use. Absolutely unacceptable.
P0427,10427,2024-10-24,Sports,Hoka Clifton 9,1,14300.06,14300.06,Credit Card,5,Incredible value for the price. The build quality is superb and it works flawlessly.
P0428,10428,2024-09-27,Sports,Spalding NBA Street Basketball,1,2469.21,2469.21,PayPal,5,Life-changing product! I can't imagine going back to anything else now.
P0429,10429,2024-07-04,Electronics,Microsoft Surface Laptop 5,1,122910.73,122910.73,Debit Card,4,Solid quality and reliable performance. I'm satisfied with this purchase and would recommend it.
P0430,10430,2024-05-13,Beauty Products,Dr. Jart+ Cicapair Tiger Grass Cream,1,5240.15,5240.15,Debit Card,3,Acceptable quality but there's room for improvement. I've seen better and worse.
P0431,10431,2024-03-13,Books,The Seven Year Slip by Ashley Poston,1,1060.22,1060.22,Apple Pay,4,Really happy with this. Does exactly what it says and the quality is very good.
P0432,10432,2024-11-19,Electronics,JBL Charge 5 Speaker,1,18111.01,18111.01,Debit Card,5,Top-notch quality and performance. This has become an essential part of my daily life.
P0433,10433,2024-11-14,Clothing,Lululemon Align Leggings,2,10000.39,20000.78,Google Pay,4,Excellent product that does the job well. Only minor complaints.
P0434,10434,2024-10-16,Clothing,Arc'teryx Beta AR Jacket,1,58386.76,58386.76,Credit Card,4,Excellent product that does the job well. Only minor complaints.
P0435,10435,2024-11-22,Home Appliances,Keurig K-Elite Coffee Maker,1,13099.06,13099.06,PayPal,1,Very disappointed. The item arrived damaged and customer service was unhelpful.
P0436,10436,2024-12-26,Home Appliances,Shark Steam Mop,1,11845.29,11845.29,PayPal,5,Brilliant product! Works perfectly and is incredibly well-made. Worth every penny.
P0437,10437,2024-11-09,Books,The Silent Patient by Alex Michaelides,4,1014.60,4058.40,Debit Card,5,Absolutely fantastic! The quality far surpasses what I expected at this price point.
P0438,10438,2024-06-11,Clothing,Vuori Ponto Performance Pant,1,8610.25,8610.25,Credit Card,2,Not satisfied with this purchase. The quality is noticeably lacking.
P0439,10439,2024-09-26,Beauty Products,Laneige Lip Sleeping Mask,1,2143.96,2143.96,Credit Card,4,Solid quality and reliable performance. I'm satisfied with this purchase and would recommend it.
P0440,10440,2024-12-19,Electronics,Apple AirTag 4 Pack,3,10118.28,30354.84,Debit Card,1,One of the worst purchases I've made. Cheap materials and poor craftsmanship.
P0441,10441,2024-06-16,Beauty Products,Morphe 35O Nature Glow Palette,1,2555.10,2555.10,PayPal,4,Works great and looks good too. Very pleased with this purchase overall.
P0442,10442,2024-01-11,Clothing,Arc'teryx Atom LT Hoody,1,25861.49,25861.49,Credit Card,1,Terrible product. Broke almost immediately and the quality is shockingly bad.
P0443,10443,2024-05-26,Books,To Kill a Mockingbird by Harper Lee,1,1316.54,1316.54,Debit Card,0,Horrible experience. The item never arrived properly and support was useless.
P0444,10444,2024-03-24,Beauty Products,IT Cosmetics CC+ Cream,3,4342.82,13028.46,PayPal,4,Solid quality and reliable performance. I'm satisfied with this purchase and would recommend it.
P0445,10445,2024-03-07,Beauty Products,Charlotte Tilbury Pillow Talk Lipstick,2,3442.78,6885.56,Debit Card,2,The product has issues that shouldn't exist at this price point. Very underwhelming.
P0446,10446,2024-11-03,Books,Project Hail Mary by Andy Weir,2,1481.36,2962.72,Google Pay,1,Terrible product. Broke almost immediately and the quality is shockingly bad.
P0447,10447,2024-03-27,Clothing,Nike Air Force 1 Sneakers,3,11809.78,35429.34,Apple Pay,5,Top-notch quality and performance. This has become an essential part of my daily life.
P0448,10448,2024-10-09,Books,Happy Place by Emily Henry,3,1140.35,3421.05,Debit Card,3,"Mixed feelings about this. Some features are good, others could use improvement."
P0449,10449,2024-06-20,Beauty Products,Glossier Boy Brow,1,1829.79,1829.79,Credit Card,4,I'm impressed with the quality. Not perfect but definitely worth the investment.
P0450,10450,2024-03-09,Electronics,Logitech MX Master 3S Mouse,1,9832.62,9832.62,PayPal,2,Poor experience overall. The product has multiple flaws that affect usability.
P0451,10451,2024-12-21,Clothing,Uniqlo Airism T-Shirt,2,1962.43,3924.86,PayPal,4,Very good product overall. Works well and meets my expectations. Minor improvements possible.
P0452,10452,2024-07-05,Home Appliances,Simplehuman Dish Rack,2,8637.52,17275.04,Credit Card,4,Good value for money. The product is well-made and serves its purpose perfectly.
P0453,10453,2024-10-23,Clothing,Vuori Performance Joggers,1,8734.78,8734.78,Debit Card,4,Really happy with this. Does exactly what it says and the quality is very good.
P0454,10454,2024-07-22,Sports,Apple Fitness+,3,983.89,2951.67,Debit Card,5,Top-notch quality and performance. This has become an essential part of my daily life.
P0455,10455,2024-09-20,Clothing,Aritzia Tna Butter Hoodie,1,6347.16,6347.16,Debit Card,5,Exceptional product that delivers exactly what it promises. Couldn't be happier!
P0456,10456,2024-10-28,Clothing,Vuori Ponto Performance Pant,1,8506.39,8506.39,Credit Card,5,Absolutely fantastic! The quality far surpasses what I expected at this price point.
P0457,10457,2024-11-02,Beauty Products,Drunk Elephant Protini Polypeptide Cream,2,6863.64,13727.28,Credit Card,3,"It does the job adequately. Not great, not terrible, just middle of the road."
P0458,10458,2024-04-14,Beauty Products,Drunk Elephant T.L.C. Framboos,1,8739.35,8739.35,Credit Card,2,Subpar performance and build quality. I've had much better products in this category.
P0459,10459,2024-11-08,Sports,Brooks Adrenaline GTS 22,2,13969.63,27939.26,Debit Card,4,Great product with excellent features. Just a few small things keep it from being perfect.
P0460,10460,2024-11-18,Home Appliances,T-fal Non-Stick Frying Pan,1,2485.63,2485.63,Credit Card,3,Middle of the pack. Not disappointed but not impressed either.
P0461,10461,2024-11-06,Books,The Four Agreements by Don Miguel Ruiz,2,776.83,1553.66,Credit Card,3,"It does the job adequately. Not great, not terrible, just middle of the road."
P0462,10462,2024-07-11,Books,The Woman in Me by Britney Spears,1,1669.12,1669.12,Debit Card,4,Very satisfied customer. The product is well-designed and performs reliably.
P0463,10463,2024-09-20,Electronics,Kindle Paperwhite,1,14626.92,14626.92,Debit Card,2,Doesn't live up to the hype. Overpriced for what you actually get.
P0464,10464,2024-08-14,Electronics,Bose SoundLink Revolve,4,19483.03,77932.12,Credit Card,5,Life-changing product! I can't imagine going back to anything else now.
P0465,10465,2024-12-15,Home Appliances,Breville Smart Oven Air,1,40416.31,40416.31,Debit Card,4,Great product with excellent features. Just a few small things keep it from being perfect.
P0466,10466,2024-05-02,Electronics,iPhone 14 Pro,1,127634.93,127634.93,PayPal,4,Great product with excellent features. Just a few small things keep it from being perfect.
P0467,10467,2024-08-25,Electronics,Oculus Quest 3,1,49701.53,49701.53,PayPal,4,High quality and durable. Would buy again without hesitation.
P0468,10468,2024-06-02,Sports,Brooks Adrenaline GTS 22,1,13883.48,13883.48,Credit Card,1,Frustrating experience from start to finish. The product simply doesn't work.
P0469,10469,2024-03-22,Electronics,iPhone 14 Pro,2,127942.33,255884.66,Debit Card,5,Five stars! The best purchase I've made this year. Would highly recommend to everyone.
P0470,10470,2024-06-19,Books,1984 by George Orwell,1,1009.24,1009.24,Credit Card,1,Returned this immediately. The product was defective and poorly made.
P0471,10471,2024-11-20,Sports,Garmin Venu 3,1,45945.20,45945.20,PayPal,5,Best in its category! I've tried competitors and nothing comes close to this.
P0472,10472,2024-06-07,Home Appliances,GE Profile Opal Ice Maker,4,56277.57,225110.28,PayPal,5,Outstanding quality and fantastic value. I'm so happy with this purchase.
P0473,10473,2024-11-05,Clothing,Patagonia Better Sweater Fleece,2,13974.80,27949.60,PayPal,5,Absolutely love this product! Exceeded all my expectations and the quality is outstanding.
P0474,10474,2024-06-21,Clothing,Madewell High-Rise Skinny Jeans,3,8965.75,26897.25,Credit Card,0,Worst purchase ever. Nothing about this product works as described. Total scam.
P0475,10475,2024-10-01,Electronics,Sony WH-1000XM4 Headphones,2,34725.73,69451.46,PayPal,5,Exceptional product that delivers exactly what it promises. Couldn't be happier!
P0476,10476,2024-07-05,Clothing,Adidas Ultraboost,2,18130.66,36261.32,Credit Card,4,Solid quality and reliable performance. I'm satisfied with this purchase and would recommend it.
P0477,10477,2024-10-09,Home Appliances,Vitamix 5200 Blender,1,45973.89,45973.89,Google Pay,3,Average quality. Meets basic expectations but doesn't stand out from competitors.
P0478,10478,2024-05-26,Electronics,Amazon Fire TV Stick 4K,1,5022.64,5022.64,Credit Card,2,Poor experience overall. The product has multiple flaws that affect usability.
P0479,10479,2024-06-14,Clothing,Re/Done Classic Stretch Jeans,1,18553.43,18553.43,Credit Card,3,It's fine. Does what it's supposed to do without any standout features.
P0480,10480,2024-05-01,Electronics,Samsung Galaxy S22,2,72937.17,145874.34,Credit Card,3,Works as described but nothing special. Fair value for what you pay.
P0481,10481,2024-12-25,Sports,Yoga Mat Pro,1,5056.94,5056.94,Credit Card,3,It's fine. Does what it's supposed to do without any standout features.
P0482,10482,2024-12-10,Clothing,Ray-Ban Aviator Classic Sunglasses,1,14835.03,14835.03,PayPal,1,One of the worst purchases I've made. Cheap materials and poor craftsmanship.
P0483,10483,2024-06-22,Books,The Midnight Library by Matt Haig,1,1309.12,1309.12,Credit Card,5,Brilliant product! Works perfectly and is incredibly well-made. Worth every penny.
P0484,10484,2024-10-06,Books,The Vanishing Half by Brit Bennett,1,1185.55,1185.55,Credit Card,5,Five stars! The best purchase I've made this year. Would highly recommend to everyone.
P0485,10485,2024-06-11,Home Appliances,Bodum French Press,1,2972.10,2972.10,Apple Pay,5,Incredible value for the price. The build quality is superb and it works flawlessly.
P0486,10486,2024-10-16,Beauty Products,Dior Addict Lip Glow,2,3552.17,7104.34,Debit Card,5,Absolutely love this product! Exceeded all my expectations and the quality is outstanding.
P0487,10487,2024-12-28,Home Appliances,Zojirushi Bread Maker,1,30637.74,30637.74,Apple Pay,2,Mediocre at best. I would not buy this again or recommend it to anyone.
P0488,10488,2024-03-13,Books,The Covenant of Water by Abraham Verghese,2,1726.77,3453.54,PayPal,4,High quality and durable. Would buy again without hesitation.
P0489,10489,2024-02-14,Beauty Products,Augustinus Bader The Rich Cream,1,28082.50,28082.50,Debit Card,5,Absolutely fantastic! The quality far surpasses what I expected at this price point.
P0490,10490,2024-11-19,Sports,Casio G-Shock DW-6900,1,9235.84,9235.84,Debit Card,4,Very satisfied customer. The product is well-designed and performs reliably.
P0491,10491,2024-02-22,Clothing,Zara High-Waisted Trousers,1,4635.09,4635.09,PayPal,5,Absolutely fantastic! The quality far surpasses what I expected at this price point.
P0492,10492,2024-12-20,Electronics,Bose SoundLink Revolve,1,20418.64,20418.64,Google Pay,2,Mediocre at best. I would not buy this again or recommend it to anyone.
P0493,10493,2024-12-03,Sports,Spalding NBA Street Basketball,1,2464.74,2464.74,Credit Card,5,Outstanding quality and fantastic value. I'm so happy with this purchase.
P0494,10494,2024-08-13,Beauty Products,Drunk Elephant Protini Polypeptide Cream,3,6618.42,19855.26,Apple Pay,2,Mediocre at best. I would not buy this again or recommend it to anyone.
P0495,10495,2024-02-16,Beauty Products,Glossier Boy Brow,1,1841.62,1841.62,Credit Card,5,Incredible value for the price. The build quality is superb and it works flawlessly.
P0496,10496,2024-01-18,Electronics,iPhone 15 Pro Max,3,161783.61,485350.83,Credit Card,3,Middle of the pack. Not disappointed but not impressed either.
P0497,10497,2024-09-21,Beauty Products,Tower 28 SOS Rescue Facial Spray,5,1973.68,9868.40,Credit Card,2,Mediocre at best. I would not buy this again or recommend it to anyone.
P0498,10498,2024-05-25,Beauty Products,Morphe 35O Nature Glow Palette,2,2568.76,5137.52,Apple Pay,5,Outstanding quality and fantastic value. I'm so happy with this purchase.
P0499,10499,2024-01-12,Clothing,Columbia Newton Ridge Hiking Boots,1,8921.98,8921.98,Debit Card,5,Brilliant product! Works perfectly and is incredibly well-made. Worth every penny.
P0500,10500,2024-08-27,Beauty Products,Charlotte Tilbury Flawless Filter,1,4419.20,4419.20,Credit Card,5,Incredible value for the price. The build quality is superb and it works flawlessly.
P0501,10501,2024-04-27,Home Appliances,Weber Smokey Mountain Cooker,2,42866.85,85733.70,PayPal,5,Life-changing product! I can't imagine going back to anything else now.
P0502,10502,2024-02-15,Beauty Products,Heritage Store Rosewater Facial Spray,2,1017.10,2034.20,PayPal,0,Absolute garbage. The product was broken on arrival and the company refused a refund.
P0503,10503,2024-08-02,Sports,Yeti Hopper M30 Soft Cooler,4,35701.31,142805.24,Apple Pay,1,Very disappointed. The item arrived damaged and customer service was unhelpful.
P0504,10504,2024-10-06,Home Appliances,Ninja Foodi 10-in-1 XL,1,25135.34,25135.34,Credit Card,1,Frustrating experience from start to finish. The product simply doesn't work.
P0505,10505,2024-12-14,Clothing,Zara High-Waisted Trousers,1,4717.67,4717.67,Credit Card,4,Great product with excellent features. Just a few small things keep it from being perfect.
P0506,10506,2024-03-20,Sports,Manduka PRO Yoga Mat,1,12043.87,12043.87,Debit Card,3,Middle of the pack. Not disappointed but not impressed either.
P0507,10507,2024-09-07,Clothing,Adidas Samba OG,2,9864.47,19728.94,Debit Card,1,Very disappointed. The item arrived damaged and customer service was unhelpful.
P0508,10508,2024-12-21,Home Appliances,Lodge Cast Iron Skillet,1,2519.03,2519.03,Debit Card,3,Decent product for the price. Nothing to write home about but it works.
P0509,10509,2024-09-19,Beauty Products,Glow Recipe Avocado Melt Retinol Eye Cream,2,4289.02,8578.04,Google Pay,5,Incredible value for the price. The build quality is superb and it works flawlessly.
P0510,10510,2024-11-17,Electronics,Amazon Fire TV Stick 4K,1,4883.81,4883.81,Credit Card,5,Brilliant product! Works perfectly and is incredibly well-made. Worth every penny.
P0511,10511,2024-12-22,Clothing,Everlane The Cashmere Crew,1,11587.29,11587.29,Credit Card,5,Absolutely fantastic! The quality far surpasses what I expected at this price point.
P0512,10512,2024-01-27,Beauty Products,Kosas Cloud Set Powder,1,3567.07,3567.07,Google Pay,2,The product has issues that shouldn't exist at this price point. Very underwhelming.
P0513,10513,2024-06-17,Clothing,Steve Madden Troopa Boots,2,8745.64,17491.28,PayPal,4,I'm impressed with the quality. Not perfect but definitely worth the investment.
P0514,10514,2024-12-02,Electronics,Samsung Galaxy S22,2,69930.61,139861.22,Apple Pay,2,Subpar performance and build quality. I've had much better products in this category.
P0515,10515,2024-11-18,Clothing,Levi's 501 Jeans,3,7184.72,21554.16,Credit Card,4,Solid quality and reliable performance. I'm satisfied with this purchase and would recommend it.
P0516,10516,2024-03-06,Sports,Gaiam Premium Yoga Mat,1,2615.86,2615.86,Credit Card,4,Great product with excellent features. Just a few small things keep it from being perfect.
P0517,10517,2024-03-28,Clothing,Madewell High-Rise Skinny Jeans,1,8882.02,8882.02,PayPal,5,Top-notch quality and performance. This has become an essential part of my daily life.
P0518,10518,2024-09-25,Books,The Da Vinci Code by Dan Brown,1,1596.93,1596.93,Debit Card,5,Top-notch quality and performance. This has become an essential part of my daily life.
P0519,10519,2024-08-06,Sports,Apple Fitness+,1,990.31,990.31,PayPal,4,Works great and looks good too. Very pleased with this purchase overall.
P0520,10520,2024-02-08,Clothing,Patagonia Nano Puff Jacket,2,22667.89,45335.78,Credit Card,5,Life-changing product! I can't imagine going back to anything else now.
P0521,10521,2024-08-18,Electronics,Samsung Galaxy S24 Ultra,1,128699.78,128699.78,Credit Card,1,I regret buying this. It's of very low quality and not worth even a fraction of the price.
P0522,10522,2024-12-08,Electronics,Apple Watch Ultra 2,2,79041.57,158083.14,Debit Card,4,Excellent product that does the job well. Only minor complaints.
P0523,10523,2024-10-01,Sports,Gaiam Yoga Block,3,1081.82,3245.46,Google Pay,4,Very good product overall. Works well and meets my expectations. Minor improvements possible.
P0524,10524,2024-05-21,Home Appliances,Shark Steam Mop,1,11601.79,11601.79,Debit Card,5,Absolutely fantastic! The quality far surpasses what I expected at this price point.
P0525,10525,2024-08-21,Electronics,Amazon Echo Dot 5th Gen,1,5028.78,5028.78,Credit Card,2,Doesn't live up to the hype. Overpriced for what you actually get.
P0526,10526,2024-11-07,Sports,Under Armour Sportstyle Shorts,3,3569.29,10707.87,PayPal,3,Average quality. Meets basic expectations but doesn't stand out from competitors.
P0527,10527,2024-11-05,Electronics,Dell XPS 13 Laptop,1,98891.30,98891.30,Debit Card,5,Brilliant product! Works perfectly and is incredibly well-made. Worth every penny.
P0528,10528,2024-11-18,Electronics,Kindle Paperwhite,2,14656.52,29313.04,Credit Card,4,High quality and durable. Would buy again without hesitation.
P0529,10529,2024-09-14,Books,Klara and the Sun by Kazuo Ishiguro,1,1404.45,1404.45,Google Pay,5,Life-changing product! I can't imagine going back to anything else now.
P0530,10530,2024-01-24,Electronics,Sony WH-1000XM5 Headphones,2,38876.78,77753.56,Google Pay,5,Exceptional product that delivers exactly what it promises. Couldn't be happier!
P0531,10531,2024-09-10,Beauty Products,SK-II Facial Treatment Essence,1,12119.80,12119.80,Credit Card,4,Excellent product that does the job well. Only minor complaints.
P0532,10532,2024-04-24,Beauty Products,Fenty Beauty Pro Filt'r Foundation,3,3665.28,10995.84,Credit Card,0,Zero stars if I could. The product is completely unusable and a total waste of money.
P0533,10533,2024-05-26,Books,"Tomorrow, and Tomorrow by Gabrielle Zevin",5,1407.47,7037.35,Google Pay,5,Absolutely love this product! Exceeded all my expectations and the quality is outstanding.
P0534,10534,2024-01-20,Beauty Products,The Ordinary Niacinamide 10%,1,605.82,605.82,Credit Card,5,Top-notch quality and performance. This has become an essential part of my daily life.
P0535,10535,2024-04-21,Sports,Manduka PRO Yoga Mat,1,11674.37,11674.37,Credit Card,2,Poor experience overall. The product has multiple flaws that affect usability.
P0536,10536,2024-02-22,Sports,Apple Watch Series 9,3,42783.39,128350.17,Google Pay,4,Excellent product that does the job well. Only minor complaints.
P0537,10537,2024-02-22,Electronics,Amazon Echo Show 8,1,14629.49,14629.49,Credit Card,4,I'm impressed with the quality. Not perfect but definitely worth the investment.
P0538,10538,2024-06-22,Clothing,Arc'teryx Beta AR Jacket,1,60329.54,60329.54,Credit Card,5,Best in its category! I've tried competitors and nothing comes close to this.
P0539,10539,2024-05-22,Books,1984 by George Orwell,2,969.35,1938.70,Credit Card,5,Top-notch quality and performance. This has become an essential part of my daily life.
P0540,10540,2024-12-06,Electronics,iPhone 14 Pro,1,132126.43,132126.43,PayPal,5,Top-notch quality and performance. This has become an essential part of my daily life.
P0541,10541,2024-03-24,Books,A Gentleman in Moscow by Amor Towles,4,1037.68,4150.72,Debit Card,2,Mediocre at best. I would not buy this again or recommend it to anyone.
P0542,10542,2024-08-06,Electronics,Fujifilm Instax Mini 12,3,7651.21,22953.63,PayPal,1,Awful quality. Fell apart after minimal use. Would never recommend this to anyone.
P0543,10543,2024-04-21,Electronics,Canon EOS R50 Camera,2,69497.44,138994.88,Google Pay,3,"Adequate for basic use. If you need something simple, this works fine."
P0544,10544,2024-09-25,Clothing,Patagonia Better Sweater Fleece,4,13943.03,55772.12,Google Pay,1,Frustrating experience from start to finish. The product simply doesn't work.
P0545,10545,2024-07-25,Home Appliances,OXO Brew Conical Burr Grinder,1,9735.64,9735.64,Credit Card,3,"It does the job adequately. Not great, not terrible, just middle of the road."
P0546,10546,2024-03-17,Sports,Yoga Mat Pro,1,4949.24,4949.24,Credit Card,3,"Adequate for basic use. If you need something simple, this works fine."
P0547,10547,2024-10-25,Sports,Gaiam Premium Yoga Mat,1,2635.00,2635.00,Credit Card,1,Very disappointed. The item arrived damaged and customer service was unhelpful.
P0548,10548,2024-11-16,Books,The Covenant of Water by Abraham Verghese,1,1716.51,1716.51,Credit Card,5,Top-notch quality and performance. This has become an essential part of my daily life.
P0549,10549,2024-04-22,Clothing,Adidas Ultraboost,1,18304.60,18304.60,PayPal,4,High quality and durable. Would buy again without hesitation.
P0550,10550,2024-12-02,Books,Circe by Madeline Miller,1,1326.26,1326.26,Credit Card,2,Regret this purchase. The quality doesn't match the price tag at all.
P0551,10551,2024-09-19,Home Appliances,LEVOIT Core 300 Air Purifier,1,9827.84,9827.84,Credit Card,3,Average quality. Meets basic expectations but doesn't stand out from competitors.
P0552,10552,2024-08-13,Clothing,Uniqlo Ultra Light Down Jacket,1,7919.48,7919.48,Debit Card,4,High quality and durable. Would buy again without hesitation.
P0553,10553,2024-12-01,Sports,Barbell Weight Set,4,29792.18,119168.72,Credit Card,5,Exceptional product that delivers exactly what it promises. Couldn't be happier!
P0554,10554,2024-04-06,Home Appliances,Zojirushi Neuro Fuzzy Rice Cooker,1,25224.65,25224.65,Debit Card,3,Acceptable quality but there's room for improvement. I've seen better and worse.
P0555,10555,2024-11-24,Electronics,Dyson V11 Vacuum,1,49836.57,49836.57,Credit Card,4,Works great and looks good too. Very pleased with this purchase overall.
P0556,10556,2024-01-02,Home Appliances,Ninja Foodi 10-in-1 XL,2,24393.73,48787.46,Google Pay,5,Life-changing product! I can't imagine going back to anything else now.
P0557,10557,2024-03-06,Clothing,Madewell Roadtripper Jumpsuit,4,9809.78,39239.12,PayPal,4,Very satisfied customer. The product is well-designed and performs reliably.
P0558,10558,2024-10-24,Clothing,Spanx Perfect Black Pant,4,9633.36,38533.44,Credit Card,0,The worst product I've ever owned. Nothing works and the quality is nonexistent.
P0559,10559,2024-03-27,Beauty Products,Olaplex No. 3 Hair Perfector,2,2839.32,5678.64,PayPal,3,Middle of the pack. Not disappointed but not impressed either.
P0560,10560,2024-04-24,Books,The Hobbit by J.R.R. Tolkien,4,1096.31,4385.24,Debit Card,5,Incredible value for the price. The build quality is superb and it works flawlessly.
P0561,10561,2024-03-01,Clothing,Nike Dunk Low,1,11259.92,11259.92,PayPal,2,Not satisfied with this purchase. The quality is noticeably lacking.
P0562,10562,2024-02-16,Electronics,Apple Watch Series 9,4,41979.01,167916.04,Debit Card,5,Brilliant product! Works perfectly and is incredibly well-made. Worth every penny.
P0563,10563,2024-12-18,Electronics,iPhone 15 Pro Max,4,161622.26,646489.04,PayPal,4,I'm impressed with the quality. Not perfect but definitely worth the investment.
P0564,10564,2024-12-23,Sports,On Cloud 5,1,14358.01,14358.01,Apple Pay,2,Doesn't live up to the hype. Overpriced for what you actually get.
P0565,10565,2024-06-26,Electronics,Anker 733 Power Bank,1,9754.18,9754.18,Credit Card,1,Complete waste of money. The product doesn't work as advertised at all.
P0566,10566,2024-05-18,Beauty Products,Charlotte Tilbury Flawless Filter,1,4259.74,4259.74,Credit Card,4,Solid quality and reliable performance. I'm satisfied with this purchase and would recommend it.
P0567,10567,2024-08-13,Clothing,Adidas Ultraboost,2,17791.28,35582.56,Debit Card,5,Incredible value for the price. The build quality is superb and it works flawlessly.
P0568,10568,2024-10-09,Clothing,Dr. Martens 1460 Boots,3,14831.66,44494.98,Debit Card,4,Works great and looks good too. Very pleased with this purchase overall.
P0569,10569,2024-11-14,Sports,Yeti Tundra 45 Cooler,3,37450.56,112351.68,Debit Card,4,High quality and durable. Would buy again without hesitation.
P0570,10570,2024-04-10,Books,Maybe You Should Talk to Someone by Lori Gottlieb,3,1232.42,3697.26,PayPal,2,Below average. Several issues that make it hard to recommend to others.
P0571,10571,2024-11-15,Home Appliances,LG Smart Front Load Washer,1,84942.50,84942.50,Debit Card,2,Not satisfied with this purchase. The quality is noticeably lacking.
P0572,10572,2024-10-23,Electronics,Bose QuietComfort Earbuds II,1,30733.44,30733.44,Credit Card,2,Not worth the money. The product feels cheap and doesn't perform as advertised.
P0573,10573,2024-07-20,Beauty Products,Paula's Choice 2% BHA Exfoliant,1,3144.66,3144.66,Debit Card,5,Absolutely love this product! Exceeded all my expectations and the quality is outstanding.
P0574,10574,2024-11-13,Sports,Apple Fitness+,1,1017.53,1017.53,Credit Card,1,Very disappointed. The item arrived damaged and customer service was unhelpful.
P0575,10575,2024-10-15,Electronics,Samsung Galaxy S23,1,80652.10,80652.10,Google Pay,5,Absolutely love this product! Exceeded all my expectations and the quality is outstanding.
P0576,10576,2024-11-17,Sports,Gaiam Yoga Block,2,1097.53,2195.06,Credit Card,5,Absolutely love this product! Exceeded all my expectations and the quality is outstanding.
P0577,10577,2024-12-03,Clothing,Vuori Ponto Performance Pant,3,8325.98,24977.94,PayPal,4,Really happy with this. Does exactly what it says and the quality is very good.
P0578,10578,2024-08-24,Electronics,Google Nest Hub,4,9929.46,39717.84,Google Pay,1,Extremely dissatisfied. The product stopped working within the first week.
P0579,10579,2024-06-27,Clothing,Vuori Ponto Performance Pant,1,8633.38,8633.38,Apple Pay,1,I regret buying this. It's of very low quality and not worth even a fraction of the price.
P0580,10580,2024-01-06,Beauty Products,Charlotte Tilbury Pillow Talk Lipstick,1,3401.93,3401.93,Google Pay,5,Five stars! The best purchase I've made this year. Would highly recommend to everyone.
P0581,10581,2024-11-09,Sports,Under Armour Sportstyle Shorts,3,3505.68,10517.04,Apple Pay,0,Unbelievably bad. The product arrived broken and nobody would help me resolve it.
P0582,10582,2024-08-08,Books,The Alchemist by Paulo Coelho,5,887.80,4439.00,Apple Pay,1,Terrible product. Broke almost immediately and the quality is shockingly bad.
P0583,10583,2024-07-09,Electronics,Amazon Echo Show 8,1,15158.06,15158.06,Credit Card,3,"Mixed feelings about this. Some features are good, others could use improvement."
P0584,10584,2024-11-14,Books,Lessons in Chemistry by Bonnie Garmus,1,1349.11,1349.11,Credit Card,5,Five stars! The best purchase I've made this year. Would highly recommend to everyone.
P0585,10585,2024-06-24,Books,The Hobbit by J.R.R. Tolkien,1,1118.21,1118.21,Apple Pay,5,Outstanding quality and fantastic value. I'm so happy with this purchase.
P0586,10586,2024-12-09,Home Appliances,Bodum French Press,4,3022.85,12091.40,Credit Card,4,Really happy with this. Does exactly what it says and the quality is very good.
P0587,10587,2024-04-08,Clothing,Ray-Ban Aviator Classic Sunglasses,1,14928.92,14928.92,Credit Card,2,Subpar performance and build quality. I've had much better products in this category.
P0588,10588,2024-03-04,Home Appliances,Shark Robot Vacuum RV1001AE,4,30215.41,120861.64,Apple Pay,4,Excellent product that does the job well. Only minor complaints.
P0589,10589,2024-12-28,Sports,Nike Metcon 8,1,12846.14,12846.14,Credit Card,2,Mediocre at best. I would not buy this again or recommend it to anyone.
P0590,10590,2024-03-25,Sports,Yoga Mat Pro,1,4906.79,4906.79,Credit Card,5,Absolutely fantastic! The quality far surpasses what I expected at this price point.
P0591,10591,2024-11-16,Sports,Hoka Clifton 9,1,14357.23,14357.23,PayPal,4,Solid quality and reliable performance. I'm satisfied with this purchase and would recommend it.
P0592,10592,2024-10-15,Books,Klara and the Sun by Kazuo Ishiguro,2,1349.29,2698.58,Credit Card,5,Five stars! The best purchase I've made this year. Would highly recommend to everyone.
P0593,10593,2024-05-20,Clothing,Madewell Roadtripper Jumpsuit,1,9660.56,9660.56,Credit Card,4,Very satisfied customer. The product is well-designed and performs reliably.
P0594,10594,2024-05-06,Sports,Bowflex SelectTech 552 Dumbbells,1,42691.75,42691.75,Debit Card,5,Incredible value for the price. The build quality is superb and it works flawlessly.
P0595,10595,2024-05-06,Home Appliances,KitchenAid 5-Speed Blender,5,8079.17,40395.85,Debit Card,3,"Mixed feelings about this. Some features are good, others could use improvement."
P0596,10596,2024-09-28,Books,Britt-Marie Was Here by Fredrik Backman,1,1058.72,1058.72,PayPal,4,Very good product overall. Works well and meets my expectations. Minor improvements possible.
P0597,10597,2024-03-16,Home Appliances,KitchenAid Food Processor,5,23380.06,116900.30,Google Pay,4,I'm impressed with the quality. Not perfect but definitely worth the investment.
P0598,10598,2024-11-10,Clothing,Everlane The Cashmere Crew,2,11948.43,23896.86,PayPal,5,Brilliant product! Works perfectly and is incredibly well-made. Worth every penny.
P0599,10599,2024-01-27,Clothing,Madewell High-Rise Skinny Jeans,1,8969.35,8969.35,Apple Pay,3,"It does the job adequately. Not great, not terrible, just middle of the road."
P0600,10600,2024-06-18,Sports,REI Co-op Trailbreak 30 Backpack,4,7873.85,31495.40,Credit Card,4,I'm impressed with the quality. Not perfect but definitely worth the investment.
P0601,10601,2024-12-20,Clothing,Nike Air Max 270,2,15124.79,30249.58,Google Pay,5,Exceptional product that delivers exactly what it promises. Couldn't be happier!
P0602,10602,2024-06-22,Sports,Yoga Mat Pro,1,5060.82,5060.82,Debit Card,4,Good value for money. The product is well-made and serves its purpose perfectly.
P0603,10603,2024-07-05,Home Appliances,Ember Temperature Control Mug,2,15283.14,30566.28,PayPal,3,"Adequate for basic use. If you need something simple, this works fine."
P0604,10604,2024-06-03,Electronics,Sony A7IV Camera,1,245824.90,245824.90,Debit Card,3,"It does the job adequately. Not great, not terrible, just middle of the road."
P0605,10605,2024-09-13,Clothing,Carhartt WIP Chase Beanie,4,2847.20,11388.80,Debit Card,3,Middle of the pack. Not disappointed but not impressed either.
P0606,10606,2024-12-14,Home Appliances,Ember Temperature Control Mug,1,14473.65,14473.65,Credit Card,3,Average quality. Meets basic expectations but doesn't stand out from competitors.
P0607,10607,2024-04-13,Electronics,Samsung 55 The Frame TV,1,153828.52,153828.52,Apple Pay,4,Very good product overall. Works well and meets my expectations. Minor improvements possible.
P0608,10608,2024-11-17,Electronics,PlayStation 5 Console,1,50253.60,50253.60,Debit Card,3,Acceptable quality but there's room for improvement. I've seen better and worse.
P0609,10609,2024-05-08,Clothing,Spanx Perfect Black Pant,1,9580.33,9580.33,Google Pay,2,Disappointing quality for the price. Expected much better based on the description.
P0610,10610,2024-01-12,Books,The Song of Achilles by Madeline Miller,3,1187.66,3562.98,Google Pay,1,Frustrating experience from start to finish. The product simply doesn't work.
P0611,10611,2024-07-23,Sports,Hoka Clifton 9,1,14574.84,14574.84,Credit Card,4,Excellent product that does the job well. Only minor complaints.
P0612,10612,2024-05-12,Sports,Nike Metcon 8,1,13227.49,13227.49,Apple Pay,5,Incredible value for the price. The build quality is superb and it works flawlessly.
P0613,10613,2024-04-10,Electronics,Samsung Galaxy S23,1,81411.93,81411.93,PayPal,5,Best in its category! I've tried competitors and nothing comes close to this.
P0614,10614,2024-08-23,Sports,Spalding NBA Street Basketball,4,2486.57,9946.28,Credit Card,2,Regret this purchase. The quality doesn't match the price tag at all.
P0615,10615,2024-09-26,Electronics,iPhone 15,1,78407.01,78407.01,Google Pay,4,Really happy with this. Does exactly what it says and the quality is very good.
P0616,10616,2024-03-24,Beauty Products,Fenty Beauty Foundation,3,3529.82,10589.46,Debit Card,4,Really happy with this. Does exactly what it says and the quality is very good.
P0617,10617,2024-08-26,Clothing,Carhartt Duck Vest,1,8106.46,8106.46,Credit Card,4,Solid quality and reliable performance. I'm satisfied with this purchase and would recommend it.
P0618,10618,2024-03-10,Electronics,HP OfficeJet Pro 8025e,2,15005.25,30010.50,Credit Card,3,It's fine. Does what it's supposed to do without any standout features.
P0619,10619,2024-03-01,Home Appliances,Cuisinart Air Fryer Toaster Oven,1,17937.56,17937.56,PayPal,0,Do not waste your money. This is the worst product I have ever purchased.
P0620,10620,2024-05-23,Beauty Products,SK-II Facial Treatment Essence,2,11699.39,23398.78,PayPal,5,Outstanding quality and fantastic value. I'm so happy with this purchase.
P0621,10621,2024-05-10,Sports,Bowflex SelectTech 552 Dumbbells,5,42806.52,214032.60,Credit Card,5,Brilliant product! Works perfectly and is incredibly well-made. Worth every penny.
P0622,10622,2024-01-25,Beauty Products,Fenty Beauty Pro Filt'r Foundation,1,3583.57,3583.57,Credit Card,1,One of the worst purchases I've made. Cheap materials and poor craftsmanship.
P0623,10623,2024-11-27,Electronics,Samsung Galaxy S22,1,72344.50,72344.50,Credit Card,4,High quality and durable. Would buy again without hesitation.
P0624,10624,2024-04-02,Clothing,Nike Air Max 270,1,15233.73,15233.73,Google Pay,3,"Mixed feelings about this. Some features are good, others could use improvement."
P0625,10625,2024-07-22,Books,Project Hail Mary by Andy Weir,4,1459.48,5837.92,Credit Card,3,Middle of the pack. Not disappointed but not impressed either.
P0626,10626,2024-08-09,Sports,Nike Metcon 8,2,12755.19,25510.38,Credit Card,2,Poor experience overall. The product has multiple flaws that affect usability.
P0627,10627,2024-12-08,Beauty Products,Paula's Choice 2% BHA Exfoliant,1,3126.33,3126.33,Credit Card,4,Works great and looks good too. Very pleased with this purchase overall.
P0628,10628,2024-11-01,Electronics,Garmin Fenix 7,2,90928.91,181857.82,Credit Card,5,Five stars! The best purchase I've made this year. Would highly recommend to everyone.
P0629,10629,2024-04-16,Electronics,Logitech MX Master 3S Mouse,2,9804.02,19608.04,Credit Card,5,Brilliant product! Works perfectly and is incredibly well-made. Worth every penny.
P0630,10630,2024-10-26,Electronics,Amazon Fire TV Stick 4K,1,4909.96,4909.96,Google Pay,2,Subpar performance and build quality. I've had much better products in this category.
P0631,10631,2024-11-15,Home Appliances,Shark Steam Mop,1,11812.73,11812.73,PayPal,5,Absolutely love this product! Exceeded all my expectations and the quality is outstanding.
P0632,10632,2024-08-15,Sports,Patagonia Black Hole Duffel 40L,1,14064.33,14064.33,Credit Card,4,Excellent product that does the job well. Only minor complaints.
P0633,10633,2024-06-24,Beauty Products,Ilia Limitless Lash Mascara,1,2845.47,2845.47,Google Pay,5,Absolutely fantastic! The quality far surpasses what I expected at this price point.
P0634,10634,2024-03-10,Clothing,Birkenstock Arizona Sandals,1,9872.72,9872.72,Google Pay,5,Brilliant product! Works perfectly and is incredibly well-made. Worth every penny.
P0635,10635,2024-12-20,Books,Spare by Prince Harry,3,1761.95,5285.85,Debit Card,3,Middle of the pack. Not disappointed but not impressed either.
P0636,10636,2024-11-07,Sports,Garmin Venu 3,2,45615.89,91231.78,PayPal,4,I'm impressed with the quality. Not perfect but definitely worth the investment.
P0637,10637,2024-06-11,Electronics,HP OfficeJet Pro 8025e,1,15042.05,15042.05,Credit Card,2,Not worth the money. The product feels cheap and doesn't perform as advertised.
P0638,10638,2024-03-02,Clothing,Nike Dunk Low,1,10786.65,10786.65,Credit Card,4,Works great and looks good too. Very pleased with this purchase overall.
P0639,10639,2024-10-17,Clothing,Madewell The Transport Tote,1,16518.49,16518.49,Debit Card,5,Outstanding quality and fantastic value. I'm so happy with this purchase.
P0640,10640,2024-10-27,Electronics,Sony A7IV Camera,1,251982.92,251982.92,Debit Card,4,Works great and looks good too. Very pleased with this purchase overall.
P0641,10641,2024-11-26,Electronics,AirPods Max,3,54128.60,162385.80,Credit Card,3,"It does the job adequately. Not great, not terrible, just middle of the road."
P0642,10642,2024-02-07,Sports,Fitbit Charge 5,1,15192.52,15192.52,Google Pay,4,Really happy with this. Does exactly what it says and the quality is very good.
P0643,10643,2024-08-08,Home Appliances,Lodge Cast Iron Skillet,2,2498.69,4997.38,Debit Card,2,Not satisfied with this purchase. The quality is noticeably lacking.
P0644,10644,2024-06-15,Beauty Products,NARS Radiant Creamy Concealer,4,3126.23,12504.92,PayPal,4,Excellent product that does the job well. Only minor complaints.
P0645,10645,2024-05-06,Sports,Brooks Adrenaline GTS 22,5,13942.16,69710.80,Debit Card,1,Frustrating experience from start to finish. The product simply doesn't work.
P0646,10646,2024-12-11,Books,The Woman in Me by Britney Spears,1,1703.51,1703.51,Debit Card,4,Very satisfied customer. The product is well-designed and performs reliably.
P0647,10647,2024-08-13,Sports,Yeti Rambler 26 oz Bottle,4,3931.13,15724.52,Apple Pay,4,Works great and looks good too. Very pleased with this purchase overall.
P0648,10648,2024-01-02,Clothing,Spanx Perfect Black Pant,2,9810.35,19620.70,Credit Card,5,Outstanding quality and fantastic value. I'm so happy with this purchase.
P0649,10649,2024-04-11,Electronics,MacBook Air M2,3,102557.43,307672.29,Credit Card,1,Frustrating experience from start to finish. The product simply doesn't work.
P0650,10650,2024-09-19,Home Appliances,Philips Airfryer XXL,1,34817.01,34817.01,PayPal,5,Top-notch quality and performance. This has become an essential part of my daily life.
P0651,10651,2024-12-08,Clothing,Lululemon Wunder Train Leggings,1,9682.58,9682.58,Credit Card,4,Really happy with this. Does exactly what it says and the quality is very good.
P0652,10652,2024-11-24,Books,The Song of Achilles by Madeline Miller,3,1166.65,3499.95,Credit Card,2,Below average. Several issues that make it hard to recommend to others.
P0653,10653,2024-09-10,Electronics,Apple Watch Series 9,2,42091.78,84183.56,Debit Card,2,Subpar performance and build quality. I've had much better products in this category.
P0654,10654,2024-06-27,Beauty Products,Paula's Choice 2% BHA Exfoliant,1,3260.40,3260.40,Credit Card,3,"Adequate for basic use. If you need something simple, this works fine."
P0655,10655,2024-12-21,Books,Britt-Marie Was Here by Fredrik Backman,1,1041.52,1041.52,Debit Card,4,Great product with excellent features. Just a few small things keep it from being perfect.
P0656,10656,2024-05-23,Clothing,The North Face Recon Backpack,1,10003.14,10003.14,PayPal,0,Unbelievably bad. The product arrived broken and nobody would help me resolve it.
P0657,10657,2024-09-03,Clothing,The North Face Recon Backpack,1,10070.10,10070.10,PayPal,5,Five stars! The best purchase I've made this year. Would highly recommend to everyone.
P0658,10658,2024-07-24,Electronics,Bose QuietComfort 45 Headphones,1,32431.29,32431.29,PayPal,4,Great product with excellent features. Just a few small things keep it from being perfect.
P0659,10659,2024-11-16,Sports,Patagonia Black Hole Duffel 40L,1,13812.70,13812.70,Credit Card,5,Life-changing product! I can't imagine going back to anything else now.
P0660,10660,2024-12-17,Clothing,Zara Dress,1,7877.94,7877.94,PayPal,5,Life-changing product! I can't imagine going back to anything else now.
P0661,10661,2024-02-22,Beauty Products,Olaplex No.4 Bond Maintenance Shampoo,1,2962.79,2962.79,Debit Card,5,Absolutely love this product! Exceeded all my expectations and the quality is outstanding.
P0662,10662,2024-11-06,Books,The Seven Husbands of Evelyn Hugo by Taylor Jenkins Reid,2,1173.53,2347.06,Apple Pay,3,It's fine. Does what it's supposed to do without any standout features.
P0663,10663,2024-01-27,Clothing,Lululemon Wunder Train Leggings,1,9725.81,9725.81,Debit Card,5,Absolutely love this product! Exceeded all my expectations and the quality is outstanding.
P0664,10664,2024-04-20,Home Appliances,Keurig K-Elite Coffee Maker,3,13147.78,39443.34,Credit Card,5,Five stars! The best purchase I've made this year. Would highly recommend to everyone.
P0665,10665,2024-05-16,Electronics,MacBook Air M2,1,101338.64,101338.64,Credit Card,5,Absolutely fantastic! The quality far surpasses what I expected at this price point.
P0666,10666,2024-11-18,Sports,Nike Alphafly 2,2,29331.54,58663.08,Credit Card,5,Absolutely fantastic! The quality far surpasses what I expected at this price point.
P0667,10667,2024-01-06,Electronics,JBL Flip 6 Speaker,1,13123.83,13123.83,Credit Card,5,Best in its category! I've tried competitors and nothing comes close to this.
P0668,10668,2024-10-01,Electronics,Amazon Echo Show 8,1,14695.55,14695.55,Debit Card,2,Disappointing quality for the price. Expected much better based on the description.
P0669,10669,2024-05-21,Beauty Products,La Mer Moisturizing Cream,1,18764.72,18764.72,Debit Card,1,Returned this immediately. The product was defective and poorly made.
P0670,10670,2024-12-18,Electronics,Oculus Quest 3,1,49901.95,49901.95,Apple Pay,4,Very good product overall. Works well and meets my expectations. Minor improvements possible.
P0671,10671,2024-01-17,Books,1984 by George Orwell,1,983.67,983.67,PayPal,5,Top-notch quality and performance. This has become an essential part of my daily life.
P0672,10672,2024-06-10,Clothing,Arc'teryx Beta AR Jacket,5,61620.04,308100.20,Credit Card,2,Regret this purchase. The quality doesn't match the price tag at all.
P0673,10673,2024-12-27,Electronics,iPad Pro 12.9,4,133400.41,533601.64,Credit Card,5,Incredible value for the price. The build quality is superb and it works flawlessly.
P0674,10674,2024-10-03,Books,Britt-Marie Was Here by Fredrik Backman,1,1051.11,1051.11,Credit Card,4,Very satisfied customer. The product is well-designed and performs reliably.
P0675,10675,2024-03-10,Books,The Vanishing Half by Brit Bennett,1,1163.71,1163.71,PayPal,4,Really happy with this. Does exactly what it says and the quality is very good.
P0676,10676,2024-12-10,Sports,Garmin Venu 3,4,44711.59,178846.36,PayPal,3,"Adequate for basic use. If you need something simple, this works fine."
P0677,10677,2024-12-11,Electronics,Amazon Echo Show 8,2,15301.05,30602.10,Debit Card,5,Brilliant product! Works perfectly and is incredibly well-made. Worth every penny.
P0678,10678,2024-11-25,Books,The Silent Patient by Alex Michaelides,4,984.89,3939.56,PayPal,5,Exceptional product that delivers exactly what it promises. Couldn't be happier!
P0679,10679,2024-03-07,Electronics,Amazon Fire TV Stick 4K,1,4848.14,4848.14,Credit Card,4,Very satisfied customer. The product is well-designed and performs reliably.
P0680,10680,2024-09-08,Clothing,Lululemon Energy Bra,1,5635.08,5635.08,Debit Card,3,It's fine. Does what it's supposed to do without any standout features.
P0681,10681,2024-03-28,Beauty Products,Sol de Janeiro Bum Bum Cream,2,4456.04,8912.08,PayPal,4,Great product with excellent features. Just a few small things keep it from being perfect.
P0682,10682,2024-03-08,Electronics,iPad Air,1,71866.21,71866.21,Credit Card,0,Horrible experience. The item never arrived properly and support was useless.
P0683,10683,2024-11-07,Clothing,Nike Tech Fleece Joggers,1,11271.63,11271.63,Apple Pay,2,Mediocre at best. I would not buy this again or recommend it to anyone.
P0684,10684,2024-10-28,Beauty Products,Heritage Store Rosewater Facial Spray,4,985.70,3942.80,Credit Card,4,Works great and looks good too. Very pleased with this purchase overall.
P0685,10685,2024-10-13,Sports,Under Armour HOVR Sonic 5,1,11237.79,11237.79,Credit Card,4,High quality and durable. Would buy again without hesitation.
P0686,10686,2024-07-02,Clothing,H&M Linen Blend Shirt,1,2971.27,2971.27,Credit Card,4,Excellent product that does the job well. Only minor complaints.
P0687,10687,2024-11-02,Home Appliances,Weber Smokey Mountain Cooker,1,43631.44,43631.44,Credit Card,2,Regret this purchase. The quality doesn't match the price tag at all.
P0688,10688,2024-07-14,Clothing,J.Crew Tippi Sweater,2,7591.53,15183.06,Google Pay,1,Returned this immediately. The product was defective and poorly made.
P0689,10689,2024-11-15,Electronics,Logitech MX Master 3S Mouse,2,9670.22,19340.44,Credit Card,1,Frustrating experience from start to finish. The product simply doesn't work.
P0690,10690,2024-03-14,Books,Circe by Madeline Miller,1,1265.15,1265.15,Credit Card,1,Awful quality. Fell apart after minimal use. Would never recommend this to anyone.
P0691,10691,2024-12-03,Clothing,Everlane The Cashmere Crew,1,12006.08,12006.08,PayPal,3,Average quality. Meets basic expectations but doesn't stand out from competitors.
P0692,10692,2024-02-23,Beauty Products,Kosas Revealer Concealer,2,2720.58,5441.16,PayPal,3,Middle of the pack. Not disappointed but not impressed either.
P0693,10693,2024-09-06,Books,Holly by Stephen King,2,1643.75,3287.50,PayPal,1,I regret buying this. It's of very low quality and not worth even a fraction of the price.
P0694,10694,2024-12-28,Home Appliances,OXO Brew Conical Burr Grinder,1,9688.90,9688.90,Credit Card,4,Good value for money. The product is well-made and serves its purpose perfectly.
P0695,10695,2024-11-15,Clothing,Steve Madden Troopa Boots,2,8783.71,17567.42,PayPal,0,Absolute garbage. The product was broken on arrival and the company refused a refund.
P0696,10696,2024-09-09,Electronics,Samsung Galaxy S22,1,72717.29,72717.29,Google Pay,2,Not satisfied with this purchase. The quality is noticeably lacking.
P0697,10697,2024-12-08,Clothing,Patagonia Retro-X Fleece,2,17873.91,35747.82,PayPal,4,Very satisfied customer. The product is well-designed and performs reliably.
P0698,10698,2024-09-08,Sports,Yeti Rambler 20 oz Tumbler,1,3516.94,3516.94,Credit Card,5,Brilliant product! Works perfectly and is incredibly well-made. Worth every penny.
P0699,10699,2024-01-12,Electronics,Samsung Galaxy Tab S9,1,77658.48,77658.48,Credit Card,2,Regret this purchase. The quality doesn't match the price tag at all.
P0700,10700,2024-05-03,Electronics,Bose QuietComfort 45 Headphones,1,33874.63,33874.63,PayPal,3,"Adequate for basic use. If you need something simple, this works fine."
P0701,10701,2024-10-23,Sports,Stance NBA Socks,1,1585.74,1585.74,Credit Card,5,Absolutely love this product! Exceeded all my expectations and the quality is outstanding.
P0702,10702,2024-02-10,Books,Circe by Madeline Miller,1,1280.63,1280.63,Debit Card,3,Middle of the pack. Not disappointed but not impressed either.
P0703,10703,2024-01-16,Home Appliances,KitchenAid Food Processor,1,23393.83,23393.83,Debit Card,4,Excellent product that does the job well. Only minor complaints.
P0704,10704,2024-04-07,Electronics,AirPods Max,1,55656.73,55656.73,Google Pay,0,The worst product I've ever owned. Nothing works and the quality is nonexistent.
P0705,10705,2024-10-20,Clothing,Steve Madden Troopa Boots,1,9177.60,9177.60,Credit Card,4,Very satisfied customer. The product is well-designed and performs reliably.
P0706,10706,2024-06-05,Sports,JBL Endurance RUN Earphones,1,3031.12,3031.12,Apple Pay,4,Great product with excellent features. Just a few small things keep it from being perfect.
P0707,10707,2024-12-08,Clothing,L.L.Bean Wicked Good Slippers,5,5810.87,29054.35,Credit Card,4,Solid quality and reliable performance. I'm satisfied with this purchase and would recommend it.
P0708,10708,2024-11-07,Beauty Products,Glow Recipe Watermelon Glow,1,3356.19,3356.19,Google Pay,2,Poor experience overall. The product has multiple flaws that affect usability.
P0709,10709,2024-01-07,Clothing,Aritzia Tna Butter Hoodie,1,6331.46,6331.46,Credit Card,4,I'm impressed with the quality. Not perfect but definitely worth the investment.
P0710,10710,2024-11-04,Books,The Invisible Life of Addie LaRue by V.E. Schwab,1,1003.33,1003.33,Credit Card,0,Zero stars if I could. The product is completely unusable and a total waste of money.
P0711,10711,2024-03-27,Books,The Alchemist by Paulo Coelho,4,888.88,3555.52,Apple Pay,2,Not worth the money. The product feels cheap and doesn't perform as advertised.
P0712,10712,2024-07-21,Beauty Products,First Aid Beauty KP Bump Eraser,4,2796.19,11184.76,Debit Card,4,Works great and looks good too. Very pleased with this purchase overall.
P0713,10713,2024-12-02,Sports,Apple Fitness+,1,1003.36,1003.36,Debit Card,4,Very good product overall. Works well and meets my expectations. Minor improvements possible.
P0714,10714,2024-04-22,Books,A Gentleman in Moscow by Amor Towles,3,1064.21,3192.63,Debit Card,5,Brilliant product! Works perfectly and is incredibly well-made. Worth every penny.
P0715,10715,2024-05-01,Books,The Alchemist by Paulo Coelho,5,896.76,4483.80,PayPal,4,Works great and looks good too. Very pleased with this purchase overall.
P0716,10716,2024-03-04,Books,The Great Gatsby by F. Scott Fitzgerald,2,978.98,1957.96,Credit Card,5,Five stars! The best purchase I've made this year. Would highly recommend to everyone.
P0717,10717,2024-08-08,Books,The Woman in Me by Britney Spears,1,1735.70,1735.70,Credit Card,4,Great product with excellent features. Just a few small things keep it from being perfect.
P0718,10718,2024-02-26,Electronics,Apple Watch Series 9,3,42939.17,128817.51,Apple Pay,4,High quality and durable. Would buy again without hesitation.
P0719,10719,2024-12-05,Home Appliances,Weber Smokey Mountain Cooker,1,43856.47,43856.47,Google Pay,5,Top-notch quality and performance. This has become an essential part of my daily life.
P0720,10720,2024-03-28,Electronics,Anker 733 Power Bank,3,10160.19,30480.57,PayPal,5,Absolutely love this product! Exceeded all my expectations and the quality is outstanding.
P0721,10721,2024-07-23,Sports,Garmin inReach Mini 2,1,39447.49,39447.49,Credit Card,3,"Adequate for basic use. If you need something simple, this works fine."
P0722,10722,2024-12-11,Beauty Products,Ilia Limitless Lash Mascara,4,2723.56,10894.24,Credit Card,5,Exceptional product that delivers exactly what it promises. Couldn't be happier!
P0723,10723,2024-10-07,Books,Educated by Tara Westover,1,1303.10,1303.10,Google Pay,5,Best in its category! I've tried competitors and nothing comes close to this.
P0724,10724,2024-10-09,Home Appliances,OXO Brew Conical Burr Grinder,1,9670.99,9670.99,Credit Card,4,Solid quality and reliable performance. I'm satisfied with this purchase and would recommend it.
P0725,10725,2024-04-12,Sports,Yeti Rambler 26 oz Bottle,1,3904.19,3904.19,Credit Card,4,Great product with excellent features. Just a few small things keep it from being perfect.
P0726,10726,2024-02-20,Books,The Alchemist by Paulo Coelho,1,866.01,866.01,Credit Card,4,Very good product overall. Works well and meets my expectations. Minor improvements possible.
P0727,10727,2024-02-02,Electronics,Nintendo Switch OLED,1,34227.79,34227.79,Credit Card,1,Returned this immediately. The product was defective and poorly made.
P0728,10728,2024-09-10,Books,The Invisible Life of Addie LaRue by V.E. Schwab,3,1002.65,3007.95,Google Pay,5,Best in its category! I've tried competitors and nothing comes close to this.
P0729,10729,2024-09-03,Beauty Products,Ilia Limitless Lash Mascara,1,2758.26,2758.26,Apple Pay,4,Really happy with this. Does exactly what it says and the quality is very good.
P0730,10730,2024-03-20,Clothing,Madewell Roadtripper Jumpsuit,4,9736.54,38946.16,Debit Card,2,Subpar performance and build quality. I've had much better products in this category.
P0731,10731,2024-07-01,Electronics,Amazon Echo Dot 5th Gen,1,4945.52,4945.52,Apple Pay,2,Regret this purchase. The quality doesn't match the price tag at all.
P0732,10732,2024-11-20,Home Appliances,Ninja Foodi 10-in-1 XL,1,24759.09,24759.09,Debit Card,5,Five stars! The best purchase I've made this year. Would highly recommend to everyone.
P0733,10733,2024-11-18,Beauty Products,Summer Fridays Lip Butter Balm,1,2377.59,2377.59,Credit Card,5,Brilliant product! Works perfectly and is incredibly well-made. Worth every penny.
P0734,10734,2024-12-13,Electronics,Amazon Echo Dot 5th Gen,1,5083.99,5083.99,Credit Card,4,Works great and looks good too. Very pleased with this purchase overall.
P0735,10735,2024-09-11,Sports,Hydro Flask Standard Mouth Bottle,2,3225.47,6450.94,Debit Card,3,"Adequate for basic use. If you need something simple, this works fine."
P0736,10736,2024-11-04,Beauty Products,Summer Fridays Jet Lag Mask,1,2722.65,2722.65,Apple Pay,5,Incredible value for the price. The build quality is superb and it works flawlessly.
P0737,10737,2024-02-04,Books,The Thursday Murder Club by Richard Osman,1,1301.22,1301.22,Credit Card,5,Brilliant product! Works perfectly and is incredibly well-made. Worth every penny.
P0738,10738,2024-12-25,Electronics,iPhone 15 Pro Max,3,160534.81,481604.43,Apple Pay,4,Works great and looks good too. Very pleased with this purchase overall.
P0739,10739,2024-09-15,Clothing,Levi's 501 Jeans,1,7148.29,7148.29,Credit Card,4,Good value for money. The product is well-made and serves its purpose perfectly.
P0740,10740,2024-12-14,Books,Maybe You Should Talk to Someone by Lori Gottlieb,5,1246.15,6230.75,Credit Card,0,A total failure. I had to throw it away after one use. Absolutely unacceptable.
P0741,10741,2024-11-28,Clothing,J.Crew Tippi Sweater,1,7987.70,7987.70,Credit Card,5,Absolutely fantastic! The quality far surpasses what I expected at this price point.
P0742,10742,2024-11-12,Electronics,HP OfficeJet Pro 8025e,3,15226.92,45680.76,Credit Card,4,Very satisfied customer. The product is well-designed and performs reliably.
P0743,10743,2024-06-11,Books,Britt-Marie Was Here by Fredrik Backman,1,1035.96,1035.96,Credit Card,3,It's fine. Does what it's supposed to do without any standout features.
P0744,10744,2024-03-18,Beauty Products,Neutrogena Skincare Set,3,8914.64,26743.92,PayPal,5,Brilliant product! Works perfectly and is incredibly well-made. Worth every penny.
P0745,10745,2024-03-03,Electronics,Google Pixel 8,1,71514.22,71514.22,PayPal,0,Zero stars if I could. The product is completely unusable and a total waste of money.
P0746,10746,2024-02-21,Beauty Products,Glow Recipe Watermelon Glow,3,3470.05,10410.15,Credit Card,1,I regret buying this. It's of very low quality and not worth even a fraction of the price.
P0747,10747,2024-03-17,Beauty Products,Chanel Coco Mademoiselle,2,11455.56,22911.12,Debit Card,5,Incredible value for the price. The build quality is superb and it works flawlessly.
P0748,10748,2024-09-19,Sports,Bowflex SelectTech 552 Dumbbells,3,42222.39,126667.17,Google Pay,5,Absolutely fantastic! The quality far surpasses what I expected at this price point.
P0749,10749,2024-09-02,Electronics,Apple Watch Series 9,2,42415.07,84830.14,Debit Card,4,Solid quality and reliable performance. I'm satisfied with this purchase and would recommend it.
P0750,10750,2024-03-24,Sports,TRX All-in-One Suspension Kit,5,15425.01,77125.05,Credit Card,4,Solid quality and reliable performance. I'm satisfied with this purchase and would recommend it.
P0751,10751,2024-08-20,Electronics,Oculus Quest 3,1,50291.20,50291.20,Debit Card,3,Middle of the pack. Not disappointed but not impressed either.
P0752,10752,2024-11-10,Electronics,Bose SoundLink Revolve,4,19941.83,79767.32,Credit Card,4,Excellent product that does the job well. Only minor complaints.
P0753,10753,2024-12-19,Books,A Gentleman in Moscow by Amor Towles,1,1068.74,1068.74,Credit Card,5,Absolutely love this product! Exceeded all my expectations and the quality is outstanding.
P0754,10754,2024-10-20,Books,To Kill a Mockingbird by Harper Lee,2,1294.93,2589.86,Credit Card,3,"Adequate for basic use. If you need something simple, this works fine."
P0755,10755,2024-03-02,Clothing,Columbia Newton Ridge Hiking Boots,3,9057.06,27171.18,Credit Card,4,Great product with excellent features. Just a few small things keep it from being perfect.
P0756,10756,2024-08-28,Clothing,Reformation Odessa Dress,1,21951.46,21951.46,Credit Card,2,Disappointing quality for the price. Expected much better based on the description.
P0757,10757,2024-11-20,Home Appliances,LEVOIT Core 300 Air Purifier,4,10041.95,40167.80,Apple Pay,5,Brilliant product! Works perfectly and is incredibly well-made. Worth every penny.
P0758,10758,2024-04-23,Clothing,Arc'teryx Beta AR Jacket,1,60975.94,60975.94,Credit Card,5,Five stars! The best purchase I've made this year. Would highly recommend to everyone.
P0759,10759,2024-12-20,Home Appliances,Ninja Air Fryer XL,3,15125.97,45377.91,PayPal,2,Poor experience overall. The product has multiple flaws that affect usability.
P0760,10760,2024-10-24,Home Appliances,Ember Temperature Control Mug,1,15109.52,15109.52,Debit Card,5,Exceptional product that delivers exactly what it promises. Couldn't be happier!
P0761,10761,2024-11-04,Electronics,Bose QuietComfort Earbuds II,1,29718.35,29718.35,Credit Card,4,Excellent product that does the job well. Only minor complaints.
P0762,10762,2024-04-22,Beauty Products,Fenty Beauty Foundation,1,3513.57,3513.57,PayPal,5,Best in its category! I've tried competitors and nothing comes close to this.
P0763,10763,2024-06-11,Sports,On Cloud 5,2,13604.73,27209.46,Google Pay,3,Acceptable quality but there's room for improvement. I've seen better and worse.
P0764,10764,2024-09-21,Clothing,Carhartt Duck Vest,1,7878.34,7878.34,Debit Card,5,Life-changing product! I can't imagine going back to anything else now.
P0765,10765,2024-06-25,Clothing,Canada Goose HyBridge Base Hoody,2,39710.28,79420.56,Credit Card,4,Great product with excellent features. Just a few small things keep it from being perfect.
P0766,10766,2024-05-01,Electronics,Samsung Galaxy S24 Ultra,3,126096.23,378288.69,Debit Card,4,High quality and durable. Would buy again without hesitation.
P0767,10767,2024-06-24,Clothing,Spanx Perfect Black Pant,1,9526.02,9526.02,Credit Card,5,Life-changing product! I can't imagine going back to anything else now.
P0768,10768,2024-10-27,Clothing,Patagonia Retro-X Fleece,5,18048.30,90241.50,Debit Card,5,Life-changing product! I can't imagine going back to anything else now.
P0769,10769,2024-02-22,Sports,Casio G-Shock DW-6900,3,8819.96,26459.88,Debit Card,3,"It does the job adequately. Not great, not terrible, just middle of the road."
P0770,10770,2024-05-22,Electronics,GoPro HERO12 Black,2,46038.74,92077.48,Credit Card,2,Subpar performance and build quality. I've had much better products in this category.
P0771,10771,2024-04-25,Electronics,Kindle Paperwhite Signature,1,18403.75,18403.75,PayPal,5,Absolutely love this product! Exceeded all my expectations and the quality is outstanding.
P0772,10772,2024-04-27,Clothing,Ray-Ban Aviator Classic Sunglasses,1,14807.29,14807.29,Credit Card,4,Great product with excellent features. Just a few small things keep it from being perfect.
P0773,10773,2024-10-04,Home Appliances,Breville Smart Oven Air,1,39735.42,39735.42,Credit Card,3,It's fine. Does what it's supposed to do without any standout features.
P0774,10774,2024-10-04,Electronics,iPad Mini,1,50113.61,50113.61,Credit Card,2,Disappointing quality for the price. Expected much better based on the description.
P0775,10775,2024-12-05,Electronics,iPhone 15 Pro Max,4,160570.34,642281.36,Credit Card,5,Top-notch quality and performance. This has become an essential part of my daily life.
P0776,10776,2024-12-19,Electronics,iPhone 15 Pro,1,138460.64,138460.64,Apple Pay,4,Works great and looks good too. Very pleased with this purchase overall.
P0777,10777,2024-11-25,Electronics,Google Nest Hub,1,9604.96,9604.96,Apple Pay,5,Absolutely fantastic! The quality far surpasses what I expected at this price point.
P0778,10778,2024-12-12,Books,The Invisible Life of Addie LaRue by V.E. Schwab,2,984.10,1968.20,Debit Card,5,Top-notch quality and performance. This has become an essential part of my daily life.
P0779,10779,2024-02-15,Clothing,L.L.Bean Wicked Good Slippers,2,5873.78,11747.56,Credit Card,0,Horrible experience. The item never arrived properly and support was useless.
P0780,10780,2024-05-13,Electronics,Amazon Fire TV Stick 4K,2,4947.86,9895.72,Debit Card,1,Returned this immediately. The product was defective and poorly made.
P0781,10781,2024-11-05,Electronics,Samsung Galaxy Tab S9,1,80953.43,80953.43,Credit Card,5,Incredible value for the price. The build quality is superb and it works flawlessly.
P0782,10782,2024-01-18,Books,The Great Gatsby by F. Scott Fitzgerald,1,1017.62,1017.62,Apple Pay,0,Absolute garbage. The product was broken on arrival and the company refused a refund.
P0783,10783,2024-01-02,Books,The Power of Now by Eckhart Tolle,3,914.21,2742.63,Debit Card,5,Absolutely fantastic! The quality far surpasses what I expected at this price point.
P0784,10784,2024-07-22,Sports,Under Armour HOVR Sonic 5,1,11042.32,11042.32,Debit Card,5,Brilliant product! Works perfectly and is incredibly well-made. Worth every penny.
P0785,10785,2024-08-01,Beauty Products,Dr. Jart+ Cicapair Tiger Grass Cream,4,5226.86,20907.44,Credit Card,3,Works as described but nothing special. Fair value for what you pay.
P0786,10786,2024-01-21,Electronics,Bose QuietComfort 45 Headphones,4,33533.14,134132.56,Debit Card,4,Great product with excellent features. Just a few small things keep it from being perfect.
P0787,10787,2024-11-03,Electronics,Amazon Fire TV Stick 4K,1,5018.44,5018.44,Credit Card,5,Outstanding quality and fantastic value. I'm so happy with this purchase.
P0788,10788,2024-07-26,Beauty Products,La Roche-Posay Cicaplast Baume,1,1738.25,1738.25,Credit Card,4,I'm impressed with the quality. Not perfect but definitely worth the investment.
P0789,10789,2024-11-26,Clothing,Patagonia Nano Puff Jacket,3,23027.90,69083.70,Debit Card,5,Exceptional product that delivers exactly what it promises. Couldn't be happier!
P0790,10790,2024-03-14,Home Appliances,Simplehuman Sensor Mirror Pro,2,24979.79,49959.58,Apple Pay,5,Life-changing product! I can't imagine going back to anything else now.
P0791,10791,2024-01-04,Books,The Heaven & Earth Grocery Store by James McBride,3,1446.70,4340.10,Apple Pay,5,Absolutely love this product! Exceeded all my expectations and the quality is outstanding.
P0792,10792,2024-03-03,Clothing,Spanx Perfect Black Pant,1,9980.76,9980.76,Apple Pay,3,"Mixed feelings about this. Some features are good, others could use improvement."
P0793,10793,2024-03-09,Sports,Garmin inReach Mini 2,1,39275.77,39275.77,PayPal,4,Very good product overall. Works well and meets my expectations. Minor improvements possible.
P0794,10794,2024-09-23,Sports,Bowflex SelectTech 552 Dumbbells,2,41839.57,83679.14,Credit Card,5,Absolutely love this product! Exceeded all my expectations and the quality is outstanding.
P0795,10795,2024-09-07,Home Appliances,Shark Navigator Lift-Away Vacuum,5,23555.11,117775.55,Credit Card,5,Absolutely fantastic! The quality far surpasses what I expected at this price point.
P0796,10796,2024-08-15,Clothing,Adidas Ultraboost Light,1,18552.68,18552.68,PayPal,3,It's fine. Does what it's supposed to do without any standout features.
P0797,10797,2024-08-06,Electronics,Garmin Forerunner 265,1,44534.14,44534.14,Credit Card,4,I'm impressed with the quality. Not perfect but definitely worth the investment.
P0798,10798,2024-09-25,Beauty Products,Saie Glowy Super Skin Gel,1,3236.02,3236.02,Google Pay,5,Absolutely love this product! Exceeded all my expectations and the quality is outstanding.
P0799,10799,2024-08-04,Electronics,Kindle Paperwhite,4,15097.93,60391.72,Credit Card,4,Works great and looks good too. Very pleased with this purchase overall.
P0800,10800,2024-03-22,Books,The Song of Achilles by Madeline Miller,1,1162.16,1162.16,Credit Card,5,Incredible value for the price. The build quality is superb and it works flawlessly.
P0801,10801,2024-12-13,Clothing,The North Face Aconcagua Jacket,1,20001.60,20001.60,Credit Card,1,Very disappointed. The item arrived damaged and customer service was unhelpful.
P0802,10802,2024-04-20,Beauty Products,Saie Glowy Super Skin Gel,1,3165.79,3165.79,Apple Pay,3,Decent product for the price. Nothing to write home about but it works.
P0803,10803,2024-12-07,Books,The Four Agreements by Don Miguel Ruiz,1,799.11,799.11,Credit Card,5,Five stars! The best purchase I've made this year. Would highly recommend to everyone.
P0804,10804,2024-12-15,Beauty Products,Laneige Lip Sleeping Mask,1,2169.45,2169.45,Credit Card,4,Very satisfied customer. The product is well-designed and performs reliably.
P0805,10805,2024-12-19,Sports,Yeti Hopper M30 Soft Cooler,3,34121.84,102365.52,Google Pay,4,Really happy with this. Does exactly what it says and the quality is very good.
P0806,10806,2024-09-27,Beauty Products,Summer Fridays Lip Butter Balm,1,2422.98,2422.98,Credit Card,5,Incredible value for the price. The build quality is superb and it works flawlessly.
P0807,10807,2024-09-19,Home Appliances,OXO Brew Conical Burr Grinder,4,10136.56,40546.24,PayPal,0,Absolute garbage. The product was broken on arrival and the company refused a refund.
P0808,10808,2024-12-24,Sports,Hyperice Venom 2 Back Massager,1,19937.16,19937.16,Apple Pay,2,Below average. Several issues that make it hard to recommend to others.
P0809,10809,2024-07-08,Electronics,PlayStation 5 Console,2,48440.19,96880.38,PayPal,1,Very disappointed. The item arrived damaged and customer service was unhelpful.
P0810,10810,2024-06-08,Electronics,Logitech MX Master 3S Mouse,1,10000.41,10000.41,PayPal,3,"Adequate for basic use. If you need something simple, this works fine."
P0811,10811,2024-11-01,Beauty Products,Saie Glowy Super Skin Gel,1,3120.83,3120.83,PayPal,5,Top-notch quality and performance. This has become an essential part of my daily life.
P0812,10812,2024-09-23,Electronics,iPhone 15 Pro Max,3,154904.46,464713.38,Debit Card,4,Good value for money. The product is well-made and serves its purpose perfectly.
P0813,10813,2024-07-09,Sports,Hydro Flask 32 oz Water Bottle,2,4411.11,8822.22,Debit Card,3,Decent product for the price. Nothing to write home about but it works.
P0814,10814,2024-11-02,Sports,Gaiam Premium Yoga Mat,4,2718.19,10872.76,Credit Card,5,Top-notch quality and performance. This has become an essential part of my daily life.
P0815,10815,2024-07-02,Books,A Court of Thorns and Roses by Sarah J. Maas,1,1200.58,1200.58,Debit Card,4,Really happy with this. Does exactly what it says and the quality is very good.
P0816,10816,2024-03-11,Clothing,Canada Goose Expedition Parka,1,151240.45,151240.45,Credit Card,1,Awful quality. Fell apart after minimal use. Would never recommend this to anyone.
P0817,10817,2024-11-25,Clothing,Uniqlo Airism T-Shirt,1,2037.51,2037.51,Google Pay,3,"It does the job adequately. Not great, not terrible, just middle of the road."
P0818,10818,2024-01-12,Books,Maybe You Should Talk to Someone by Lori Gottlieb,1,1240.11,1240.11,Debit Card,4,Excellent product that does the job well. Only minor complaints.
P0819,10819,2024-10-18,Clothing,Columbia Newton Ridge Hiking Boots,1,8918.88,8918.88,Debit Card,5,Best in its category! I've tried competitors and nothing comes close to this.
P0820,10820,2024-02-13,Home Appliances,Lodge Cast Iron Skillet,1,2558.22,2558.22,Debit Card,5,Five stars! The best purchase I've made this year. Would highly recommend to everyone.
P0821,10821,2024-10-16,Home Appliances,Cuisinart Air Fryer Toaster Oven,4,17922.22,71688.88,Credit Card,5,Absolutely fantastic! The quality far surpasses what I expected at this price point.
P0822,10822,2024-12-16,Books,The Guest List by Lucy Foley,1,902.69,902.69,Credit Card,5,Five stars! The best purchase I've made this year. Would highly recommend to everyone.
P0823,10823,2024-01-26,Clothing,Lululemon Energy Bra,3,5806.83,17420.49,Debit Card,4,I'm impressed with the quality. Not perfect but definitely worth the investment.
P0824,10824,2024-10-26,Books,Normal People by Sally Rooney,1,1050.35,1050.35,Google Pay,2,Mediocre at best. I would not buy this again or recommend it to anyone.
P0825,10825,2024-07-19,Home Appliances,KitchenAid 5-Speed Blender,4,7897.23,31588.92,Credit Card,5,Top-notch quality and performance. This has become an essential part of my daily life.
P0826,10826,2024-12-25,Electronics,Sony WH-1000XM4 Headphones,1,34448.50,34448.50,PayPal,4,Great product with excellent features. Just a few small things keep it from being perfect.
P0827,10827,2024-10-10,Home Appliances,Bodum French Press,5,3050.88,15254.40,PayPal,5,Five stars! The best purchase I've made this year. Would highly recommend to everyone.
P0828,10828,2024-01-11,Home Appliances,Ninja Foodi 8-in-1 Pressure Cooker,1,19744.39,19744.39,Credit Card,4,Very good product overall. Works well and meets my expectations. Minor improvements possible.
P0829,10829,2024-10-12,Home Appliances,Keurig K-Elite Coffee Maker,1,12930.86,12930.86,PayPal,4,Solid quality and reliable performance. I'm satisfied with this purchase and would recommend it.
P0830,10830,2024-12-13,Sports,Bowflex SelectTech 552 Dumbbells,3,44052.61,132157.83,Debit Card,5,Absolutely fantastic! The quality far surpasses what I expected at this price point.
P0831,10831,2024-12-11,Clothing,Re/Done Classic Stretch Jeans,1,18266.71,18266.71,Credit Card,3,"Adequate for basic use. If you need something simple, this works fine."
P0832,10832,2024-11-15,Books,The Alchemist by Paulo Coelho,2,902.37,1804.74,Credit Card,5,Absolutely fantastic! The quality far surpasses what I expected at this price point.
P0833,10833,2024-02-01,Beauty Products,La Roche-Posay Cicaplast Baume,2,1661.64,3323.28,Debit Card,5,Absolutely love this product! Exceeded all my expectations and the quality is outstanding.
P0834,10834,2024-09-07,Sports,TRX All-in-One Suspension Kit,1,15381.84,15381.84,Credit Card,5,Five stars! The best purchase I've made this year. Would highly recommend to everyone.
P0835,10835,2024-08-15,Electronics,Nintendo Switch OLED,5,34678.92,173394.60,Apple Pay,5,Life-changing product! I can't imagine going back to anything else now.
P0836,10836,2024-08-02,Books,Babel by R.F. Kuang,1,1509.31,1509.31,PayPal,5,Top-notch quality and performance. This has become an essential part of my daily life.
P0837,10837,2024-01-12,Books,The Seven Husbands of Evelyn Hugo by Taylor Jenkins Reid,1,1136.28,1136.28,Google Pay,5,Best in its category! I've tried competitors and nothing comes close to this.
P0838,10838,2024-11-14,Beauty Products,IT Cosmetics CC+ Cream,1,4470.51,4470.51,PayPal,3,Acceptable quality but there's room for improvement. I've seen better and worse.
P0839,10839,2024-03-19,Electronics,Nintendo Switch OLED,1,34487.97,34487.97,Google Pay,0,Worst purchase ever. Nothing about this product works as described. Total scam.
P0840,10840,2024-12-19,Books,The Heaven & Earth Grocery Store by James McBride,1,1481.91,1481.91,Credit Card,4,Excellent product that does the job well. Only minor complaints.
P0841,10841,2024-07-19,Home Appliances,Vitamix 5200 Blender,1,45795.17,45795.17,Credit Card,4,Very good product overall. Works well and meets my expectations. Minor improvements possible.
P0842,10842,2024-11-10,Books,To Kill a Mockingbird by Harper Lee,1,1308.56,1308.56,Credit Card,5,Absolutely love this product! Exceeded all my expectations and the quality is outstanding.
P0843,10843,2024-03-10,Beauty Products,Dr. Jart+ Cicapair Tiger Grass Cream,1,5241.67,5241.67,Credit Card,4,High quality and durable. Would buy again without hesitation.
P0844,10844,2024-12-21,Clothing,H&M Linen Blend Shirt,1,3037.49,3037.49,Apple Pay,0,Worst purchase ever. Nothing about this product works as described. Total scam.
P0845,10845,2024-09-12,Sports,Nike Metcon 8,2,13277.09,26554.18,Apple Pay,0,Worst purchase ever. Nothing about this product works as described. Total scam.
P0846,10846,2024-06-24,Electronics,Google Pixel 8,3,68485.98,205457.94,Credit Card,5,Best in its category! I've tried competitors and nothing comes close to this.
P0847,10847,2024-12-05,Books,Demon Copperhead by Barbara Kingsolver,1,1321.72,1321.72,PayPal,3,Decent product for the price. Nothing to write home about but it works.
P0848,10848,2024-01-10,Sports,On Cloud 5,2,13634.79,27269.58,Credit Card,2,Not worth the money. The product feels cheap and doesn't perform as advertised.
P0849,10849,2024-11-20,Home Appliances,Ember Temperature Control Mug,1,15232.96,15232.96,Credit Card,5,Top-notch quality and performance. This has become an essential part of my daily life.
P0850,10850,2024-02-19,Books,Lessons in Chemistry by Bonnie Garmus,3,1349.38,4048.14,Google Pay,5,Best in its category! I've tried competitors and nothing comes close to this.
P0851,10851,2024-06-06,Electronics,Samsung 55 The Frame TV,1,149930.43,149930.43,Credit Card,2,The product has issues that shouldn't exist at this price point. Very underwhelming.
P0852,10852,2024-09-27,Sports,TRX All-in-One Suspension Kit,3,15181.16,45543.48,Debit Card,4,Solid quality and reliable performance. I'm satisfied with this purchase and would recommend it.
P0853,10853,2024-02-05,Electronics,Google Pixel 8,1,69109.74,69109.74,Debit Card,5,Best in its category! I've tried competitors and nothing comes close to this.
P0854,10854,2024-12-20,Sports,Garmin inReach Mini 2,3,39521.86,118565.58,Credit Card,5,Five stars! The best purchase I've made this year. Would highly recommend to everyone.
P0855,10855,2024-04-28,Home Appliances,Breville Barista Express,2,69092.35,138184.70,Credit Card,5,Five stars! The best purchase I've made this year. Would highly recommend to everyone.
P0856,10856,2024-07-25,Electronics,Dyson V15 Detect Vacuum,1,76134.47,76134.47,PayPal,5,Five stars! The best purchase I've made this year. Would highly recommend to everyone.
P0857,10857,2024-01-22,Sports,Manduka PRO Yoga Mat,2,11877.92,23755.84,Credit Card,5,Exceptional product that delivers exactly what it promises. Couldn't be happier!
P0858,10858,2024-10-25,Electronics,Anker 737 Power Bank,3,11174.74,33524.22,Credit Card,4,Really happy with this. Does exactly what it says and the quality is very good.
P0859,10859,2024-03-12,Electronics,Microsoft Surface Pro 9,1,118099.95,118099.95,Credit Card,1,Extremely dissatisfied. The product stopped working within the first week.
P0860,10860,2024-06-28,Sports,Barbell Weight Set,3,30102.64,90307.92,Google Pay,4,Solid quality and reliable performance. I'm satisfied with this purchase and would recommend it.
P0861,10861,2024-11-25,Electronics,Google Pixel 8 Pro,1,101193.57,101193.57,Credit Card,5,Absolutely fantastic! The quality far surpasses what I expected at this price point.
P0862,10862,2024-01-24,Electronics,Anker 733 Power Bank,4,10149.76,40599.04,Apple Pay,5,Life-changing product! I can't imagine going back to anything else now.
P0863,10863,2024-03-22,Electronics,Amazon Fire TV Stick 4K,1,4946.53,4946.53,PayPal,4,Excellent product that does the job well. Only minor complaints.
P0864,10864,2024-04-04,Books,The Midnight Library by Matt Haig,1,1308.67,1308.67,PayPal,4,I'm impressed with the quality. Not perfect but definitely worth the investment.
P0865,10865,2024-10-18,Electronics,Apple Watch Ultra 2,1,79869.86,79869.86,PayPal,5,Life-changing product! I can't imagine going back to anything else now.
P0866,10866,2024-11-22,Beauty Products,Clinique Moisture Surge,1,4166.69,4166.69,PayPal,5,Five stars! The best purchase I've made this year. Would highly recommend to everyone.
P0867,10867,2024-12-26,Beauty Products,Anastasia Beverly Hills Brow Wiz,4,2271.79,9087.16,Credit Card,0,The worst product I've ever owned. Nothing works and the quality is nonexistent.
P0868,10868,2024-10-13,Beauty Products,SK-II Facial Treatment Essence,1,12015.93,12015.93,Debit Card,5,Incredible value for the price. The build quality is superb and it works flawlessly.
P0869,10869,2024-10-04,Home Appliances,Simplehuman Sensor Mirror Pro,1,25609.96,25609.96,Debit Card,5,Incredible value for the price. The build quality is superb and it works flawlessly.
P0870,10870,2024-02-27,Beauty Products,Chanel Coco Mademoiselle,2,11337.31,22674.62,Credit Card,4,Works great and looks good too. Very pleased with this purchase overall.
P0871,10871,2024-06-22,Beauty Products,Drunk Elephant T.L.C. Framboos,5,8996.16,44980.80,PayPal,2,Below average. Several issues that make it hard to recommend to others.
P0872,10872,2024-02-16,Sports,Peloton Bike+,1,256122.77,256122.77,Credit Card,5,Absolutely love this product! Exceeded all my expectations and the quality is outstanding.
P0873,10873,2024-11-16,Electronics,Microsoft Surface Laptop 5,5,121041.58,605207.90,Debit Card,5,Life-changing product! I can't imagine going back to anything else now.
P0874,10874,2024-09-25,Electronics,Canon EOS R50 Camera,2,67981.27,135962.54,Apple Pay,2,Poor experience overall. The product has multiple flaws that affect usability.
P0875,10875,2024-05-16,Sports,Spalding NBA Street Basketball,1,2496.34,2496.34,Google Pay,4,Very good product overall. Works well and meets my expectations. Minor improvements possible.
P0876,10876,2024-12-04,Beauty Products,Neutrogena Skincare Set,1,9180.34,9180.34,Apple Pay,4,Very good product overall. Works well and meets my expectations. Minor improvements possible.
P0877,10877,2024-03-22,Books,To Kill a Mockingbird by Harper Lee,4,1264.00,5056.00,PayPal,5,Incredible value for the price. The build quality is superb and it works flawlessly.
P0878,10878,2024-08-04,Sports,Spalding NBA Street Basketball,2,2517.69,5035.38,Credit Card,4,Excellent product that does the job well. Only minor complaints.
P0879,10879,2024-12-17,Electronics,AirPods Pro 2nd Gen,1,24892.07,24892.07,PayPal,4,I'm impressed with the quality. Not perfect but definitely worth the investment.
P0880,10880,2024-11-10,Books,Educated by Tara Westover,1,1327.16,1327.16,PayPal,2,Subpar performance and build quality. I've had much better products in this category.
P0881,10881,2024-11-19,Electronics,Microsoft Surface Laptop 5,3,122815.37,368446.11,PayPal,5,Top-notch quality and performance. This has become an essential part of my daily life.
P0882,10882,2024-12-14,Books,The Seven Husbands of Evelyn Hugo by Taylor Jenkins Reid,1,1122.51,1122.51,Credit Card,3,"Adequate for basic use. If you need something simple, this works fine."
P0883,10883,2024-02-23,Electronics,Amazon Echo Dot 5th Gen,3,4874.57,14623.71,PayPal,5,Top-notch quality and performance. This has become an essential part of my daily life.
P0884,10884,2024-01-22,Beauty Products,Dior Lip Glow Oil,2,3881.28,7762.56,Credit Card,5,Best in its category! I've tried competitors and nothing comes close to this.
P0885,10885,2024-09-11,Books,Holly by Stephen King,2,1671.99,3343.98,Debit Card,2,Below average. Several issues that make it hard to recommend to others.
P0886,10886,2024-10-07,Books,The Power of Now by Eckhart Tolle,1,957.57,957.57,Debit Card,5,Exceptional product that delivers exactly what it promises. Couldn't be happier!
P0887,10887,2024-06-14,Clothing,Nike Dunk Low,1,11219.03,11219.03,Debit Card,2,The product has issues that shouldn't exist at this price point. Very underwhelming.
P0888,10888,2024-04-09,Electronics,Sony WH-1000XM4 Headphones,1,35053.95,35053.95,Credit Card,3,Average quality. Meets basic expectations but doesn't stand out from competitors.
P0889,10889,2024-10-19,Electronics,Logitech C920x Webcam,2,7792.57,15585.14,Credit Card,2,Mediocre at best. I would not buy this again or recommend it to anyone.
P0890,10890,2024-07-12,Electronics,Canon EOS R50 Camera,2,67092.72,134185.44,Credit Card,4,Excellent product that does the job well. Only minor complaints.
P0891,10891,2024-05-14,Beauty Products,La Roche-Posay Cicaplast Baume,1,1691.56,1691.56,Google Pay,5,Absolutely love this product! Exceeded all my expectations and the quality is outstanding.
P0892,10892,2024-09-17,Home Appliances,Black+Decker 20V Cordless Drill,2,6869.61,13739.22,Apple Pay,5,Absolutely fantastic! The quality far surpasses what I expected at this price point.
P0893,10893,2024-11-28,Beauty Products,Paula's Choice 2% BHA Exfoliant,4,3233.37,12933.48,Credit Card,4,I'm impressed with the quality. Not perfect but definitely worth the investment.
P0894,10894,2024-07-08,Home Appliances,Cuisinart Air Fryer Toaster Oven,2,18185.18,36370.36,PayPal,4,Solid quality and reliable performance. I'm satisfied with this purchase and would recommend it.
P0895,10895,2024-09-28,Beauty Products,Olaplex No.4 Bond Maintenance Shampoo,1,2951.80,2951.80,PayPal,5,Life-changing product! I can't imagine going back to anything else now.
P0896,10896,2024-04-08,Electronics,Dyson V11 Vacuum,1,48485.95,48485.95,Credit Card,4,Excellent product that does the job well. Only minor complaints.
P0897,10897,2024-12-14,Electronics,Samsung Galaxy Tab S9,1,78810.38,78810.38,Credit Card,5,Exceptional product that delivers exactly what it promises. Couldn't be happier!
P0898,10898,2024-10-06,Electronics,Garmin Fenix 7,5,89823.63,449118.15,Credit Card,5,Five stars! The best purchase I've made this year. Would highly recommend to everyone.
P0899,10899,2024-05-10,Electronics,Beats Studio Pro,4,34705.27,138821.08,Debit Card,3,Average quality. Meets basic expectations but doesn't stand out from competitors.
P0900,10900,2024-06-27,Home Appliances,Vitamix Immersion Blender,1,9942.16,9942.16,Google Pay,1,Frustrating experience from start to finish. The product simply doesn't work.
P0901,10901,2024-10-19,Sports,Garmin Venu 3,1,45936.02,45936.02,Credit Card,4,I'm impressed with the quality. Not perfect but definitely worth the investment.
P0902,10902,2024-05-19,Beauty Products,Fenty Beauty Foundation,3,3642.55,10927.65,PayPal,5,Five stars! The best purchase I've made this year. Would highly recommend to everyone.
P0903,10903,2024-03-09,Beauty Products,Augustinus Bader The Rich Cream,1,29110.34,29110.34,Credit Card,4,I'm impressed with the quality. Not perfect but definitely worth the investment.
P0904,10904,2024-10-04,Books,Where the Crawdads Sing by Delia Owens,1,1088.36,1088.36,Credit Card,0,Zero stars if I could. The product is completely unusable and a total waste of money.
P0905,10905,2024-06-23,Books,Happy Place by Emily Henry,3,1107.24,3321.72,Credit Card,5,Absolutely love this product! Exceeded all my expectations and the quality is outstanding.
P0906,10906,2024-10-26,Clothing,Canada Goose Expedition Parka,1,148862.90,148862.90,Debit Card,1,Complete waste of money. The product doesn't work as advertised at all.
P0907,10907,2024-08-08,Beauty Products,IT Cosmetics CC+ Cream,1,4497.94,4497.94,PayPal,1,One of the worst purchases I've made. Cheap materials and poor craftsmanship.
P0908,10908,2024-05-27,Clothing,Arc'teryx Beta AR Jacket,1,61191.74,61191.74,PayPal,1,Extremely dissatisfied. The product stopped working within the first week.
P0909,10909,2024-12-25,Beauty Products,Charlotte Tilbury Pillow Talk Lipstick,3,3344.04,10032.12,Debit Card,2,Mediocre at best. I would not buy this again or recommend it to anyone.
P0910,10910,2024-07-14,Books,The Invisible Life of Addie LaRue by V.E. Schwab,2,1012.38,2024.76,Debit Card,2,Regret this purchase. The quality doesn't match the price tag at all.
P0911,10911,2024-08-12,Beauty Products,Dior Addict Lip Glow,2,3555.63,7111.26,Debit Card,4,Very good product overall. Works well and meets my expectations. Minor improvements possible.
P0912,10912,2024-11-21,Home Appliances,Hamilton Beach 2-Slice Toaster,2,3042.21,6084.42,PayPal,5,Outstanding quality and fantastic value. I'm so happy with this purchase.
P0913,10913,2024-09-11,Electronics,PlayStation 5 Console,1,49150.31,49150.31,PayPal,2,Doesn't live up to the hype. Overpriced for what you actually get.
P0914,10914,2024-11-11,Beauty Products,Kosas Cloud Set Powder,1,3539.25,3539.25,Credit Card,5,Life-changing product! I can't imagine going back to anything else now.
P0915,10915,2024-11-26,Clothing,Aritzia Tna Butter Hoodie,1,6466.65,6466.65,PayPal,4,Works great and looks good too. Very pleased with this purchase overall.
P0916,10916,2024-12-19,Clothing,Uniqlo Ultra Light Down Jacket,1,7761.31,7761.31,Google Pay,3,"Mixed feelings about this. Some features are good, others could use improvement."
P0917,10917,2024-12-15,Clothing,Nike Air Max 270,1,15306.44,15306.44,Credit Card,4,Works great and looks good too. Very pleased with this purchase overall.
P0918,10918,2024-09-05,Electronics,Oculus Quest 3,5,48912.35,244561.75,Credit Card,5,Absolutely fantastic! The quality far surpasses what I expected at this price point.
P0919,10919,2024-07-15,Sports,Peloton Bike,1,146351.60,146351.60,Credit Card,1,One of the worst purchases I've made. Cheap materials and poor craftsmanship.
P0920,10920,2024-05-16,Books,Britt-Marie Was Here by Fredrik Backman,1,1062.24,1062.24,Credit Card,5,Exceptional product that delivers exactly what it promises. Couldn't be happier!
P0921,10921,2024-11-07,Beauty Products,Laneige Lip Sleeping Mask,1,2228.43,2228.43,Credit Card,5,Exceptional product that delivers exactly what it promises. Couldn't be happier!
P0922,10922,2024-04-15,Clothing,Zara High-Waisted Trousers,1,4640.75,4640.75,Apple Pay,5,Best in its category! I've tried competitors and nothing comes close to this.
P0923,10923,2024-03-11,Beauty Products,La Roche-Posay Anthelios Sunscreen,2,2015.47,4030.94,PayPal,3,"It does the job adequately. Not great, not terrible, just middle of the road."
P0924,10924,2024-02-18,Electronics,JBL Flip 6 Speaker,1,13233.64,13233.64,Apple Pay,1,I regret buying this. It's of very low quality and not worth even a fraction of the price.
P0925,10925,2024-12-26,Electronics,Sony WH-1000XM5 Headphones,1,39910.87,39910.87,PayPal,5,Incredible value for the price. The build quality is superb and it works flawlessly.
P0926,10926,2024-10-05,Sports,Patagonia Black Hole Duffel 40L,1,13632.60,13632.60,PayPal,4,I'm impressed with the quality. Not perfect but definitely worth the investment.
P0927,10927,2024-12-05,Electronics,Oculus Quest 3,1,49991.09,49991.09,PayPal,5,Top-notch quality and performance. This has become an essential part of my daily life.
P0928,10928,2024-01-05,Sports,Bowflex SelectTech 552 Dumbbells,4,43761.79,175047.16,Debit Card,1,One of the worst purchases I've made. Cheap materials and poor craftsmanship.
P0929,10929,2024-12-09,Clothing,Ray-Ban Aviator Classic Sunglasses,1,15141.43,15141.43,PayPal,5,Best in its category! I've tried competitors and nothing comes close to this.
P0930,10930,2024-11-05,Sports,Coleman Sundome 4-Person Tent,3,9074.91,27224.73,Apple Pay,5,Brilliant product! Works perfectly and is incredibly well-made. Worth every penny.
P0931,10931,2024-01-06,Electronics,Samsung Galaxy Tab S9,1,78287.08,78287.08,Apple Pay,4,High quality and durable. Would buy again without hesitation.
P0932,10932,2024-01-12,Sports,Stance NBA Socks,1,1589.33,1589.33,PayPal,5,Five stars! The best purchase I've made this year. Would highly recommend to everyone.
P0933,10933,2024-04-10,Home Appliances,T-fal Non-Stick Frying Pan,3,2527.34,7582.02,Credit Card,4,Very satisfied customer. The product is well-designed and performs reliably.
P0934,10934,2024-04-01,Sports,TRX All-in-One Suspension Kit,3,14702.70,44108.10,Debit Card,5,Best in its category! I've tried competitors and nothing comes close to this.
P0935,10935,2024-10-11,Electronics,Microsoft Surface Laptop 5,1,125420.48,125420.48,Debit Card,4,Very satisfied customer. The product is well-designed and performs reliably.
P0936,10936,2024-12-04,Books,Circe by Madeline Miller,1,1257.57,1257.57,Apple Pay,4,Good value for money. The product is well-made and serves its purpose perfectly.
P0937,10937,2024-09-01,Books,The Vanishing Half by Brit Bennett,5,1201.15,6005.75,Apple Pay,5,Life-changing product! I can't imagine going back to anything else now.
P0938,10938,2024-02-28,Electronics,Sony WH-1000XM4 Headphones,3,34445.51,103336.53,Credit Card,3,Middle of the pack. Not disappointed but not impressed either.
P0939,10939,2024-12-13,Electronics,Logitech MX Keys Keyboard,1,11670.10,11670.10,PayPal,5,Outstanding quality and fantastic value. I'm so happy with this purchase.
P0940,10940,2024-03-25,Beauty Products,Drunk Elephant Protini Polypeptide Cream,1,6892.89,6892.89,PayPal,5,Best in its category! I've tried competitors and nothing comes close to this.
P0941,10941,2024-11-24,Books,Dune by Frank Herbert,4,1298.01,5192.04,Debit Card,3,Decent product for the price. Nothing to write home about but it works.
P0942,10942,2024-08-16,Beauty Products,Glossier Boy Brow,4,1787.47,7149.88,Credit Card,4,Solid quality and reliable performance. I'm satisfied with this purchase and would recommend it.
P0943,10943,2024-11-26,Books,Happy Place by Emily Henry,2,1135.49,2270.98,PayPal,5,Absolutely fantastic! The quality far surpasses what I expected at this price point.
P0944,10944,2024-05-15,Clothing,Uniqlo Ultra Light Down Jacket,2,8092.42,16184.84,Apple Pay,4,Excellent product that does the job well. Only minor complaints.
P0945,10945,2024-02-15,Beauty Products,Tatcha The Water Cream,1,6912.85,6912.85,Credit Card,5,Brilliant product! Works perfectly and is incredibly well-made. Worth every penny.
P0946,10946,2024-10-10,Clothing,Zara High-Waisted Trousers,1,4533.68,4533.68,Credit Card,4,Very good product overall. Works well and meets my expectations. Minor improvements possible.
P0947,10947,2024-08-17,Beauty Products,Chanel Coco Mademoiselle,1,11465.63,11465.63,Credit Card,2,Subpar performance and build quality. I've had much better products in this category.
P0948,10948,2024-04-03,Sports,Theragun Prime Percussive Device,1,30331.49,30331.49,Apple Pay,5,Brilliant product! Works perfectly and is incredibly well-made. Worth every penny.
P0949,10949,2024-11-02,Electronics,PlayStation 5 Console,1,50511.91,50511.91,Debit Card,4,High quality and durable. Would buy again without hesitation.
P0950,10950,2024-11-15,Clothing,Ray-Ban Aviator Classic Sunglasses,1,15581.32,15581.32,PayPal,5,Five stars! The best purchase I've made this year. Would highly recommend to everyone.
P0951,10951,2024-11-20,Clothing,Madewell Roadtripper Jumpsuit,4,9568.52,38274.08,Google Pay,5,Incredible value for the price. The build quality is superb and it works flawlessly.
P0952,10952,2024-02-06,Beauty Products,Fresh Sugar Lip Treatment,1,2376.39,2376.39,Credit Card,3,"It does the job adequately. Not great, not terrible, just middle of the road."
P0953,10953,2024-09-20,Books,Babel by R.F. Kuang,2,1531.40,3062.80,PayPal,2,Below average. Several issues that make it hard to recommend to others.
P0954,10954,2024-02-01,Home Appliances,Weber Smokey Mountain Cooker,1,42624.84,42624.84,Credit Card,2,Poor experience overall. The product has multiple flaws that affect usability.
P0955,10955,2024-07-05,Clothing,Canada Goose HyBridge Base Hoody,1,39798.76,39798.76,Google Pay,5,Exceptional product that delivers exactly what it promises. Couldn't be happier!
P0956,10956,2024-11-05,Beauty Products,Morphe 35O Nature Glow Palette,1,2530.40,2530.40,PayPal,3,It's fine. Does what it's supposed to do without any standout features.
P0957,10957,2024-12-16,Electronics,MacBook Air M3,3,115487.55,346462.65,Credit Card,5,Incredible value for the price. The build quality is superb and it works flawlessly.
P0958,10958,2024-01-01,Electronics,Samsung 55 The Frame TV,2,151816.56,303633.12,PayPal,2,Not satisfied with this purchase. The quality is noticeably lacking.
P0959,10959,2024-09-18,Clothing,L.L.Bean Wicked Good Slippers,1,5953.95,5953.95,Google Pay,4,Very satisfied customer. The product is well-designed and performs reliably.
P0960,10960,2024-12-27,Sports,Adidas Copa Sense Soccer Ball,1,5345.30,5345.30,Credit Card,4,I'm impressed with the quality. Not perfect but definitely worth the investment.
P0961,10961,2024-09-09,Beauty Products,Glow Recipe Avocado Melt Retinol Eye Cream,4,4093.70,16374.80,Credit Card,1,Extremely dissatisfied. The product stopped working within the first week.
P0962,10962,2024-07-14,Electronics,MacBook Air M3,1,116459.49,116459.49,Apple Pay,5,Outstanding quality and fantastic value. I'm so happy with this purchase.
P0963,10963,2024-08-19,Books,The Alchemist by Paulo Coelho,4,908.87,3635.48,Apple Pay,5,Exceptional product that delivers exactly what it promises. Couldn't be happier!
P0964,10964,2024-10-13,Beauty Products,Glow Recipe Avocado Melt Retinol Eye Cream,3,4233.52,12700.56,Debit Card,2,Not worth the money. The product feels cheap and doesn't perform as advertised.
P0965,10965,2024-09-10,Electronics,Nintendo Switch OLED,2,34123.33,68246.66,Credit Card,5,Best in its category! I've tried competitors and nothing comes close to this.
P0966,10966,2024-02-14,Sports,Spalding TF-1000 Basketball,1,6376.85,6376.85,Credit Card,0,Completely defective. The product doesn't function at all and feels like a toy.
P0967,10967,2024-12-12,Home Appliances,Zojirushi Bread Maker,1,30544.87,30544.87,Google Pay,5,Five stars! The best purchase I've made this year. Would highly recommend to everyone.
P0968,10968,2024-05-04,Clothing,Lululemon Align Leggings,1,9637.77,9637.77,Credit Card,0,Completely defective. The product doesn't function at all and feels like a toy.
P0969,10969,2024-11-25,Sports,REI Co-op Trailbreak 30 Backpack,1,7822.77,7822.77,Google Pay,4,Solid quality and reliable performance. I'm satisfied with this purchase and would recommend it.
P0970,10970,2024-10-15,Beauty Products,Heritage Store Rosewater Facial Spray,5,1005.19,5025.95,Debit Card,2,Not satisfied with this purchase. The quality is noticeably lacking.
P0971,10971,2024-11-04,Sports,Stance NBA Socks,1,1552.36,1552.36,Debit Card,1,Extremely dissatisfied. The product stopped working within the first week.
P0972,10972,2024-03-10,Beauty Products,IT Cosmetics CC+ Cream,3,4389.58,13168.74,Debit Card,5,Top-notch quality and performance. This has become an essential part of my daily life.
P0973,10973,2024-05-05,Home Appliances,Instant Pot Duo Plus,3,14845.56,44536.68,PayPal,2,Disappointing quality for the price. Expected much better based on the description.
P0974,10974,2024-04-26,Beauty Products,Morphe 35O Nature Glow Palette,1,2590.78,2590.78,Debit Card,5,Incredible value for the price. The build quality is superb and it works flawlessly.
P0975,10975,2024-06-22,Clothing,H&M Linen Blend Shirt,1,3035.48,3035.48,PayPal,2,Not worth the money. The product feels cheap and doesn't perform as advertised.
P0976,10976,2024-11-14,Beauty Products,Charlotte Tilbury Flawless Filter,4,4509.01,18036.04,Google Pay,2,Subpar performance and build quality. I've had much better products in this category.
P0977,10977,2024-12-15,Home Appliances,Nespresso Vertuo Next,3,16107.61,48322.83,Google Pay,1,Complete waste of money. The product doesn't work as advertised at all.
P0978,10978,2024-05-13,Home Appliances,GE Profile Opal Ice Maker,1,54548.42,54548.42,Credit Card,3,Works as described but nothing special. Fair value for what you pay.
P0979,10979,2024-12-02,Sports,Apple Fitness+,5,985.21,4926.05,Google Pay,1,Extremely dissatisfied. The product stopped working within the first week.
P0980,10980,2024-12-01,Clothing,Aritzia Super Puff Shorty,4,25064.94,100259.76,PayPal,3,It's fine. Does what it's supposed to do without any standout features.
P0981,10981,2024-10-18,Beauty Products,IT Cosmetics CC+ Cream,2,4492.11,8984.22,PayPal,2,Regret this purchase. The quality doesn't match the price tag at all.
P0982,10982,2024-02-18,Books,The Four Agreements by Don Miguel Ruiz,1,800.37,800.37,PayPal,4,Excellent product that does the job well. Only minor complaints.
P0983,10983,2024-05-03,Sports,Yoga Mat Pro,2,4996.39,9992.78,PayPal,5,Absolutely fantastic! The quality far surpasses what I expected at this price point.
P0984,10984,2024-09-08,Books,To Kill a Mockingbird by Harper Lee,2,1327.69,2655.38,Debit Card,3,Decent product for the price. Nothing to write home about but it works.
P0985,10985,2024-04-17,Books,Fourth Wing by Rebecca Yarros,1,1309.86,1309.86,Debit Card,4,Very satisfied customer. The product is well-designed and performs reliably.
P0986,10986,2024-11-15,Books,The Alchemist by Paulo Coelho,5,906.31,4531.55,Credit Card,4,Excellent product that does the job well. Only minor complaints.
P0987,10987,2024-11-08,Books,The Seven Husbands of Evelyn Hugo by Taylor Jenkins Reid,1,1151.42,1151.42,Credit Card,3,Acceptable quality but there's room for improvement. I've seen better and worse.
P0988,10988,2024-08-08,Electronics,Sony Bravia 55 TV,1,160690.25,160690.25,Debit Card,4,Great product with excellent features. Just a few small things keep it from being perfect.
P0989,10989,2024-10-27,Beauty Products,Olaplex No. 3 Hair Perfector,1,2716.71,2716.71,PayPal,4,High quality and durable. Would buy again without hesitation.
P0990,10990,2024-02-22,Sports,TRX All-in-One Suspension Kit,1,15043.04,15043.04,PayPal,1,I regret buying this. It's of very low quality and not worth even a fraction of the price.
P0991,10991,2024-08-14,Beauty Products,Augustinus Bader The Rich Cream,2,29255.50,58511.00,PayPal,2,Not worth the money. The product feels cheap and doesn't perform as advertised.
P0992,10992,2024-08-16,Beauty Products,Heritage Store Rosewater Facial Spray,1,1002.15,1002.15,Google Pay,5,Outstanding quality and fantastic value. I'm so happy with this purchase.
P0993,10993,2024-07-02,Home Appliances,Zojirushi Neuro Fuzzy Rice Cooker,4,24704.78,98819.12,Debit Card,4,Works great and looks good too. Very pleased with this purchase overall.
P0994,10994,2024-02-12,Clothing,L.L.Bean Wicked Good Slippers,1,5865.40,5865.40,Debit Card,5,Top-notch quality and performance. This has become an essential part of my daily life.
P0995,10995,2024-05-16,Electronics,Microsoft Surface Pro 9,3,113214.76,339644.28,Credit Card,4,Good value for money. The product is well-made and serves its purpose perfectly.
P0996,10996,2024-12-07,Home Appliances,Bodum French Press,3,2987.99,8963.97,Debit Card,4,Solid quality and reliable performance. I'm satisfied with this purchase and would recommend it.
P0997,10997,2024-12-14,Sports,Nike Metcon 8,2,13041.26,26082.52,Debit Card,2,Mediocre at best. I would not buy this again or recommend it to anyone.
P0998,10998,2024-11-27,Home Appliances,KitchenAid 5-Speed Blender,3,7992.28,23976.84,Apple Pay,2,Mediocre at best. I would not buy this again or recommend it to anyone.
P0999,10999,2024-03-24,Books,The Song of Achilles by Madeline Miller,1,1198.91,1198.91,Credit Card,4,Really happy with this. Does exactly what it says and the quality is very good.
P1000,11000,2024-12-11,Sports,Hoka Clifton 9,1,14638.18,14638.18,Apple Pay,3,Average quality. Meets basic expectations but doesn't stand out from competitors.
P1001,11001,2024-12-23,Electronics,Dell XPS 13 Laptop,2,101675.18,203350.36,Credit Card,4,Solid quality and reliable performance. I'm satisfied with this purchase and would recommend it.
P1002,11002,2024-10-03,Home Appliances,Shark Steam Mop,5,11929.87,59649.35,Credit Card,0,Stay away from this product. It's a complete rip-off and doesn't work at all.
P1003,11003,2024-03-16,Sports,Theragun Prime Percussive Device,4,29218.79,116875.16,Google Pay,5,Absolutely love this product! Exceeded all my expectations and the quality is outstanding.
P1004,11004,2024-05-07,Clothing,H&M Linen Blend Shirt,3,3050.80,9152.40,Credit Card,4,Excellent product that does the job well. Only minor complaints.
P1005,11005,2024-09-13,Electronics,Sony WH-1000XM5 Headphones,1,40938.63,40938.63,Debit Card,4,Works great and looks good too. Very pleased with this purchase overall.
P1006,11006,2024-01-17,Books,Where the Crawdads Sing by Delia Owens,1,1063.25,1063.25,Debit Card,4,Good value for money. The product is well-made and serves its purpose perfectly.
P1007,11007,2024-03-09,Electronics,Oculus Quest 3,1,51253.78,51253.78,PayPal,5,Top-notch quality and performance. This has become an essential part of my daily life.
P1008,11008,2024-03-23,Electronics,AirPods Max,1,53578.26,53578.26,PayPal,4,I'm impressed with the quality. Not perfect but definitely worth the investment.
P1009,11009,2024-04-27,Home Appliances,Shark Robot Vacuum RV1001AE,1,29432.88,29432.88,Credit Card,4,High quality and durable. Would buy again without hesitation.
P1010,11010,2024-08-17,Beauty Products,La Mer Moisturizing Cream,4,18638.37,74553.48,Debit Card,4,Works great and looks good too. Very pleased with this purchase overall.
P1011,11011,2024-01-01,Beauty Products,Charlotte Tilbury Pillow Talk Lipstick,2,3474.15,6948.30,Credit Card,5,Life-changing product! I can't imagine going back to anything else now.
P1012,11012,2024-10-08,Sports,Coleman Sundome 4-Person Tent,2,8788.03,17576.06,Credit Card,4,Solid quality and reliable performance. I'm satisfied with this purchase and would recommend it.
P1013,11013,2024-11-17,Clothing,Nike Tech Fleece Joggers,3,10754.18,32262.54,Google Pay,0,Horrible experience. The item never arrived properly and support was useless.
P1014,11014,2024-08-14,Sports,Coleman Sundome 4-Person Tent,1,8720.84,8720.84,Apple Pay,0,Unbelievably bad. The product arrived broken and nobody would help me resolve it.
P1015,11015,2024-05-06,Electronics,iPhone 15 Pro Max,1,163024.07,163024.07,Credit Card,4,Works great and looks good too. Very pleased with this purchase overall.
P1016,11016,2024-12-27,Clothing,Patagonia Better Sweater Fleece,2,13908.61,27817.22,Credit Card,5,Absolutely fantastic! The quality far surpasses what I expected at this price point.
P1017,11017,2024-09-10,Electronics,Oculus Quest 3,1,48771.19,48771.19,PayPal,3,"It does the job adequately. Not great, not terrible, just middle of the road."
P1018,11018,2024-12-07,Sports,Hyperice Venom 2 Back Massager,5,19683.05,98415.25,Debit Card,3,It's fine. Does what it's supposed to do without any standout features.
P1019,11019,2024-05-22,Books,Educated by Tara Westover,1,1316.82,1316.82,Credit Card,5,Brilliant product! Works perfectly and is incredibly well-made. Worth every penny.
P1020,11020,2024-10-01,Beauty Products,Anastasia Beverly Hills Brow Wiz,1,2222.62,2222.62,PayPal,4,High quality and durable. Would buy again without hesitation.
P1021,11021,2024-11-18,Electronics,Fujifilm Instax Mini 12,3,7557.00,22671.00,Debit Card,4,High quality and durable. Would buy again without hesitation.
P1022,11022,2024-10-12,Books,The Heaven & Earth Grocery Store by James McBride,3,1477.30,4431.90,PayPal,2,Disappointing quality for the price. Expected much better based on the description.
P1023,11023,2024-02-12,Home Appliances,Shark Steam Mop,1,11701.17,11701.17,Credit Card,3,Decent product for the price. Nothing to write home about but it works.
P1024,11024,2024-03-27,Books,To Kill a Mockingbird by Harper Lee,3,1268.42,3805.26,Apple Pay,0,Absolute garbage. The product was broken on arrival and the company refused a refund.
P1025,11025,2024-05-23,Clothing,Adidas Samba OG,1,10280.27,10280.27,PayPal,5,Exceptional product that delivers exactly what it promises. Couldn't be happier!
P1026,11026,2024-09-16,Home Appliances,Simplehuman Soap Dispenser,2,5037.86,10075.72,Credit Card,3,"Adequate for basic use. If you need something simple, this works fine."
P1027,11027,2024-09-03,Home Appliances,Ninja Foodi 10-in-1 XL,2,24343.38,48686.76,Credit Card,2,The product has issues that shouldn't exist at this price point. Very underwhelming.
P1028,11028,2024-11-09,Home Appliances,Shark Steam Mop,3,11559.51,34678.53,Google Pay,4,Excellent product that does the job well. Only minor complaints.
P1029,11029,2024-12-01,Beauty Products,NARS Radiant Creamy Concealer,2,3274.80,6549.60,Credit Card,2,Subpar performance and build quality. I've had much better products in this category.
P1030,11030,2024-07-14,Clothing,Vuori Performance Joggers,1,8809.66,8809.66,Apple Pay,5,Absolutely love this product! Exceeded all my expectations and the quality is outstanding.
P1031,11031,2024-12-08,Electronics,Sony WH-1000XM4 Headphones,1,34732.61,34732.61,Apple Pay,5,Incredible value for the price. The build quality is superb and it works flawlessly.
P1032,11032,2024-03-03,Electronics,Dell XPS 13 Laptop,5,98255.41,491277.05,PayPal,0,Horrible experience. The item never arrived properly and support was useless.
P1033,11033,2024-03-11,Books,Project Hail Mary by Andy Weir,1,1501.20,1501.20,Credit Card,4,Very good product overall. Works well and meets my expectations. Minor improvements possible.
P1034,11034,2024-09-21,Books,The Four Agreements by Don Miguel Ruiz,3,778.02,2334.06,Apple Pay,5,Top-notch quality and performance. This has become an essential part of my daily life.
P1035,11035,2024-11-27,Books,The Invisible Life of Addie LaRue by V.E. Schwab,1,974.36,974.36,Debit Card,2,Not satisfied with this purchase. The quality is noticeably lacking.
P1036,11036,2024-07-04,Beauty Products,Glossier Boy Brow,2,1745.49,3490.98,Credit Card,1,Do not buy this. The quality is abysmal and it doesn't deliver on any promises.
P1037,11037,2024-05-28,Electronics,Amazon Echo Dot 5th Gen,3,4858.86,14576.58,Apple Pay,5,Life-changing product! I can't imagine going back to anything else now.
P1038,11038,2024-09-03,Electronics,Samsung 55 The Frame TV,2,150432.97,300865.94,Credit Card,2,Doesn't live up to the hype. Overpriced for what you actually get.
P1039,11039,2024-02-25,Beauty Products,Olaplex No. 3 Hair Perfector,1,2806.67,2806.67,Credit Card,5,Incredible value for the price. The build quality is superb and it works flawlessly.
P1040,11040,2024-07-14,Electronics,Apple AirTag 4 Pack,1,10159.93,10159.93,Credit Card,4,I'm impressed with the quality. Not perfect but definitely worth the investment.
P1041,11041,2024-09-04,Electronics,Samsung 55 The Frame TV,1,151818.41,151818.41,Credit Card,2,Poor experience overall. The product has multiple flaws that affect usability.
P1042,11042,2024-12-05,Sports,RumbleRoller Deep Tissue Roller,1,3971.09,3971.09,Credit Card,4,Really happy with this. Does exactly what it says and the quality is very good.
P1043,11043,2024-03-02,Electronics,JBL Flip 6 Speaker,1,12965.42,12965.42,Google Pay,0,Completely defective. The product doesn't function at all and feels like a toy.
P1044,11044,2024-05-18,Home Appliances,Nespresso Vertuo Next,1,15717.48,15717.48,Debit Card,5,Absolutely love this product! Exceeded all my expectations and the quality is outstanding.
P1045,11045,2024-08-22,Home Appliances,Nespresso Vertuo Next,1,15906.78,15906.78,Google Pay,2,Doesn't live up to the hype. Overpriced for what you actually get.
P1046,11046,2024-05-07,Clothing,Nike Dunk Low,3,10885.52,32656.56,Apple Pay,3,It's fine. Does what it's supposed to do without any standout features.
P1047,11047,2024-09-11,Sports,Casio G-Shock DW-6900,5,9052.63,45263.15,PayPal,5,Five stars! The best purchase I've made this year. Would highly recommend to everyone.
P1048,11048,2024-07-26,Electronics,Garmin Fenix 7,1,92165.23,92165.23,Credit Card,3,It's fine. Does what it's supposed to do without any standout features.
P1049,11049,2024-09-08,Sports,Nike Metcon 8,2,13342.75,26685.50,Debit Card,2,Doesn't live up to the hype. Overpriced for what you actually get.
P1050,11050,2024-04-06,Electronics,iPhone 15,1,77856.47,77856.47,Credit Card,4,Great product with excellent features. Just a few small things keep it from being perfect.
P1051,11051,2024-05-07,Books,Babel by R.F. Kuang,1,1447.95,1447.95,Credit Card,5,Outstanding quality and fantastic value. I'm so happy with this purchase.
P1052,11052,2024-12-24,Home Appliances,LEVOIT Core 300 Air Purifier,1,9932.38,9932.38,PayPal,5,Brilliant product! Works perfectly and is incredibly well-made. Worth every penny.
P1053,11053,2024-11-04,Electronics,MacBook Air M3,3,112399.16,337197.48,Debit Card,5,Outstanding quality and fantastic value. I'm so happy with this purchase.
P1054,11054,2024-05-08,Books,The Seven Year Slip by Ashley Poston,3,1100.52,3301.56,Google Pay,0,Unbelievably bad. The product arrived broken and nobody would help me resolve it.
P1055,11055,2024-12-23,Electronics,Amazon Echo Dot 5th Gen,1,5104.59,5104.59,PayPal,2,Poor experience overall. The product has multiple flaws that affect usability.
P1056,11056,2024-08-23,Books,"Tomorrow, and Tomorrow by Gabrielle Zevin",1,1443.87,1443.87,Credit Card,1,I regret buying this. It's of very low quality and not worth even a fraction of the price.
P1057,11057,2024-09-28,Sports,Under Armour HOVR Sonic 5,1,10758.27,10758.27,Credit Card,5,Exceptional product that delivers exactly what it promises. Couldn't be happier!
P1058,11058,2024-12-28,Sports,RumbleRoller Deep Tissue Roller,5,4082.37,20411.85,Credit Card,3,It's fine. Does what it's supposed to do without any standout features.
P1059,11059,2024-11-20,Electronics,Amazon Echo Dot 5th Gen,1,4956.50,4956.50,Google Pay,5,Absolutely fantastic! The quality far surpasses what I expected at this price point.
P1060,11060,2024-07-11,Books,"Tomorrow, and Tomorrow by Gabrielle Zevin",1,1448.55,1448.55,Apple Pay,4,Very satisfied customer. The product is well-designed and performs reliably.
P1061,11061,2024-06-26,Electronics,Samsung Galaxy Tab S9,1,81793.08,81793.08,Apple Pay,2,Doesn't live up to the hype. Overpriced for what you actually get.
P1062,11062,2024-04-14,Books,Holly by Stephen King,2,1734.16,3468.32,Debit Card,5,Five stars! The best purchase I've made this year. Would highly recommend to everyone.
P1063,11063,2024-03-03,Clothing,Re/Done Classic Stretch Jeans,1,18335.25,18335.25,Credit Card,5,Absolutely fantastic! The quality far surpasses what I expected at this price point.
P1064,11064,2024-09-14,Beauty Products,Kosas Revealer Concealer,1,2774.76,2774.76,Apple Pay,5,Incredible value for the price. The build quality is superb and it works flawlessly.
P1065,11065,2024-01-15,Clothing,Lululemon Wunder Train Leggings,1,9550.62,9550.62,Debit Card,5,Absolutely fantastic! The quality far surpasses what I expected at this price point.
P1066,11066,2024-08-21,Electronics,Sony A7IV Camera,3,256296.53,768889.59,Debit Card,5,Top-notch quality and performance. This has become an essential part of my daily life.
P1067,11067,2024-01-07,Books,The Invisible Life of Addie LaRue by V.E. Schwab,1,979.86,979.86,Credit Card,3,"It does the job adequately. Not great, not terrible, just middle of the road."
P1068,11068,2024-03-20,Home Appliances,Vitamix 5200 Blender,5,45579.92,227899.60,Google Pay,1,Terrible product. Broke almost immediately and the quality is shockingly bad.
P1069,11069,2024-11-10,Books,The Guest List by Lucy Foley,3,884.86,2654.58,PayPal,2,Disappointing quality for the price. Expected much better based on the description.
P1070,11070,2024-07-17,Home Appliances,OXO Brew Conical Burr Grinder,3,9738.18,29214.54,Credit Card,4,Excellent product that does the job well. Only minor complaints.
P1071,11071,2024-09-18,Beauty Products,Ilia Limitless Lash Mascara,2,2783.54,5567.08,Debit Card,5,Outstanding quality and fantastic value. I'm so happy with this purchase.
P1072,11072,2024-07-23,Beauty Products,Glow Recipe Avocado Melt Retinol Eye Cream,1,4177.42,4177.42,Google Pay,5,Brilliant product! Works perfectly and is incredibly well-made. Worth every penny.
P1073,11073,2024-09-05,Books,1984 by George Orwell,4,960.88,3843.52,Debit Card,5,Incredible value for the price. The build quality is superb and it works flawlessly.
P1074,11074,2024-07-25,Beauty Products,Drunk Elephant Protini Polypeptide Cream,3,6867.62,20602.86,Credit Card,5,Absolutely love this product! Exceeded all my expectations and the quality is outstanding.
P1075,11075,2024-09-02,Home Appliances,Vitamix Immersion Blender,1,10168.87,10168.87,Debit Card,4,Very satisfied customer. The product is well-designed and performs reliably.
P1076,11076,2024-12-19,Beauty Products,Fenty Beauty Pro Filt'r Foundation,5,3526.29,17631.45,PayPal,5,Incredible value for the price. The build quality is superb and it works flawlessly.
P1077,11077,2024-03-04,Books,The Vanishing Half by Brit Bennett,2,1186.54,2373.08,Credit Card,5,Five stars! The best purchase I've made this year. Would highly recommend to everyone.
P1078,11078,2024-10-06,Electronics,iPad Air,3,70333.51,211000.53,Credit Card,5,Five stars! The best purchase I've made this year. Would highly recommend to everyone.
P1079,11079,2024-12-13,Clothing,Spanx Perfect Black Pant,1,9677.17,9677.17,Google Pay,5,Absolutely love this product! Exceeded all my expectations and the quality is outstanding.
P1080,11080,2024-06-01,Home Appliances,Simplehuman Soap Dispenser,1,5112.70,5112.70,PayPal,5,Five stars! The best purchase I've made this year. Would highly recommend to everyone.
P1081,11081,2024-02-14,Beauty Products,Fresh Sugar Lip Treatment,2,2374.08,4748.16,Credit Card,5,Outstanding quality and fantastic value. I'm so happy with this purchase.
P1082,11082,2024-05-27,Beauty Products,Anastasia Beverly Hills Brow Wiz,1,2300.32,2300.32,Credit Card,4,Excellent product that does the job well. Only minor complaints.
P1083,11083,2024-10-15,Clothing,Vuori Ponto Performance Pant,1,8647.51,8647.51,Apple Pay,5,Incredible value for the price. The build quality is superb and it works flawlessly.
P1084,11084,2024-09-08,Sports,TRX All-in-One Suspension Kit,1,15052.26,15052.26,Apple Pay,4,Very satisfied customer. The product is well-designed and performs reliably.
P1085,11085,2024-01-03,Clothing,Steve Madden Troopa Boots,2,9215.95,18431.90,Debit Card,3,"It does the job adequately. Not great, not terrible, just middle of the road."
P1086,11086,2024-06-27,Home Appliances,LEVOIT Core 300 Air Purifier,1,9709.67,9709.67,Credit Card,3,It's fine. Does what it's supposed to do without any standout features.
P1087,11087,2024-06-22,Home Appliances,Bodum French Press,2,2917.44,5834.88,Credit Card,5,Brilliant product! Works perfectly and is incredibly well-made. Worth every penny.
P1088,11088,2024-05-21,Sports,Under Armour Sportstyle Shorts,1,3577.17,3577.17,Credit Card,1,Do not buy this. The quality is abysmal and it doesn't deliver on any promises.
P1089,11089,2024-12-18,Home Appliances,Instant Pot Duo Plus,5,14521.42,72607.10,Debit Card,4,I'm impressed with the quality. Not perfect but definitely worth the investment.
P1090,11090,2024-06-06,Clothing,Everlane The Weekender Bag,1,11185.80,11185.80,Credit Card,5,Best in its category! I've tried competitors and nothing comes close to this.
P1091,11091,2024-06-24,Beauty Products,La Roche-Posay Effaclar Duo,3,2474.56,7423.68,Credit Card,5,Brilliant product! Works perfectly and is incredibly well-made. Worth every penny.
P1092,11092,2024-05-24,Beauty Products,Summer Fridays Jet Lag Mask,1,2717.72,2717.72,Google Pay,3,It's fine. Does what it's supposed to do without any standout features.
P1093,11093,2024-03-27,Clothing,Reformation Odessa Dress,3,21369.13,64107.39,Credit Card,4,Great product with excellent features. Just a few small things keep it from being perfect.
P1094,11094,2024-05-18,Beauty Products,Fenty Beauty Pro Filt'r Foundation,1,3626.92,3626.92,Credit Card,3,Works as described but nothing special. Fair value for what you pay.
P1095,11095,2024-07-06,Clothing,Patagonia Baggies Shorts,2,5015.45,10030.90,Google Pay,5,Absolutely love this product! Exceeded all my expectations and the quality is outstanding.
P1096,11096,2024-11-26,Sports,Garmin inReach Mini 2,2,40418.09,80836.18,Debit Card,4,Good value for money. The product is well-made and serves its purpose perfectly.
P1097,11097,2024-07-20,Electronics,iPhone 14 Pro,1,128944.42,128944.42,Credit Card,1,Extremely dissatisfied. The product stopped working within the first week.
P1098,11098,2024-12-07,Electronics,Logitech MX Master 3S Mouse,1,9619.60,9619.60,Credit Card,5,Outstanding quality and fantastic value. I'm so happy with this purchase.
P1099,11099,2024-10-03,Clothing,The North Face Aconcagua Jacket,5,19418.34,97091.70,PayPal,3,It's an okay product. Does the basics but nothing extraordinary. Decent for the price.
P1100,11100,2024-07-04,Books,Normal People by Sally Rooney,1,1047.91,1047.91,Credit Card,5,Absolutely fantastic! The quality far surpasses what I expected at this price point.
P1101,11101,2024-06-14,Home Appliances,Shark Robot Vacuum RV1001AE,1,29192.96,29192.96,Debit Card,5,Incredible value for the price. The build quality is superb and it works flawlessly.
P1102,11102,2024-10-01,Beauty Products,Fenty Beauty Foundation,1,3529.71,3529.71,Credit Card,3,Decent product for the price. Nothing to write home about but it works.
P1103,11103,2024-01-07,Beauty Products,Olaplex No. 3 Hair Perfector,1,2806.55,2806.55,Debit Card,3,"Adequate for basic use. If you need something simple, this works fine."
P1104,11104,2024-03-04,Books,The Song of Achilles by Madeline Miller,5,1204.02,6020.10,PayPal,5,Top-notch quality and performance. This has become an essential part of my daily life.
P1105,11105,2024-12-22,Sports,Nike Metcon 8,1,12614.06,12614.06,Credit Card,4,Excellent product that does the job well. Only minor complaints.
P1106,11106,2024-10-08,Sports,Theragun Prime Percussive Device,2,30776.16,61552.32,Credit Card,5,Five stars! The best purchase I've made this year. Would highly recommend to everyone.
P1107,11107,2024-05-24,Beauty Products,Rare Beauty Soft Pinch Liquid Blush,3,2306.46,6919.38,Credit Card,5,Best in its category! I've tried competitors and nothing comes close to this.
P1108,11108,2024-05-05,Books,The Heaven & Earth Grocery Store by James McBride,1,1448.69,1448.69,Credit Card,0,The worst product I've ever owned. Nothing works and the quality is nonexistent.
P1109,11109,2024-11-11,Home Appliances,KitchenAid Food Processor,1,23097.31,23097.31,Credit Card,4,Works great and looks good too. Very pleased with this purchase overall.
P1110,11110,2024-10-10,Electronics,Dell XPS 13 Laptop,1,101295.84,101295.84,Debit Card,5,Absolutely fantastic! The quality far surpasses what I expected at this price point.
P1111,11111,2024-01-22,Clothing,Zara High-Waisted Trousers,3,4644.05,13932.15,Credit Card,4,Works great and looks good too. Very pleased with this purchase overall.
P1112,11112,2024-08-06,Beauty Products,IT Cosmetics CC+ Cream,2,4275.32,8550.64,Apple Pay,5,Outstanding quality and fantastic value. I'm so happy with this purchase.
P1113,11113,2024-01-05,Clothing,Nike Tech Fleece Joggers,1,10774.82,10774.82,Google Pay,2,Poor experience overall. The product has multiple flaws that affect usability.
P1114,11114,2024-04-03,Beauty Products,NARS Radiant Creamy Concealer,2,3153.91,6307.82,Credit Card,5,Brilliant product! Works perfectly and is incredibly well-made. Worth every penny.
P1115,11115,2024-09-10,Clothing,Stuart Weitzman Lowland Boots,2,81731.05,163462.10,Credit Card,5,Best in its category! I've tried competitors and nothing comes close to this.
P1116,11116,2024-02-12,Beauty Products,La Roche-Posay Anthelios Sunscreen,1,1986.50,1986.50,PayPal,4,Works great and looks good too. Very pleased with this purchase overall.
P1117,11117,2024-11-27,Sports,Nike Metcon 8,1,12897.58,12897.58,Debit Card,3,"It does the job adequately. Not great, not terrible, just middle of the road."
P1118,11118,2024-09-05,Sports,Yeti Hopper M30 Soft Cooler,2,34480.46,68960.92,Apple Pay,5,Exceptional product that delivers exactly what it promises. Couldn't be happier!
P1119,11119,2024-06-20,Sports,Nike Metcon 8,1,12706.81,12706.81,Apple Pay,5,Outstanding quality and fantastic value. I'm so happy with this purchase.
P1120,11120,2024-01-28,Sports,Barbell Weight Set,2,29674.42,59348.84,PayPal,1,Do not buy this. The quality is abysmal and it doesn't deliver on any promises.
P1121,11121,2024-12-12,Beauty Products,Neutrogena Skincare Set,1,9066.08,9066.08,Credit Card,5,Absolutely love this product! Exceeded all my expectations and the quality is outstanding.
P1122,11122,2024-12-04,Beauty Products,La Mer Moisturizing Cream,4,18517.12,74068.48,PayPal,0,Completely defective. The product doesn't function at all and feels like a toy.
P1123,11123,2024-08-16,Books,Happy Place by Emily Henry,2,1150.32,2300.64,PayPal,3,"Mixed feelings about this. Some features are good, others could use improvement."
P1124,11124,2024-07-27,Books,The Housemaid by Freida McFadden,2,1000.48,2000.96,PayPal,5,Best in its category! I've tried competitors and nothing comes close to this.
P1125,11125,2024-12-05,Clothing,Madewell High-Rise Skinny Jeans,1,8941.83,8941.83,PayPal,5,Five stars! The best purchase I've made this year. Would highly recommend to everyone.
P1126,11126,2024-10-13,Beauty Products,La Roche-Posay Anthelios Sunscreen,2,2046.61,4093.22,Debit Card,4,Really happy with this. Does exactly what it says and the quality is very good.
P1127,11127,2024-12-06,Beauty Products,NARS Radiant Creamy Concealer,1,3152.14,3152.14,Google Pay,3,Acceptable quality but there's room for improvement. I've seen better and worse.
P1128,11128,2024-09-24,Beauty Products,Olaplex No. 3 Hair Perfector,3,2861.03,8583.09,Debit Card,5,Life-changing product! I can't imagine going back to anything else now.
P1129,11129,2024-11-12,Home Appliances,Breville Smart Oven Air,1,39204.60,39204.60,PayPal,3,It's an okay product. Does the basics but nothing extraordinary. Decent for the price.
P1130,11130,2024-12-27,Sports,Spalding NBA Street Basketball,1,2425.73,2425.73,PayPal,4,Good value for money. The product is well-made and serves its purpose perfectly.
P1131,11131,2024-11-06,Home Appliances,Honeywell QuietClean Air Purifier,1,19131.39,19131.39,Credit Card,4,Excellent product that does the job well. Only minor complaints.
P1132,11132,2024-12-15,Sports,Apple Watch Series 9,3,41109.69,123329.07,Credit Card,3,"Mixed feelings about this. Some features are good, others could use improvement."
P1133,11133,2024-04-28,Beauty Products,Charlotte Tilbury Flawless Filter,1,4498.78,4498.78,Debit Card,2,Not worth the money. The product feels cheap and doesn't perform as advertised.
P1134,11134,2024-02-03,Books,Holly by Stephen King,1,1645.82,1645.82,Credit Card,4,High quality and durable. Would buy again without hesitation.
P1135,11135,2024-08-25,Electronics,Apple AirTag 4 Pack,1,9761.05,9761.05,Credit Card,3,It's an okay product. Does the basics but nothing extraordinary. Decent for the price.
P1136,11136,2024-02-17,Electronics,iPhone 15,1,79996.24,79996.24,Credit Card,1,Returned this immediately. The product was defective and poorly made.
P1137,11137,2024-11-20,Beauty Products,Rare Beauty Soft Pinch Liquid Blush,1,2314.99,2314.99,Debit Card,0,Horrible experience. The item never arrived properly and support was useless.
P1138,11138,2024-12-22,Beauty Products,La Roche-Posay Effaclar Duo,1,2423.85,2423.85,Debit Card,1,Complete waste of money. The product doesn't work as advertised at all.
P1139,11139,2024-01-28,Beauty Products,La Roche-Posay Cicaplast Baume,2,1729.34,3458.68,PayPal,5,Five stars! The best purchase I've made this year. Would highly recommend to everyone.
P1140,11140,2024-12-09,Clothing,Zara High-Waisted Trousers,1,4622.59,4622.59,Apple Pay,4,Really happy with this. Does exactly what it says and the quality is very good.
P1141,11141,2024-01-21,Books,Educated by Tara Westover,1,1308.93,1308.93,Credit Card,0,Completely defective. The product doesn't function at all and feels like a toy.
P1142,11142,2024-10-08,Sports,Nike Yoga Mat,1,6231.82,6231.82,Debit Card,5,Best in its category! I've tried competitors and nothing comes close to this.
P1143,11143,2024-12-28,Electronics,Apple AirTag 4 Pack,2,9777.55,19555.10,Credit Card,3,Middle of the pack. Not disappointed but not impressed either.
P1144,11144,2024-12-26,Sports,Hyperice Venom 2 Back Massager,1,19897.52,19897.52,Debit Card,5,Absolutely fantastic! The quality far surpasses what I expected at this price point.
P1145,11145,2024-12-15,Home Appliances,Simplehuman Sensor Mirror Pro,4,25579.85,102319.40,Apple Pay,3,"Mixed feelings about this. Some features are good, others could use improvement."
P1146,11146,2024-04-06,Electronics,Oculus Quest 3,1,51377.12,51377.12,Credit Card,5,Top-notch quality and performance. This has become an essential part of my daily life.
P1147,11147,2024-12-25,Clothing,Aritzia Super Puff Shorty,1,24537.90,24537.90,Apple Pay,0,Worst purchase ever. Nothing about this product works as described. Total scam.
P1148,11148,2024-10-18,Sports,Spalding NBA Street Basketball,1,2518.65,2518.65,Credit Card,1,I regret buying this. It's of very low quality and not worth even a fraction of the price.
P1149,11149,2024-01-11,Books,Holly by Stephen King,4,1714.64,6858.56,PayPal,3,Middle of the pack. Not disappointed but not impressed either.
P1150,11150,2024-12-14,Clothing,Lululemon Wunder Train Leggings,1,9574.03,9574.03,Debit Card,5,Top-notch quality and performance. This has become an essential part of my daily life.
P1151,11151,2024-11-07,Home Appliances,iRobot Roomba j7+,2,58560.94,117121.88,Debit Card,0,Unbelievably bad. The product arrived broken and nobody would help me resolve it.
P1152,11152,2024-11-10,Electronics,JBL Charge 5 Speaker,2,17566.91,35133.82,PayPal,0,Completely defective. The product doesn't function at all and feels like a toy.
P1153,11153,2024-11-26,Home Appliances,Ninja Foodi 8-in-1 Pressure Cooker,1,20021.33,20021.33,Credit Card,5,Absolutely love this product! Exceeded all my expectations and the quality is outstanding.
P1154,11154,2024-08-15,Books,Klara and the Sun by Kazuo Ishiguro,1,1426.94,1426.94,Credit Card,4,High quality and durable. Would buy again without hesitation.
P1155,11155,2024-03-10,Home Appliances,Nespresso Vertuo Next,2,16233.07,32466.14,Credit Card,4,Good value for money. The product is well-made and serves its purpose perfectly.
P1156,11156,2024-08-23,Home Appliances,Instant Pot Duo 7-in-1,1,10198.39,10198.39,Credit Card,4,Really happy with this. Does exactly what it says and the quality is very good.
P1157,11157,2024-08-23,Books,The Heaven & Earth Grocery Store by James McBride,1,1517.73,1517.73,PayPal,2,Poor experience overall. The product has multiple flaws that affect usability.
P1158,11158,2024-11-26,Clothing,Uniqlo Airism T-Shirt,2,1936.58,3873.16,PayPal,2,Doesn't live up to the hype. Overpriced for what you actually get.
P1159,11159,2024-05-27,Home Appliances,Zojirushi Bread Maker,5,29986.01,149930.05,Debit Card,4,High quality and durable. Would buy again without hesitation.
P1160,11160,2024-12-25,Beauty Products,Fenty Beauty Pro Filt'r Foundation,1,3596.00,3596.00,Credit Card,5,Outstanding quality and fantastic value. I'm so happy with this purchase.
P1161,11161,2024-10-18,Beauty Products,The Ordinary Niacinamide 10%,1,583.75,583.75,Credit Card,2,Disappointing quality for the price. Expected much better based on the description.
P1162,11162,2024-12-23,Books,To Kill a Mockingbird by Harper Lee,1,1263.97,1263.97,PayPal,4,High quality and durable. Would buy again without hesitation.
P1163,11163,2024-05-05,Clothing,Adidas Samba OG,1,10138.88,10138.88,Credit Card,5,Life-changing product! I can't imagine going back to anything else now.
P1164,11164,2024-02-26,Home Appliances,Keurig K-Elite Coffee Maker,1,13273.61,13273.61,PayPal,1,Complete waste of money. The product doesn't work as advertised at all.
P1165,11165,2024-06-16,Home Appliances,Lodge Cast Iron Skillet,4,2432.83,9731.32,Google Pay,3,"Adequate for basic use. If you need something simple, this works fine."
P1166,11166,2024-07-05,Beauty Products,Drunk Elephant Protini Polypeptide Cream,1,6634.70,6634.70,PayPal,4,Very satisfied customer. The product is well-designed and performs reliably.
P1167,11167,2024-12-21,Books,The Heaven & Earth Grocery Store by James McBride,3,1533.91,4601.73,Debit Card,2,Doesn't live up to the hype. Overpriced for what you actually get.
P1168,11168,2024-05-21,Beauty Products,Clinique Moisture Surge,1,4094.47,4094.47,Debit Card,5,Absolutely fantastic! The quality far surpasses what I expected at this price point.
P1169,11169,2024-04-19,Sports,Nike Air Max 270,1,15210.68,15210.68,Credit Card,5,Best in its category! I've tried competitors and nothing comes close to this.
P1170,11170,2024-12-23,Beauty Products,Paula's Choice 2% BHA Exfoliant,1,3118.27,3118.27,Debit Card,5,Absolutely fantastic! The quality far surpasses what I expected at this price point.
P1171,11171,2024-03-27,Electronics,MacBook Air M3,1,117088.59,117088.59,Google Pay,4,Excellent product that does the job well. Only minor complaints.
P1172,11172,2024-11-18,Home Appliances,Instant Pot Duo 7-in-1,3,9814.65,29443.95,Debit Card,5,Life-changing product! I can't imagine going back to anything else now.
P1173,11173,2024-10-01,Sports,Coleman Sundome 4-Person Tent,1,8889.83,8889.83,Credit Card,5,Outstanding quality and fantastic value. I'm so happy with this purchase.
P1174,11174,2024-10-03,Sports,Stance NBA Socks,1,1614.14,1614.14,Debit Card,0,Stay away from this product. It's a complete rip-off and doesn't work at all.
P1175,11175,2024-05-18,Home Appliances,Simplehuman Soap Dispenser,1,5123.30,5123.30,Credit Card,5,Absolutely love this product! Exceeded all my expectations and the quality is outstanding.
P1176,11176,2024-12-17,Clothing,J.Crew Tippi Sweater,2,7774.22,15548.44,Credit Card,4,I'm impressed with the quality. Not perfect but definitely worth the investment.
P1177,11177,2024-08-12,Sports,Under Armour Sportstyle Shorts,1,3529.35,3529.35,Credit Card,5,Outstanding quality and fantastic value. I'm so happy with this purchase.
P1178,11178,2024-03-28,Clothing,Patagonia Baggies Shorts,5,4930.03,24650.15,Credit Card,4,Good value for money. The product is well-made and serves its purpose perfectly.
P1179,11179,2024-02-20,Beauty Products,Dior Lip Glow Oil,1,3734.28,3734.28,PayPal,3,Works as described but nothing special. Fair value for what you pay.
P1180,11180,2024-06-03,Clothing,Madewell High-Rise Skinny Jeans,2,9135.07,18270.14,PayPal,4,Solid quality and reliable performance. I'm satisfied with this purchase and would recommend it.
P1181,11181,2024-09-09,Home Appliances,Shark Steam Mop,2,11945.44,23890.88,Google Pay,4,Works great and looks good too. Very pleased with this purchase overall.
P1182,11182,2024-11-11,Beauty Products,Paula's Choice 2% BHA Exfoliant,1,3278.81,3278.81,Credit Card,5,Five stars! The best purchase I've made this year. Would highly recommend to everyone.
P1183,11183,2024-08-22,Sports,Yeti Rambler 20 oz Tumbler,1,3454.27,3454.27,Debit Card,5,Top-notch quality and performance. This has become an essential part of my daily life.
P1184,11184,2024-11-05,Clothing,Uniqlo Airism T-Shirt,1,1941.99,1941.99,Credit Card,5,Five stars! The best purchase I've made this year. Would highly recommend to everyone.
P1185,11185,2024-11-04,Home Appliances,LEVOIT Core 300 Air Purifier,1,10123.05,10123.05,Credit Card,2,Mediocre at best. I would not buy this again or recommend it to anyone.
P1186,11186,2024-02-12,Clothing,Aritzia Tna Butter Hoodie,2,6541.91,13083.82,Credit Card,5,Incredible value for the price. The build quality is superb and it works flawlessly.
P1187,11187,2024-03-26,Sports,Brooks Ghost 15 Running Shoes,2,14310.67,28621.34,PayPal,4,Great product with excellent features. Just a few small things keep it from being perfect.
P1188,11188,2024-04-22,Sports,Manduka PRO Yoga Mat,2,12012.50,24025.00,PayPal,5,Exceptional product that delivers exactly what it promises. Couldn't be happier!
P1189,11189,2024-01-24,Books,The Seven Year Slip by Ashley Poston,2,1073.59,2147.18,Credit Card,4,High quality and durable. Would buy again without hesitation.
P1190,11190,2024-03-12,Beauty Products,Ilia Limitless Lash Mascara,1,2752.47,2752.47,PayPal,4,Really happy with this. Does exactly what it says and the quality is very good.
P1191,11191,2024-05-28,Electronics,Nintendo Switch OLED,4,34704.24,138816.96,Debit Card,2,Below average. Several issues that make it hard to recommend to others.
P1192,11192,2024-02-08,Electronics,Logitech MX Keys Keyboard,1,11583.99,11583.99,Credit Card,4,High quality and durable. Would buy again without hesitation.
P1193,11193,2024-11-01,Beauty Products,Chanel Coco Mademoiselle,2,11788.13,23576.26,PayPal,4,Excellent product that does the job well. Only minor complaints.
P1194,11194,2024-10-22,Sports,Brooks Ghost 15 Running Shoes,2,13910.65,27821.30,Credit Card,5,Absolutely love this product! Exceeded all my expectations and the quality is outstanding.
P1195,11195,2024-10-23,Sports,Brooks Adrenaline GTS 22,2,13775.30,27550.60,Google Pay,3,It's an okay product. Does the basics but nothing extraordinary. Decent for the price.
P1196,11196,2024-09-06,Sports,Garmin Venu 3,4,44023.95,176095.80,Debit Card,2,The product has issues that shouldn't exist at this price point. Very underwhelming.
P1197,11197,2024-06-02,Beauty Products,Dior Lip Glow Oil,1,3715.07,3715.07,Debit Card,5,Outstanding quality and fantastic value. I'm so happy with this purchase.
P1198,11198,2024-11-28,Home Appliances,Shark Navigator Lift-Away Vacuum,1,22876.81,22876.81,Credit Card,5,Life-changing product! I can't imagine going back to anything else now.
P1199,11199,2024-06-10,Sports,Gaiam Premium Yoga Mat,3,2615.02,7845.06,Apple Pay,1,Returned this immediately. The product was defective and poorly made.
P1200,11200,2024-01-01,Beauty Products,First Aid Beauty KP Bump Eraser,1,2765.54,2765.54,Credit Card,5,Brilliant product! Works perfectly and is incredibly well-made. Worth every penny.
P1201,11201,2024-06-01,Electronics,Apple AirTag 4 Pack,1,9720.34,9720.34,Google Pay,4,Great product with excellent features. Just a few small things keep it from being perfect.
P1202,11202,2024-06-16,Electronics,iPhone 15,1,80650.90,80650.90,Credit Card,4,I'm impressed with the quality. Not perfect but definitely worth the investment.
P1203,11203,2024-05-14,Home Appliances,Bodum French Press,1,2948.65,2948.65,Apple Pay,3,It's fine. Does what it's supposed to do without any standout features.
P1204,11204,2024-03-12,Beauty Products,Paula's Choice 2% BHA Exfoliant,1,3263.42,3263.42,Credit Card,5,Exceptional product that delivers exactly what it promises. Couldn't be happier!
P1205,11205,2024-01-13,Beauty Products,Dior Addict Lip Glow,2,3573.97,7147.94,PayPal,3,It's fine. Does what it's supposed to do without any standout features.
P1206,11206,2024-12-09,Home Appliances,Shark Navigator Lift-Away Vacuum,1,22968.87,22968.87,PayPal,5,Incredible value for the price. The build quality is superb and it works flawlessly.
P1207,11207,2024-08-24,Beauty Products,Fenty Beauty Foundation,1,3688.58,3688.58,Credit Card,5,Top-notch quality and performance. This has become an essential part of my daily life.
P1208,11208,2024-08-25,Clothing,Arc'teryx Atom LT Hoody,1,26412.56,26412.56,PayPal,0,Absolute garbage. The product was broken on arrival and the company refused a refund.
P1209,11209,2024-07-10,Clothing,Aritzia Tna Butter Hoodie,1,6601.75,6601.75,Credit Card,4,Excellent product that does the job well. Only minor complaints.
P1210,11210,2024-03-09,Electronics,Dyson V11 Vacuum,3,51379.81,154139.43,Credit Card,3,Acceptable quality but there's room for improvement. I've seen better and worse.
P1211,11211,2024-03-23,Electronics,Samsung 55 The Frame TV,2,149920.99,299841.98,PayPal,5,Life-changing product! I can't imagine going back to anything else now.
P1212,11212,2024-09-05,Clothing,Lululemon Scuba Hoodie,1,11730.11,11730.11,Credit Card,0,Zero stars if I could. The product is completely unusable and a total waste of money.
P1213,11213,2024-07-20,Clothing,Nike Air Force 1 Sneakers,1,11666.96,11666.96,PayPal,4,Really happy with this. Does exactly what it says and the quality is very good.
P1214,11214,2024-04-14,Sports,Nike Air Max 270,1,14924.41,14924.41,Credit Card,5,Exceptional product that delivers exactly what it promises. Couldn't be happier!
P1215,11215,2024-06-12,Beauty Products,Laneige Lip Sleeping Mask,1,2241.92,2241.92,PayPal,5,Absolutely love this product! Exceeded all my expectations and the quality is outstanding.
P1216,11216,2024-10-11,Clothing,Patagonia Better Sweater Fleece,1,13716.65,13716.65,Credit Card,5,Brilliant product! Works perfectly and is incredibly well-made. Worth every penny.
P1217,11217,2024-04-16,Books,Spare by Prince Harry,1,1748.28,1748.28,Credit Card,3,Works as described but nothing special. Fair value for what you pay.
P1218,11218,2024-05-24,Books,The Housemaid by Freida McFadden,2,995.28,1990.56,Credit Card,5,Exceptional product that delivers exactly what it promises. Couldn't be happier!
P1219,11219,2024-04-13,Electronics,Nintendo Switch OLED,4,34126.24,136504.96,Credit Card,5,Life-changing product! I can't imagine going back to anything else now.
P1220,11220,2024-12-21,Home Appliances,Weber Smokey Mountain Cooker,1,43757.16,43757.16,Debit Card,5,Absolutely fantastic! The quality far surpasses what I expected at this price point.
P1221,11221,2024-09-10,Beauty Products,Morphe 35O Nature Glow Palette,5,2543.69,12718.45,PayPal,5,Outstanding quality and fantastic value. I'm so happy with this purchase.
P1222,11222,2024-07-23,Clothing,Everlane The Weekender Bag,4,11678.96,46715.84,Google Pay,0,Completely defective. The product doesn't function at all and feels like a toy.
P1223,11223,2024-07-23,Home Appliances,Shark Navigator Lift-Away Vacuum,4,22306.03,89224.12,PayPal,4,Excellent product that does the job well. Only minor complaints.
P1224,11224,2024-11-06,Clothing,Vuori Performance Joggers,2,8604.08,17208.16,Credit Card,0,Absolute garbage. The product was broken on arrival and the company refused a refund.
P1225,11225,2024-11-23,Home Appliances,Weber Smokey Mountain Cooker,2,43630.00,87260.00,Google Pay,1,Complete waste of money. The product doesn't work as advertised at all.
P1226,11226,2024-03-25,Sports,RumbleRoller Deep Tissue Roller,1,4056.88,4056.88,PayPal,4,Really happy with this. Does exactly what it says and the quality is very good.
P1227,11227,2024-03-06,Clothing,Patagonia Retro-X Fleece,2,17372.52,34745.04,Google Pay,4,Excellent product that does the job well. Only minor complaints.
P1228,11228,2024-04-28,Clothing,The North Face Aconcagua Jacket,1,19623.61,19623.61,Debit Card,5,Absolutely love this product! Exceeded all my expectations and the quality is outstanding.
P1229,11229,2024-08-10,Electronics,Apple Watch Ultra 2,2,82019.17,164038.34,Credit Card,1,One of the worst purchases I've made. Cheap materials and poor craftsmanship.
P1230,11230,2024-12-02,Clothing,Zara High-Waisted Trousers,5,4510.13,22550.65,Debit Card,5,Top-notch quality and performance. This has become an essential part of my daily life.
P1231,11231,2024-09-12,Books,The Song of Achilles by Madeline Miller,1,1204.67,1204.67,Google Pay,5,Brilliant product! Works perfectly and is incredibly well-made. Worth every penny.
P1232,11232,2024-06-20,Clothing,J.Crew Tippi Sweater,1,7592.80,7592.80,Credit Card,2,Poor experience overall. The product has multiple flaws that affect usability.
P1233,11233,2024-11-09,Home Appliances,Honeywell QuietClean Air Purifier,1,18350.73,18350.73,Credit Card,5,Incredible value for the price. The build quality is superb and it works flawlessly.
P1234,11234,2024-12-09,Sports,Yeti Tundra 45 Cooler,1,37359.95,37359.95,Debit Card,5,Life-changing product! I can't imagine going back to anything else now.
P1235,11235,2024-09-28,Beauty Products,Supergoop! Unseen Sunscreen,1,3335.43,3335.43,PayPal,5,Best in its category! I've tried competitors and nothing comes close to this.
P1236,11236,2024-02-06,Beauty Products,First Aid Beauty KP Bump Eraser,1,2850.66,2850.66,Credit Card,4,Great product with excellent features. Just a few small things keep it from being perfect.
P1237,11237,2024-10-01,Books,Dune by Frank Herbert,1,1265.06,1265.06,PayPal,3,"Mixed feelings about this. Some features are good, others could use improvement."
P1238,11238,2024-02-03,Beauty Products,NARS Radiant Creamy Concealer,1,3268.31,3268.31,PayPal,5,Absolutely fantastic! The quality far surpasses what I expected at this price point.
P1239,11239,2024-03-25,Electronics,Samsung Galaxy S22,2,70677.29,141354.58,Credit Card,5,Absolutely love this product! Exceeded all my expectations and the quality is outstanding.
P1240,11240,2024-11-21,Electronics,Garmin Forerunner 265,1,45627.70,45627.70,Credit Card,5,Life-changing product! I can't imagine going back to anything else now.
P1241,11241,2024-01-01,Electronics,Amazon Fire TV Stick 4K,1,5085.29,5085.29,Debit Card,5,Best in its category! I've tried competitors and nothing comes close to this.
P1242,11242,2024-11-15,Home Appliances,Samsung Bespoke Refrigerator,1,289533.13,289533.13,Credit Card,5,Exceptional product that delivers exactly what it promises. Couldn't be happier!
P1243,11243,2024-09-04,Electronics,MacBook Air M3,3,112161.81,336485.43,Credit Card,5,Incredible value for the price. The build quality is superb and it works flawlessly.
P1244,11244,2024-03-08,Electronics,Dell XPS 13 Laptop,1,99212.99,99212.99,Debit Card,3,"Mixed feelings about this. Some features are good, others could use improvement."
P1245,11245,2024-12-22,Beauty Products,Neutrogena Skincare Set,2,9105.89,18211.78,Debit Card,4,Solid quality and reliable performance. I'm satisfied with this purchase and would recommend it.
P1246,11246,2024-04-10,Books,Demon Copperhead by Barbara Kingsolver,1,1326.63,1326.63,Debit Card,1,Complete waste of money. The product doesn't work as advertised at all.
P1247,11247,2024-12-20,Home Appliances,Cuisinart Air Fryer Toaster Oven,1,17932.74,17932.74,Credit Card,5,Incredible value for the price. The build quality is superb and it works flawlessly.
P1248,11248,2024-03-22,Books,The Da Vinci Code by Dan Brown,2,1569.68,3139.36,Debit Card,5,Best in its category! I've tried competitors and nothing comes close to this.
P1249,11249,2024-10-09,Electronics,Canon EOS R50 Camera,3,69373.62,208120.86,PayPal,2,Not worth the money. The product feels cheap and doesn't perform as advertised.
P1250,11250,2024-05-13,Beauty Products,Glossier Boy Brow,2,1820.67,3641.34,Apple Pay,2,Below average. Several issues that make it hard to recommend to others.
P1251,11251,2024-09-24,Clothing,Reformation Odessa Dress,1,21568.55,21568.55,PayPal,5,Incredible value for the price. The build quality is superb and it works flawlessly.
P1252,11252,2024-06-16,Beauty Products,Chanel Coco Mademoiselle,1,11815.98,11815.98,Credit Card,2,Subpar performance and build quality. I've had much better products in this category.
P1253,11253,2024-03-21,Clothing,H&M Linen Blend Shirt,1,2998.85,2998.85,Google Pay,4,Excellent product that does the job well. Only minor complaints.
P1254,11254,2024-08-08,Beauty Products,Neutrogena Skincare Set,1,9105.93,9105.93,Google Pay,4,Really happy with this. Does exactly what it says and the quality is very good.
P1255,11255,2024-10-08,Books,The Housemaid by Freida McFadden,1,1019.34,1019.34,Credit Card,5,Best in its category! I've tried competitors and nothing comes close to this.
P1256,11256,2024-12-04,Electronics,JBL Flip 6 Speaker,4,12792.30,51169.20,PayPal,5,Brilliant product! Works perfectly and is incredibly well-made. Worth every penny.
P1257,11257,2024-11-18,Beauty Products,Dior Addict Lip Glow,1,3558.65,3558.65,Credit Card,3,Average quality. Meets basic expectations but doesn't stand out from competitors.
P1258,11258,2024-12-23,Home Appliances,Breville Smart Oven Air,1,38766.07,38766.07,PayPal,5,Five stars! The best purchase I've made this year. Would highly recommend to everyone.
P1259,11259,2024-10-03,Beauty Products,Fresh Sugar Lip Treatment,3,2443.13,7329.39,Credit Card,5,Brilliant product! Works perfectly and is incredibly well-made. Worth every penny.
P1260,11260,2024-02-03,Electronics,Samsung Galaxy S22,2,72539.16,145078.32,PayPal,2,Mediocre at best. I would not buy this again or recommend it to anyone.
P1261,11261,2024-11-24,Sports,On Cloudrunning Shoes,2,14809.68,29619.36,PayPal,3,It's fine. Does what it's supposed to do without any standout features.
P1262,11262,2024-11-23,Electronics,Samsung Galaxy S22,1,69728.97,69728.97,Credit Card,4,Great product with excellent features. Just a few small things keep it from being perfect.
P1263,11263,2024-08-01,Beauty Products,Supergoop! Unseen Sunscreen,3,3426.59,10279.77,Apple Pay,4,Good value for money. The product is well-made and serves its purpose perfectly.
P1264,11264,2024-12-17,Books,1984 by George Orwell,2,985.47,1970.94,PayPal,5,Five stars! The best purchase I've made this year. Would highly recommend to everyone.
P1265,11265,2024-08-05,Clothing,Patagonia Better Sweater Fleece,1,13529.70,13529.70,PayPal,5,Absolutely fantastic! The quality far surpasses what I expected at this price point.
P1266,11266,2024-09-03,Beauty Products,Ilia Limitless Lash Mascara,1,2815.56,2815.56,PayPal,2,Not worth the money. The product feels cheap and doesn't perform as advertised.
P1267,11267,2024-01-12,Beauty Products,Chanel Coco Mademoiselle,1,11220.03,11220.03,Debit Card,5,Top-notch quality and performance. This has become an essential part of my daily life.
P1268,11268,2024-01-10,Home Appliances,Samsung Bespoke Refrigerator,1,282339.16,282339.16,Credit Card,5,Exceptional product that delivers exactly what it promises. Couldn't be happier!
P1269,11269,2024-03-07,Electronics,iPad Air,1,68159.66,68159.66,Credit Card,4,Very satisfied customer. The product is well-designed and performs reliably.
P1270,11270,2024-12-16,Electronics,Sony WH-1000XM5 Headphones,1,38926.15,38926.15,Credit Card,5,Top-notch quality and performance. This has become an essential part of my daily life.
P1271,11271,2024-11-13,Sports,Barbell Weight Set,1,30351.81,30351.81,Debit Card,0,Worst purchase ever. Nothing about this product works as described. Total scam.
P1272,11272,2024-05-24,Sports,Theragun Prime Percussive Device,1,30451.64,30451.64,PayPal,5,Incredible value for the price. The build quality is superb and it works flawlessly.
P1273,11273,2024-07-28,Electronics,Apple Watch Series 9,1,41023.97,41023.97,Apple Pay,5,Five stars! The best purchase I've made this year. Would highly recommend to everyone.
P1274,11274,2024-12-08,Clothing,Patagonia Baggies Shorts,3,4945.34,14836.02,PayPal,0,Stay away from this product. It's a complete rip-off and doesn't work at all.
P1275,11275,2024-08-24,Sports,Garmin inReach Mini 2,4,39520.35,158081.40,PayPal,5,Top-notch quality and performance. This has become an essential part of my daily life.
P1276,11276,2024-09-14,Electronics,Apple Watch Ultra 2,4,81214.39,324857.56,PayPal,5,Life-changing product! I can't imagine going back to anything else now.
P1277,11277,2024-09-05,Sports,Apple Watch Series 9,2,41893.77,83787.54,Credit Card,5,Exceptional product that delivers exactly what it promises. Couldn't be happier!
P1278,11278,2024-08-26,Electronics,Nintendo Switch OLED,1,34805.37,34805.37,PayPal,1,Very disappointed. The item arrived damaged and customer service was unhelpful.
P1279,11279,2024-01-19,Books,Spare by Prince Harry,1,1743.94,1743.94,Apple Pay,5,Best in its category! I've tried competitors and nothing comes close to this.
P1280,11280,2024-12-25,Beauty Products,IT Cosmetics CC+ Cream,2,4295.29,8590.58,Debit Card,0,The worst product I've ever owned. Nothing works and the quality is nonexistent.
P1281,11281,2024-01-28,Clothing,Stuart Weitzman Lowland Boots,1,81202.89,81202.89,PayPal,4,Excellent product that does the job well. Only minor complaints.
P1282,11282,2024-11-11,Books,"Tomorrow, and Tomorrow by Gabrielle Zevin",1,1442.45,1442.45,Apple Pay,5,Absolutely love this product! Exceeded all my expectations and the quality is outstanding.
P1283,11283,2024-09-21,Electronics,AirPods Max,2,54059.43,108118.86,Google Pay,5,Five stars! The best purchase I've made this year. Would highly recommend to everyone.
P1284,11284,2024-05-06,Beauty Products,La Roche-Posay Effaclar Duo,3,2448.62,7345.86,Apple Pay,3,Decent product for the price. Nothing to write home about but it works.
P1285,11285,2024-07-21,Sports,Brooks Adrenaline GTS 22,4,13960.50,55842.00,Debit Card,5,Five stars! The best purchase I've made this year. Would highly recommend to everyone.
P1286,11286,2024-12-13,Beauty Products,CeraVe Hydrating Facial Cleanser,1,1474.69,1474.69,Debit Card,5,Life-changing product! I can't imagine going back to anything else now.
P1287,11287,2024-08-23,Beauty Products,Anastasia Beverly Hills Brow Wiz,1,2283.76,2283.76,Google Pay,5,Best in its category! I've tried competitors and nothing comes close to this.
P1288,11288,2024-03-07,Books,The Silent Patient by Alex Michaelides,2,1018.98,2037.96,PayPal,5,Top-notch quality and performance. This has become an essential part of my daily life.
P1289,11289,2024-11-16,Clothing,Patagonia Nano Puff Jacket,1,23405.66,23405.66,PayPal,5,Brilliant product! Works perfectly and is incredibly well-made. Worth every penny.
P1290,11290,2024-02-03,Clothing,Vuori Performance Joggers,1,8693.52,8693.52,Apple Pay,1,Frustrating experience from start to finish. The product simply doesn't work.
P1291,11291,2024-04-09,Home Appliances,Hamilton Beach 2-Slice Toaster,3,2916.88,8750.64,PayPal,5,Exceptional product that delivers exactly what it promises. Couldn't be happier!
P1292,11292,2024-03-12,Beauty Products,Laneige Lip Sleeping Mask,1,2194.67,2194.67,PayPal,0,A total failure. I had to throw it away after one use. Absolutely unacceptable.
P1293,11293,2024-06-23,Beauty Products,Fenty Beauty Foundation,3,3603.12,10809.36,Credit Card,5,Life-changing product! I can't imagine going back to anything else now.
P1294,11294,2024-09-11,Books,Where the Crawdads Sing by Delia Owens,1,1115.93,1115.93,PayPal,4,I'm impressed with the quality. Not perfect but definitely worth the investment.
P1295,11295,2024-02-22,Beauty Products,Charlotte Tilbury Pillow Talk Lipstick,1,3435.21,3435.21,Apple Pay,1,Very disappointed. The item arrived damaged and customer service was unhelpful.
P1296,11296,2024-09-21,Electronics,Anker 737 Power Bank,1,11060.69,11060.69,Credit Card,4,Excellent product that does the job well. Only minor complaints.
P1297,11297,2024-11-20,Books,Holly by Stephen King,1,1660.57,1660.57,Credit Card,0,Unbelievably bad. The product arrived broken and nobody would help me resolve it.
P1298,11298,2024-12-12,Books,Spare by Prince Harry,1,1832.60,1832.60,Google Pay,2,Below average. Several issues that make it hard to recommend to others.
P1299,11299,2024-10-21,Beauty Products,Tower 28 SOS Rescue Facial Spray,1,1972.30,1972.30,Google Pay,4,I'm impressed with the quality. Not perfect but definitely worth the investment.
P1300,11300,2024-02-06,Beauty Products,Heritage Store Rosewater Facial Spray,1,970.81,970.81,Credit Card,5,Incredible value for the price. The build quality is superb and it works flawlessly.
P1301,11301,2024-06-28,Beauty Products,Tatcha The Water Cream,2,6872.33,13744.66,Debit Card,0,Worst purchase ever. Nothing about this product works as described. Total scam.
P1302,11302,2024-02-01,Beauty Products,Olaplex No. 3 Hair Perfector,1,2831.84,2831.84,Credit Card,1,Complete waste of money. The product doesn't work as advertised at all.
P1303,11303,2024-09-17,Electronics,iPad Air,2,71375.05,142750.10,Credit Card,5,Best in its category! I've tried competitors and nothing comes close to this.
P1304,11304,2024-08-04,Clothing,Levi's 501 Jeans,3,7178.96,21536.88,Debit Card,0,The worst product I've ever owned. Nothing works and the quality is nonexistent.
P1305,11305,2024-06-27,Beauty Products,Supergoop! Unseen Sunscreen,1,3364.50,3364.50,Credit Card,4,Good value for money. The product is well-made and serves its purpose perfectly.
P1306,11306,2024-12-09,Books,The Great Gatsby by F. Scott Fitzgerald,3,1007.53,3022.59,PayPal,3,It's an okay product. Does the basics but nothing extraordinary. Decent for the price.
P1307,11307,2024-12-14,Electronics,iPad Air,1,68446.26,68446.26,Debit Card,2,The product has issues that shouldn't exist at this price point. Very underwhelming.
P1308,11308,2024-11-20,Books,Where the Crawdads Sing by Delia Owens,1,1120.03,1120.03,PayPal,5,Incredible value for the price. The build quality is superb and it works flawlessly.
P1309,11309,2024-03-21,Beauty Products,The Ordinary Niacinamide 10%,3,600.67,1802.01,Credit Card,4,Works great and looks good too. Very pleased with this purchase overall.
P1310,11310,2024-12-06,Beauty Products,Drunk Elephant Protini Polypeptide Cream,4,6797.04,27188.16,PayPal,5,Brilliant product! Works perfectly and is incredibly well-made. Worth every penny.
P1311,11311,2024-08-21,Beauty Products,Fenty Beauty Pro Filt'r Foundation,3,3617.42,10852.26,Credit Card,2,Not worth the money. The product feels cheap and doesn't perform as advertised.
P1312,11312,2024-12-07,Electronics,Logitech MX Keys Keyboard,1,11855.32,11855.32,Credit Card,5,Life-changing product! I can't imagine going back to anything else now.
P1313,11313,2024-10-03,Books,Britt-Marie Was Here by Fredrik Backman,1,1054.61,1054.61,Apple Pay,3,Decent product for the price. Nothing to write home about but it works.
P1314,11314,2024-03-21,Clothing,The North Face Recon Backpack,1,9921.04,9921.04,Credit Card,3,Acceptable quality but there's room for improvement. I've seen better and worse.
P1315,11315,2024-11-22,Electronics,Bose QuietComfort Earbuds II,1,30680.35,30680.35,Credit Card,3,"Adequate for basic use. If you need something simple, this works fine."
P1316,11316,2024-12-04,Beauty Products,First Aid Beauty KP Bump Eraser,4,2726.84,10907.36,PayPal,5,Brilliant product! Works perfectly and is incredibly well-made. Worth every penny.
P1317,11317,2024-02-16,Books,The Housemaid by Freida McFadden,4,972.65,3890.60,Debit Card,4,Very good product overall. Works well and meets my expectations. Minor improvements possible.
P1318,11318,2024-06-16,Electronics,Canon EOS R50 Camera,1,67573.70,67573.70,Debit Card,3,It's fine. Does what it's supposed to do without any standout features.
P1319,11319,2024-11-06,Books,Atomic Habits by James Clear,1,1167.06,1167.06,Credit Card,3,It's an okay product. Does the basics but nothing extraordinary. Decent for the price.
P1320,11320,2024-02-11,Books,The Guest List by Lucy Foley,1,896.09,896.09,Google Pay,5,Absolutely fantastic! The quality far surpasses what I expected at this price point.
P1321,11321,2024-11-04,Home Appliances,Shark Steam Mop,2,11925.67,23851.34,Google Pay,4,Great product with excellent features. Just a few small things keep it from being perfect.
P1322,11322,2024-04-12,Electronics,Dyson V11 Vacuum,4,48491.32,193965.28,PayPal,5,Brilliant product! Works perfectly and is incredibly well-made. Worth every penny.
P1323,11323,2024-04-16,Clothing,Nike Air Force 1 Sneakers,5,11881.05,59405.25,Google Pay,3,It's fine. Does what it's supposed to do without any standout features.
P1324,11324,2024-11-16,Beauty Products,Tatcha The Water Cream,1,6749.24,6749.24,Credit Card,5,Outstanding quality and fantastic value. I'm so happy with this purchase.
P1325,11325,2024-10-23,Clothing,Aritzia Super Puff Shorty,5,24306.72,121533.60,Credit Card,5,Outstanding quality and fantastic value. I'm so happy with this purchase.
P1326,11326,2024-12-16,Beauty Products,CeraVe Hydrating Facial Cleanser,4,1483.18,5932.72,Credit Card,2,Not satisfied with this purchase. The quality is noticeably lacking.
P1327,11327,2024-02-13,Beauty Products,Rare Beauty Soft Pinch Liquid Blush,1,2269.79,2269.79,Debit Card,4,Very good product overall. Works well and meets my expectations. Minor improvements possible.
P1328,11328,2024-12-09,Beauty Products,Charlotte Tilbury Flawless Filter,1,4476.05,4476.05,Google Pay,5,Absolutely love this product! Exceeded all my expectations and the quality is outstanding.
P1329,11329,2024-02-26,Books,Circe by Madeline Miller,1,1265.69,1265.69,Credit Card,5,Top-notch quality and performance. This has become an essential part of my daily life.
P1330,11330,2024-06-25,Books,The Midnight Library by Matt Haig,1,1325.41,1325.41,Credit Card,3,"Mixed feelings about this. Some features are good, others could use improvement."
P1331,11331,2024-07-26,Books,Educated by Tara Westover,4,1324.88,5299.52,PayPal,5,Outstanding quality and fantastic value. I'm so happy with this purchase.
P1332,11332,2024-08-04,Sports,Stance NBA Socks,1,1600.29,1600.29,Debit Card,4,Works great and looks good too. Very pleased with this purchase overall.
P1333,11333,2024-10-14,Books,Where the Crawdads Sing by Delia Owens,3,1070.26,3210.78,Credit Card,2,Mediocre at best. I would not buy this again or recommend it to anyone.
P1334,11334,2024-01-09,Beauty Products,Dior Addict Lip Glow,1,3480.11,3480.11,Credit Card,5,Incredible value for the price. The build quality is superb and it works flawlessly.
P1335,11335,2024-04-01,Clothing,Spanx Perfect Black Pant,1,9966.58,9966.58,Credit Card,0,The worst product I've ever owned. Nothing works and the quality is nonexistent.
P1336,11336,2024-05-27,Beauty Products,Drunk Elephant Protini Polypeptide Cream,1,6803.63,6803.63,Google Pay,5,Absolutely love this product! Exceeded all my expectations and the quality is outstanding.
P1337,11337,2024-02-04,Beauty Products,Glow Recipe Watermelon Glow,2,3344.17,6688.34,Debit Card,4,Excellent product that does the job well. Only minor complaints.
P1338,11338,2024-11-16,Electronics,Sony WH-1000XM4 Headphones,1,35311.38,35311.38,Apple Pay,4,Solid quality and reliable performance. I'm satisfied with this purchase and would recommend it.
P1339,11339,2024-11-20,Electronics,Samsung 55 The Frame TV,1,145833.22,145833.22,Credit Card,5,Top-notch quality and performance. This has become an essential part of my daily life.
P1340,11340,2024-12-24,Beauty Products,Tatcha The Water Cream,1,6622.16,6622.16,Debit Card,2,The product has issues that shouldn't exist at this price point. Very underwhelming.
P1341,11341,2024-12-23,Electronics,Bose QuietComfort Earbuds II,1,30411.19,30411.19,Debit Card,5,Exceptional product that delivers exactly what it promises. Couldn't be happier!
P1342,11342,2024-02-11,Books,The Thursday Murder Club by Richard Osman,1,1264.48,1264.48,PayPal,4,Solid quality and reliable performance. I'm satisfied with this purchase and would recommend it.
P1343,11343,2024-02-28,Home Appliances,Keurig K-Elite Coffee Maker,3,13200.16,39600.48,PayPal,3,Average quality. Meets basic expectations but doesn't stand out from competitors.
P1344,11344,2024-08-08,Beauty Products,Fresh Sugar Lip Treatment,2,2458.31,4916.62,Debit Card,2,Mediocre at best. I would not buy this again or recommend it to anyone.
P1345,11345,2024-04-09,Clothing,Re/Done Classic Stretch Jeans,2,18336.84,36673.68,Credit Card,3,"Mixed feelings about this. Some features are good, others could use improvement."
P1346,11346,2024-10-03,Sports,Peloton Bike,1,140278.82,140278.82,Credit Card,4,Works great and looks good too. Very pleased with this purchase overall.
P1347,11347,2024-03-04,Books,"Thinking, Fast and Slow by Daniel Kahneman",1,2000.81,2000.81,Google Pay,4,I'm impressed with the quality. Not perfect but definitely worth the investment.
P1348,11348,2024-11-10,Beauty Products,Saie Glowy Super Skin Gel,2,3256.57,6513.14,Debit Card,1,Awful quality. Fell apart after minimal use. Would never recommend this to anyone.
P1349,11349,2024-12-13,Beauty Products,Kosas Cloud Set Powder,3,3492.82,10478.46,PayPal,5,Exceptional product that delivers exactly what it promises. Couldn't be happier!
P1350,11350,2024-07-22,Books,The Great Gatsby by F. Scott Fitzgerald,5,994.59,4972.95,Debit Card,5,Five stars! The best purchase I've made this year. Would highly recommend to everyone.
P1351,11351,2024-11-08,Electronics,Google Pixel 8,4,68587.40,274349.60,Credit Card,4,Excellent product that does the job well. Only minor complaints.
P1352,11352,2024-07-09,Home Appliances,Shark Navigator Lift-Away Vacuum,4,22328.51,89314.04,PayPal,5,Incredible value for the price. The build quality is superb and it works flawlessly.
P1353,11353,2024-08-17,Books,The Invisible Life of Addie LaRue by V.E. Schwab,1,976.49,976.49,Debit Card,5,Incredible value for the price. The build quality is superb and it works flawlessly.
P1354,11354,2024-11-14,Home Appliances,OXO Good Grips Can Opener,1,2475.46,2475.46,Credit Card,5,Life-changing product! I can't imagine going back to anything else now.
P1355,11355,2024-08-14,Electronics,Dyson Airwrap Multi-Styler,2,60425.96,120851.92,Debit Card,5,Absolutely love this product! Exceeded all my expectations and the quality is outstanding.
P1356,11356,2024-12-19,Clothing,Allbirds Tree Runners,1,9518.32,9518.32,Credit Card,5,Life-changing product! I can't imagine going back to anything else now.
P1357,11357,2024-10-13,Beauty Products,Fenty Beauty Pro Filt'r Foundation,1,3529.66,3529.66,Credit Card,4,Great product with excellent features. Just a few small things keep it from being perfect.
P1358,11358,2024-11-12,Clothing,Steve Madden Troopa Boots,2,8875.64,17751.28,Credit Card,5,Absolutely fantastic! The quality far surpasses what I expected at this price point.
P1359,11359,2024-12-20,Beauty Products,Fresh Sugar Lip Treatment,2,2440.56,4881.12,Credit Card,5,Five stars! The best purchase I've made this year. Would highly recommend to everyone.
P1360,11360,2024-03-11,Beauty Products,Tower 28 SOS Rescue Facial Spray,1,1931.82,1931.82,Apple Pay,4,Very good product overall. Works well and meets my expectations. Minor improvements possible.
P1361,11361,2024-03-09,Electronics,Canon EOS R50 Camera,1,68960.30,68960.30,Credit Card,4,High quality and durable. Would buy again without hesitation.
P1362,11362,2024-09-16,Clothing,Zara Dress,1,7771.96,7771.96,Credit Card,4,Good value for money. The product is well-made and serves its purpose perfectly.
P1363,11363,2024-11-17,Sports,Theragun Prime Percussive Device,1,29265.97,29265.97,Debit Card,5,Top-notch quality and performance. This has become an essential part of my daily life.
P1364,11364,2024-07-24,Books,The Seven Husbands of Evelyn Hugo by Taylor Jenkins Reid,5,1123.40,5617.00,Apple Pay,5,Best in its category! I've tried competitors and nothing comes close to this.
P1365,11365,2024-01-12,Books,The Da Vinci Code by Dan Brown,2,1627.34,3254.68,Credit Card,4,Good value for money. The product is well-made and serves its purpose perfectly.
P1366,11366,2024-10-24,Electronics,MacBook Air M3,1,114281.74,114281.74,Credit Card,3,Works as described but nothing special. Fair value for what you pay.
P1367,11367,2024-06-01,Clothing,H&M Linen Blend Shirt,2,3025.13,6050.26,PayPal,5,Five stars! The best purchase I've made this year. Would highly recommend to everyone.
P1368,11368,2024-03-13,Electronics,Dyson Airwrap Multi-Styler,5,61255.46,306277.30,Google Pay,1,Returned this immediately. The product was defective and poorly made.
P1369,11369,2024-12-17,Home Appliances,LEVOIT Core 300 Air Purifier,1,10006.37,10006.37,Debit Card,4,Works great and looks good too. Very pleased with this purchase overall.
P1370,11370,2024-12-09,Books,Dune by Frank Herbert,1,1296.15,1296.15,Debit Card,2,Below average. Several issues that make it hard to recommend to others.
P1371,11371,2024-07-15,Sports,Apple Watch Series 9,5,42634.94,213174.70,Credit Card,5,Absolutely love this product! Exceeded all my expectations and the quality is outstanding.
P1372,11372,2024-08-22,Home Appliances,Keurig K-Elite Coffee Maker,1,12629.28,12629.28,Credit Card,3,Works as described but nothing special. Fair value for what you pay.
P1373,11373,2024-05-10,Electronics,Amazon Echo Dot 5th Gen,3,4844.97,14534.91,Credit Card,5,Life-changing product! I can't imagine going back to anything else now.
P1374,11374,2024-02-16,Books,1984 by George Orwell,1,981.22,981.22,Credit Card,5,Brilliant product! Works perfectly and is incredibly well-made. Worth every penny.
P1375,11375,2024-06-10,Sports,Theragun Prime Percussive Device,2,30382.38,60764.76,PayPal,0,Do not waste your money. This is the worst product I have ever purchased.
P1376,11376,2024-03-24,Clothing,Levi's 501 Jeans,1,7165.42,7165.42,Credit Card,5,Best in its category! I've tried competitors and nothing comes close to this.
P1377,11377,2024-12-08,Beauty Products,La Mer Moisturizing Cream,1,19429.47,19429.47,Debit Card,1,One of the worst purchases I've made. Cheap materials and poor craftsmanship.
P1378,11378,2024-09-06,Sports,JBL Endurance RUN Earphones,1,3057.44,3057.44,Credit Card,5,Outstanding quality and fantastic value. I'm so happy with this purchase.
P1379,11379,2024-04-14,Sports,Yeti Hopper M30 Soft Cooler,1,34580.61,34580.61,Credit Card,4,High quality and durable. Would buy again without hesitation.
P1380,11380,2024-08-13,Beauty Products,Tatcha The Water Cream,1,6800.83,6800.83,Debit Card,4,I'm impressed with the quality. Not perfect but definitely worth the investment.
P1381,11381,2024-07-14,Beauty Products,ILIA Super Serum Skin Tint,1,4764.21,4764.21,Credit Card,1,Terrible product. Broke almost immediately and the quality is shockingly bad.
P1382,11382,2024-12-14,Electronics,Oculus Quest 3,3,50244.93,150734.79,Credit Card,2,Not satisfied with this purchase. The quality is noticeably lacking.
P1383,11383,2024-08-05,Sports,Hydro Flask Standard Mouth Bottle,4,3364.58,13458.32,Credit Card,3,Acceptable quality but there's room for improvement. I've seen better and worse.
P1384,11384,2024-02-22,Electronics,iPhone 15,1,81160.80,81160.80,Google Pay,4,Very good product overall. Works well and meets my expectations. Minor improvements possible.
P1385,11385,2024-02-09,Electronics,Amazon Fire TV Stick 4K,1,4869.46,4869.46,Credit Card,4,I'm impressed with the quality. Not perfect but definitely worth the investment.
P1386,11386,2024-12-04,Sports,Yoga Mat Pro,2,4856.17,9712.34,Credit Card,4,Excellent product that does the job well. Only minor complaints.
P1387,11387,2024-11-16,Home Appliances,KitchenAid Pasta Roller,1,15057.06,15057.06,PayPal,5,Exceptional product that delivers exactly what it promises. Couldn't be happier!
P1388,11388,2024-10-01,Sports,Nike Yoga Mat,2,6078.84,12157.68,Debit Card,5,Life-changing product! I can't imagine going back to anything else now.
P1389,11389,2024-12-17,Electronics,Anker 737 Power Bank,1,10640.76,10640.76,Credit Card,2,Mediocre at best. I would not buy this again or recommend it to anyone.
P1390,11390,2024-06-04,Books,Sapiens by Yuval Noah Harari,1,1738.95,1738.95,Credit Card,2,The product has issues that shouldn't exist at this price point. Very underwhelming.
P1391,11391,2024-04-20,Beauty Products,SK-II Facial Treatment Essence,3,11973.58,35920.74,PayPal,5,Absolutely love this product! Exceeded all my expectations and the quality is outstanding.
P1392,11392,2024-03-27,Clothing,Canada Goose HyBridge Base Hoody,1,40072.75,40072.75,Google Pay,5,Best in its category! I've tried competitors and nothing comes close to this.
P1393,11393,2024-05-22,Electronics,Apple AirTag 4 Pack,5,9895.82,49479.10,Credit Card,4,Solid quality and reliable performance. I'm satisfied with this purchase and would recommend it.
P1394,11394,2024-07-27,Beauty Products,Chanel Coco Mademoiselle,1,11340.69,11340.69,Debit Card,4,Very good product overall. Works well and meets my expectations. Minor improvements possible.
P1395,11395,2024-09-02,Beauty Products,Clinique Moisture Surge,1,4292.33,4292.33,PayPal,4,High quality and durable. Would buy again without hesitation.
P1396,11396,2024-05-06,Books,The Covenant of Water by Abraham Verghese,1,1726.61,1726.61,Credit Card,5,Absolutely fantastic! The quality far surpasses what I expected at this price point.
P1397,11397,2024-06-03,Home Appliances,LEVOIT Core 300 Air Purifier,2,9812.01,19624.02,Credit Card,5,Brilliant product! Works perfectly and is incredibly well-made. Worth every penny.
P1398,11398,2024-05-25,Books,To Kill a Mockingbird by Harper Lee,4,1256.58,5026.32,Apple Pay,5,Best in its category! I've tried competitors and nothing comes close to this.
P1399,11399,2024-09-06,Sports,RumbleRoller Foam Roller,3,4997.61,14992.83,PayPal,3,"Adequate for basic use. If you need something simple, this works fine."
P1400,11400,2024-12-12,Beauty Products,Drunk Elephant Protini Polypeptide Cream,1,6598.33,6598.33,PayPal,5,Five stars! The best purchase I've made this year. Would highly recommend to everyone.
P1401,11401,2024-08-22,Beauty Products,Anastasia Beverly Hills Brow Wiz,1,2253.11,2253.11,Credit Card,5,Brilliant product! Works perfectly and is incredibly well-made. Worth every penny.
P1402,11402,2024-11-13,Beauty Products,Dior Addict Lip Glow,4,3398.27,13593.08,Credit Card,5,Five stars! The best purchase I've made this year. Would highly recommend to everyone.
P1403,11403,2024-07-12,Electronics,iPad Pro 12.9,4,128506.11,514024.44,Apple Pay,5,Life-changing product! I can't imagine going back to anything else now.
P1404,11404,2024-09-07,Clothing,Everlane The Weekender Bag,1,11623.41,11623.41,Credit Card,5,Brilliant product! Works perfectly and is incredibly well-made. Worth every penny.
P1405,11405,2024-07-17,Home Appliances,Shark Steam Mop,1,11560.31,11560.31,Debit Card,5,Brilliant product! Works perfectly and is incredibly well-made. Worth every penny.
P1406,11406,2024-12-12,Beauty Products,Charlotte Tilbury Pillow Talk Lipstick,2,3464.14,6928.28,Debit Card,5,Absolutely fantastic! The quality far surpasses what I expected at this price point.
P1407,11407,2024-08-27,Clothing,Adidas Ultraboost Light,2,18870.21,37740.42,Debit Card,5,Absolutely fantastic! The quality far surpasses what I expected at this price point.
P1408,11408,2024-12-26,Electronics,Amazon Echo Show 8,1,15012.17,15012.17,Debit Card,4,Great product with excellent features. Just a few small things keep it from being perfect.
P1409,11409,2024-11-10,Electronics,Apple AirTag 4 Pack,1,9739.96,9739.96,Credit Card,4,Very good product overall. Works well and meets my expectations. Minor improvements possible.
P1410,11410,2024-04-10,Clothing,Everlane The Cashmere Crew,1,11798.54,11798.54,PayPal,0,Worst purchase ever. Nothing about this product works as described. Total scam.
P1411,11411,2024-08-08,Sports,Fitbit Charge 5,4,14990.04,59960.16,PayPal,4,Excellent product that does the job well. Only minor complaints.
P1412,11412,2024-10-04,Beauty Products,Dr. Jart+ Cicapair Tiger Grass Cream,4,5341.01,21364.04,Credit Card,5,Incredible value for the price. The build quality is superb and it works flawlessly.
P1413,11413,2024-04-11,Electronics,JBL Flip 6 Speaker,1,12936.45,12936.45,Debit Card,1,Terrible product. Broke almost immediately and the quality is shockingly bad.
P1414,11414,2024-04-03,Sports,JBL Endurance RUN Earphones,4,3026.43,12105.72,Credit Card,5,Five stars! The best purchase I've made this year. Would highly recommend to everyone.
P1415,11415,2024-12-20,Electronics,Fujifilm Instax Mini 12,4,7480.46,29921.84,PayPal,5,Absolutely love this product! Exceeded all my expectations and the quality is outstanding.
P1416,11416,2024-02-16,Sports,RumbleRoller Foam Roller,1,4945.17,4945.17,Apple Pay,5,Outstanding quality and fantastic value. I'm so happy with this purchase.
P1417,11417,2024-01-02,Electronics,Microsoft Surface Laptop 5,3,124177.31,372531.93,Google Pay,4,Works great and looks good too. Very pleased with this purchase overall.
P1418,11418,2024-10-24,Electronics,MacBook Pro 14 M3,2,194528.37,389056.74,PayPal,3,Acceptable quality but there's room for improvement. I've seen better and worse.
P1419,11419,2024-10-18,Home Appliances,Vitamix 5200 Blender,1,43870.87,43870.87,Credit Card,0,Completely defective. The product doesn't function at all and feels like a toy.
P1420,11420,2024-06-11,Beauty Products,Tatcha The Water Cream,4,6683.33,26733.32,Debit Card,4,Really happy with this. Does exactly what it says and the quality is very good.
P1421,11421,2024-06-25,Sports,Under Armour HOVR Sonic 5,2,11313.73,22627.46,Credit Card,1,Awful quality. Fell apart after minimal use. Would never recommend this to anyone.
P1422,11422,2024-11-03,Electronics,AirPods Max,1,53847.87,53847.87,Credit Card,5,Life-changing product! I can't imagine going back to anything else now.
P1423,11423,2024-10-08,Clothing,Columbia Newton Ridge Hiking Boots,1,8934.88,8934.88,Debit Card,3,Average quality. Meets basic expectations but doesn't stand out from competitors.
P1424,11424,2024-04-18,Clothing,Adidas Ultraboost,1,18243.89,18243.89,Debit Card,1,Awful quality. Fell apart after minimal use. Would never recommend this to anyone.
P1425,11425,2024-07-10,Books,A Court of Thorns and Roses by Sarah J. Maas,3,1175.20,3525.60,Credit Card,4,Good value for money. The product is well-made and serves its purpose perfectly.
P1426,11426,2024-05-18,Sports,Theragun Prime Percussive Device,1,29624.86,29624.86,PayPal,3,"Adequate for basic use. If you need something simple, this works fine."
P1427,11427,2024-08-03,Clothing,Nike Tech Fleece Joggers,4,11215.14,44860.56,Google Pay,5,Absolutely fantastic! The quality far surpasses what I expected at this price point.
P1428,11428,2024-04-12,Home Appliances,Breville Barista Express,1,68789.03,68789.03,Apple Pay,3,It's fine. Does what it's supposed to do without any standout features.
P1429,11429,2024-12-01,Sports,Bowflex SelectTech 552 Dumbbells,3,42308.75,126926.25,Credit Card,4,Solid quality and reliable performance. I'm satisfied with this purchase and would recommend it.
P1430,11430,2024-01-28,Beauty Products,Neutrogena Skincare Set,1,9185.68,9185.68,PayPal,4,Really happy with this. Does exactly what it says and the quality is very good.
P1431,11431,2024-04-06,Beauty Products,Rare Beauty Liquid Blush,1,2312.04,2312.04,Credit Card,4,I'm impressed with the quality. Not perfect but definitely worth the investment.
P1432,11432,2024-12-20,Books,The Power of Now by Eckhart Tolle,4,962.98,3851.92,Credit Card,5,Absolutely love this product! Exceeded all my expectations and the quality is outstanding.
P1433,11433,2024-05-27,Beauty Products,Paula's Choice 2% BHA Exfoliant,3,3244.09,9732.27,Credit Card,2,The product has issues that shouldn't exist at this price point. Very underwhelming.
P1434,11434,2024-06-24,Clothing,Steve Madden Troopa Boots,3,9226.24,27678.72,Apple Pay,4,Very satisfied customer. The product is well-designed and performs reliably.
P1435,11435,2024-11-09,Home Appliances,Samsung Bespoke Refrigerator,5,289331.78,1446658.90,Credit Card,5,Absolutely love this product! Exceeded all my expectations and the quality is outstanding.
P1436,11436,2024-05-22,Clothing,Vuori Performance Joggers,1,8667.96,8667.96,Google Pay,5,Life-changing product! I can't imagine going back to anything else now.
P1437,11437,2024-06-20,Clothing,Vuori Performance Joggers,1,8884.07,8884.07,Credit Card,5,Exceptional product that delivers exactly what it promises. Couldn't be happier!
P1438,11438,2024-09-11,Clothing,Ray-Ban Aviator Classic Sunglasses,3,15148.75,45446.25,Credit Card,4,High quality and durable. Would buy again without hesitation.
P1439,11439,2024-01-12,Sports,Nike Air Max 270,2,15040.91,30081.82,PayPal,5,Five stars! The best purchase I've made this year. Would highly recommend to everyone.
P1440,11440,2024-05-20,Sports,Yeti Tundra 45 Cooler,1,36509.36,36509.36,PayPal,5,Exceptional product that delivers exactly what it promises. Couldn't be happier!
P1441,11441,2024-04-16,Home Appliances,Ninja Foodi 10-in-1 XL,1,24413.70,24413.70,Credit Card,3,"Mixed feelings about this. Some features are good, others could use improvement."
P1442,11442,2024-02-02,Home Appliances,Hamilton Beach 2-Slice Toaster,2,3054.69,6109.38,Credit Card,5,Absolutely fantastic! The quality far surpasses what I expected at this price point.
P1443,11443,2024-10-02,Clothing,Madewell Roadtripper Jumpsuit,5,9515.48,47577.40,Debit Card,4,Very good product overall. Works well and meets my expectations. Minor improvements possible.
P1444,11444,2024-09-12,Electronics,Dyson Airwrap Multi-Styler,1,59698.06,59698.06,Google Pay,5,Outstanding quality and fantastic value. I'm so happy with this purchase.
P1445,11445,2024-05-12,Beauty Products,Glow Recipe Watermelon Glow,1,3375.05,3375.05,Credit Card,5,Top-notch quality and performance. This has become an essential part of my daily life.
P1446,11446,2024-09-12,Books,The Four Agreements by Don Miguel Ruiz,5,808.84,4044.20,Debit Card,4,Good value for money. The product is well-made and serves its purpose perfectly.
P1447,11447,2024-09-06,Books,Happy Place by Emily Henry,1,1169.43,1169.43,Credit Card,5,Life-changing product! I can't imagine going back to anything else now.
P1448,11448,2024-04-11,Sports,Yoga Mat Pro,2,5062.47,10124.94,Credit Card,3,"Mixed feelings about this. Some features are good, others could use improvement."
P1449,11449,2024-06-19,Electronics,iPad Air,2,68432.41,136864.82,Debit Card,0,Horrible experience. The item never arrived properly and support was useless.
P1450,11450,2024-09-19,Sports,Yeti Rambler 20 oz Tumbler,2,3498.16,6996.32,Debit Card,2,The product has issues that shouldn't exist at this price point. Very underwhelming.
P1451,11451,2024-11-20,Beauty Products,Dr. Jart+ Cicapair Tiger Grass Cream,2,5196.33,10392.66,Debit Card,5,Life-changing product! I can't imagine going back to anything else now.
P1452,11452,2024-05-08,Books,The Vanishing Half by Brit Bennett,1,1209.11,1209.11,Debit Card,5,Top-notch quality and performance. This has become an essential part of my daily life.
P1453,11453,2024-11-04,Clothing,Canada Goose HyBridge Base Hoody,1,40584.53,40584.53,PayPal,5,Top-notch quality and performance. This has become an essential part of my daily life.
P1454,11454,2024-09-03,Books,The Housemaid by Freida McFadden,2,996.25,1992.50,Apple Pay,2,Poor experience overall. The product has multiple flaws that affect usability.
P1455,11455,2024-09-27,Home Appliances,Ninja Foodi 8-in-1 Pressure Cooker,4,19595.46,78381.84,PayPal,3,Works as described but nothing special. Fair value for what you pay.
P1456,11456,2024-09-26,Clothing,Stuart Weitzman Lowland Boots,1,77677.69,77677.69,PayPal,4,Great product with excellent features. Just a few small things keep it from being perfect.
P1457,11457,2024-09-21,Clothing,Nike Air Max 270,4,15328.54,61314.16,Credit Card,5,Incredible value for the price. The build quality is superb and it works flawlessly.
P1458,11458,2024-04-18,Beauty Products,Sol de Janeiro Bum Bum Cream,2,4389.35,8778.70,Credit Card,2,Disappointing quality for the price. Expected much better based on the description.
P1459,11459,2024-10-03,Home Appliances,KitchenAid 5-Speed Blender,1,8004.05,8004.05,PayPal,1,Extremely dissatisfied. The product stopped working within the first week.
P1460,11460,2024-02-23,Sports,REI Co-op Trailbreak 30 Backpack,1,7890.95,7890.95,Debit Card,1,Extremely dissatisfied. The product stopped working within the first week.
P1461,11461,2024-09-20,Electronics,Dyson Airwrap Multi-Styler,5,58265.58,291327.90,Debit Card,1,Do not buy this. The quality is abysmal and it doesn't deliver on any promises.
P1462,11462,2024-09-24,Beauty Products,Tatcha The Water Cream,1,6780.67,6780.67,PayPal,3,"Adequate for basic use. If you need something simple, this works fine."
P1463,11463,2024-12-17,Electronics,PlayStation 5 Console,1,48426.30,48426.30,Credit Card,5,Best in its category! I've tried competitors and nothing comes close to this.
P1464,11464,2024-06-15,Home Appliances,Honeywell QuietClean Air Purifier,1,18999.88,18999.88,Debit Card,5,Best in its category! I've tried competitors and nothing comes close to this.
P1465,11465,2024-05-19,Sports,Fitbit Charge 5,4,15061.80,60247.20,PayPal,5,Incredible value for the price. The build quality is superb and it works flawlessly.
P1466,11466,2024-05-06,Home Appliances,Breville Smart Oven Air,1,40965.46,40965.46,Credit Card,4,Good value for money. The product is well-made and serves its purpose perfectly.
P1467,11467,2024-09-20,Books,The Midnight Library by Matt Haig,1,1322.70,1322.70,Debit Card,5,Best in its category! I've tried competitors and nothing comes close to this.
P1468,11468,2024-07-06,Clothing,Steve Madden Troopa Boots,4,8860.24,35440.96,Credit Card,3,"Mixed feelings about this. Some features are good, others could use improvement."
P1469,11469,2024-10-05,Electronics,Anker 737 Power Bank,1,11121.57,11121.57,PayPal,5,Absolutely love this product! Exceeded all my expectations and the quality is outstanding.
P1470,11470,2024-12-18,Sports,Under Armour Sportstyle Shorts,3,3386.70,10160.10,Credit Card,5,Exceptional product that delivers exactly what it promises. Couldn't be happier!
P1471,11471,2024-12-19,Beauty Products,NARS Radiant Creamy Concealer,2,3194.00,6388.00,Apple Pay,5,Five stars! The best purchase I've made this year. Would highly recommend to everyone.
P1472,11472,2024-10-28,Home Appliances,Shark Robot Vacuum RV1001AE,1,29778.49,29778.49,Credit Card,5,Brilliant product! Works perfectly and is incredibly well-made. Worth every penny.
P1473,11473,2024-12-24,Home Appliances,iRobot Roomba j7+,5,60991.29,304956.45,Credit Card,3,Decent product for the price. Nothing to write home about but it works.
P1474,11474,2024-03-11,Clothing,Vuori Ponto Performance Pant,1,8518.70,8518.70,Debit Card,3,Decent product for the price. Nothing to write home about but it works.
P1475,11475,2024-12-02,Beauty Products,CeraVe Hydrating Facial Cleanser,1,1508.34,1508.34,Google Pay,5,Absolutely fantastic! The quality far surpasses what I expected at this price point.
P1476,11476,2024-10-21,Electronics,Samsung Galaxy Tab S9,4,80510.20,322040.80,Credit Card,5,Incredible value for the price. The build quality is superb and it works flawlessly.
P1477,11477,2024-12-08,Clothing,Levi's 501 Jeans,1,6843.81,6843.81,PayPal,3,"It does the job adequately. Not great, not terrible, just middle of the road."
P1478,11478,2024-03-21,Electronics,Oculus Quest 3,5,50969.33,254846.65,Credit Card,5,Five stars! The best purchase I've made this year. Would highly recommend to everyone.
P1479,11479,2024-08-20,Clothing,Adidas Ultraboost Light,2,18377.01,36754.02,Credit Card,4,Very satisfied customer. The product is well-designed and performs reliably.
P1480,11480,2024-04-12,Sports,Nike Alphafly 2,1,29266.64,29266.64,Credit Card,2,Regret this purchase. The quality doesn't match the price tag at all.
P1481,11481,2024-10-16,Beauty Products,Fenty Beauty Pro Filt'r Foundation,2,3599.35,7198.70,Credit Card,5,Five stars! The best purchase I've made this year. Would highly recommend to everyone.
P1482,11482,2024-12-25,Clothing,Steve Madden Troopa Boots,1,8961.51,8961.51,Credit Card,3,Average quality. Meets basic expectations but doesn't stand out from competitors.
P1483,11483,2024-03-11,Electronics,Dyson V11 Vacuum,1,49594.88,49594.88,PayPal,2,Mediocre at best. I would not buy this again or recommend it to anyone.
P1484,11484,2024-11-28,Sports,Wilson Evolution Basketball,2,6057.29,12114.58,Credit Card,5,Absolutely fantastic! The quality far surpasses what I expected at this price point.
P1485,11485,2024-04-28,Beauty Products,Charlotte Tilbury Flawless Filter,1,4461.59,4461.59,Credit Card,3,Acceptable quality but there's room for improvement. I've seen better and worse.
P1486,11486,2024-06-15,Beauty Products,Chanel Coco Mademoiselle,1,11774.29,11774.29,Credit Card,4,Really happy with this. Does exactly what it says and the quality is very good.
P1487,11487,2024-05-27,Electronics,Sony WH-1000XM5 Headphones,1,39684.09,39684.09,Credit Card,1,Frustrating experience from start to finish. The product simply doesn't work.
P1488,11488,2024-04-21,Electronics,HP OfficeJet Pro 8025e,4,15001.29,60005.16,Debit Card,5,Absolutely fantastic! The quality far surpasses what I expected at this price point.
P1489,11489,2024-01-24,Electronics,MacBook Air M3,3,112075.20,336225.60,Debit Card,1,Frustrating experience from start to finish. The product simply doesn't work.
P1490,11490,2024-01-02,Sports,Fitbit Charge 5,1,15021.90,15021.90,PayPal,2,Doesn't live up to the hype. Overpriced for what you actually get.
P1491,11491,2024-12-08,Clothing,L.L.Bean Wicked Good Slippers,3,6137.59,18412.77,Debit Card,4,Excellent product that does the job well. Only minor complaints.
P1492,11492,2024-11-01,Electronics,Samsung Galaxy Tab S9,3,81123.05,243369.15,Google Pay,5,Incredible value for the price. The build quality is superb and it works flawlessly.
P1493,11493,2024-11-02,Home Appliances,Zojirushi Neuro Fuzzy Rice Cooker,1,24189.22,24189.22,Credit Card,5,Five stars! The best purchase I've made this year. Would highly recommend to everyone.
P1494,11494,2024-11-13,Beauty Products,La Roche-Posay Cicaplast Baume,1,1714.39,1714.39,Credit Card,2,Below average. Several issues that make it hard to recommend to others.
P1495,11495,2024-02-24,Beauty Products,Glow Recipe Watermelon Glow,1,3439.36,3439.36,Google Pay,4,Great product with excellent features. Just a few small things keep it from being perfect.
P1496,11496,2024-02-19,Beauty Products,Fenty Beauty Pro Filt'r Foundation,1,3612.77,3612.77,Credit Card,2,Doesn't live up to the hype. Overpriced for what you actually get.
P1497,11497,2024-08-01,Books,The Da Vinci Code by Dan Brown,1,1561.63,1561.63,Credit Card,0,Unbelievably bad. The product arrived broken and nobody would help me resolve it.
P1498,11498,2024-07-10,Beauty Products,Rare Beauty Soft Pinch Liquid Blush,1,2354.15,2354.15,Google Pay,5,Exceptional product that delivers exactly what it promises. Couldn't be happier!
P1499,11499,2024-12-18,Sports,RumbleRoller Foam Roller,1,4845.45,4845.45,Apple Pay,3,Decent product for the price. Nothing to write home about but it works.
P1500,11500,2024-11-23,Electronics,Dyson Airwrap Multi-Styler,1,60179.90,60179.90,Credit Card,4,Really happy with this. Does exactly what it says and the quality is very good.
P1501,11501,2024-07-16,Sports,JBL Endurance RUN Earphones,1,2956.02,2956.02,PayPal,2,Below average. Several issues that make it hard to recommend to others.
P1502,11502,2024-02-06,Clothing,Adidas Ultraboost Light,3,18888.45,56665.35,Credit Card,5,Incredible value for the price. The build quality is superb and it works flawlessly.
P1503,11503,2024-09-16,Sports,Garmin inReach Mini 2,2,40059.53,80119.06,Credit Card,5,Best in its category! I've tried competitors and nothing comes close to this.
P1504,11504,2024-04-10,Books,The Power of Now by Eckhart Tolle,3,913.86,2741.58,Credit Card,4,Very good product overall. Works well and meets my expectations. Minor improvements possible.
P1505,11505,2024-04-07,Sports,Stance NBA Socks,3,1594.35,4783.05,Debit Card,0,Horrible experience. The item never arrived properly and support was useless.
P1506,11506,2024-05-23,Sports,Nike Alphafly 2,1,29103.08,29103.08,Debit Card,1,Do not buy this. The quality is abysmal and it doesn't deliver on any promises.
P1507,11507,2024-10-13,Home Appliances,Ninja Foodi 10-in-1 XL,3,24395.17,73185.51,Debit Card,5,Best in its category! I've tried competitors and nothing comes close to this.
P1508,11508,2024-12-04,Electronics,Apple Watch Series 9,4,41887.89,167551.56,Google Pay,4,Excellent product that does the job well. Only minor complaints.
P1509,11509,2024-07-01,Clothing,Re/Done Classic Stretch Jeans,1,19050.28,19050.28,Credit Card,4,Very satisfied customer. The product is well-designed and performs reliably.
P1510,11510,2024-12-19,Home Appliances,GE Profile Opal Ice Maker,1,54976.59,54976.59,Credit Card,2,Subpar performance and build quality. I've had much better products in this category.
P1511,11511,2024-08-09,Beauty Products,Dr. Jart+ Cicapair Tiger Grass Cream,1,5325.83,5325.83,PayPal,5,Best in its category! I've tried competitors and nothing comes close to this.
P1512,11512,2024-01-14,Home Appliances,Lodge Cast Iron Skillet,1,2425.32,2425.32,Credit Card,5,Outstanding quality and fantastic value. I'm so happy with this purchase.
P1513,11513,2024-03-04,Sports,Under Armour Sportstyle Shorts,1,3405.13,3405.13,Credit Card,4,Great product with excellent features. Just a few small things keep it from being perfect.
P1514,11514,2024-01-21,Sports,Patagonia Black Hole Duffel 40L,4,13770.69,55082.76,Credit Card,1,One of the worst purchases I've made. Cheap materials and poor craftsmanship.
P1515,11515,2024-05-28,Beauty Products,NARS Radiant Creamy Concealer,2,3152.82,6305.64,Credit Card,2,Regret this purchase. The quality doesn't match the price tag at all.
P1516,11516,2024-09-21,Clothing,Nike Dunk Low,1,10760.81,10760.81,Credit Card,5,Exceptional product that delivers exactly what it promises. Couldn't be happier!
P1517,11517,2024-09-05,Sports,Garmin inReach Mini 2,2,40536.93,81073.86,Debit Card,4,Very satisfied customer. The product is well-designed and performs reliably.
P1518,11518,2024-09-26,Beauty Products,Morphe 35O Nature Glow Palette,1,2512.72,2512.72,Credit Card,0,Worst purchase ever. Nothing about this product works as described. Total scam.
P1519,11519,2024-12-20,Home Appliances,Keurig K-Elite Coffee Maker,1,12881.01,12881.01,Credit Card,5,Absolutely love this product! Exceeded all my expectations and the quality is outstanding.
P1520,11520,2024-03-26,Beauty Products,Augustinus Bader The Rich Cream,1,28441.61,28441.61,Credit Card,4,Solid quality and reliable performance. I'm satisfied with this purchase and would recommend it.
P1521,11521,2024-04-13,Books,Holly by Stephen King,3,1710.91,5132.73,Debit Card,5,Absolutely fantastic! The quality far surpasses what I expected at this price point.
P1522,11522,2024-05-03,Clothing,Patagonia Nano Puff Jacket,5,23512.10,117560.50,Credit Card,3,Acceptable quality but there's room for improvement. I've seen better and worse.
P1523,11523,2024-09-16,Clothing,Everlane The Cashmere Crew,2,11941.34,23882.68,PayPal,3,Works as described but nothing special. Fair value for what you pay.
P1524,11524,2024-01-12,Beauty Products,ILIA Super Serum Skin Tint,3,4745.74,14237.22,PayPal,5,Absolutely fantastic! The quality far surpasses what I expected at this price point.
P1525,11525,2024-12-07,Books,Britt-Marie Was Here by Fredrik Backman,1,1067.03,1067.03,Credit Card,5,Top-notch quality and performance. This has become an essential part of my daily life.
P1526,11526,2024-08-01,Books,Dune by Frank Herbert,1,1321.81,1321.81,Credit Card,4,Very good product overall. Works well and meets my expectations. Minor improvements possible.
P1527,11527,2024-09-02,Clothing,Vuori Performance Joggers,2,8746.30,17492.60,Credit Card,5,Absolutely love this product! Exceeded all my expectations and the quality is outstanding.
P1528,11528,2024-12-27,Electronics,iPad Pro 12.9,3,133232.52,399697.56,Credit Card,3,It's fine. Does what it's supposed to do without any standout features.
P1529,11529,2024-03-24,Sports,Hydro Flask Wide Mouth,3,4365.59,13096.77,Credit Card,4,Great product with excellent features. Just a few small things keep it from being perfect.
P1530,11530,2024-10-06,Home Appliances,KitchenAid 5-Speed Blender,1,8150.15,8150.15,Debit Card,5,Absolutely love this product! Exceeded all my expectations and the quality is outstanding.
P1531,11531,2024-05-28,Sports,Hydro Flask Standard Mouth Bottle,1,3359.60,3359.60,Credit Card,3,Decent product for the price. Nothing to write home about but it works.
P1532,11532,2024-11-28,Books,Where the Crawdads Sing by Delia Owens,4,1068.37,4273.48,Credit Card,3,Decent product for the price. Nothing to write home about but it works.
P1533,11533,2024-08-22,Beauty Products,Drunk Elephant Protini Polypeptide Cream,1,6858.33,6858.33,Credit Card,5,Absolutely fantastic! The quality far surpasses what I expected at this price point.
P1534,11534,2024-03-09,Electronics,PlayStation 5 Console,1,48536.26,48536.26,Credit Card,5,Absolutely fantastic! The quality far surpasses what I expected at this price point.
P1535,11535,2024-06-21,Electronics,iPhone 15 Pro,1,135390.17,135390.17,Debit Card,5,Life-changing product! I can't imagine going back to anything else now.
P1536,11536,2024-11-03,Sports,Casio G-Shock DW-6900,4,8767.85,35071.40,Debit Card,5,Five stars! The best purchase I've made this year. Would highly recommend to everyone.
P1537,11537,2024-03-19,Electronics,MacBook Air M3,3,116890.55,350671.65,Credit Card,3,It's fine. Does what it's supposed to do without any standout features.
P1538,11538,2024-02-24,Clothing,Zara Dress,1,8076.72,8076.72,Credit Card,3,Works as described but nothing special. Fair value for what you pay.
P1539,11539,2024-05-13,Clothing,Stuart Weitzman Lowland Boots,1,77784.83,77784.83,Debit Card,4,Really happy with this. Does exactly what it says and the quality is very good.
P1540,11540,2024-05-07,Home Appliances,Honeywell QuietClean Air Purifier,5,18627.11,93135.55,Apple Pay,5,Best in its category! I've tried competitors and nothing comes close to this.
P1541,11541,2024-06-12,Books,Pachinko by Min Jin Lee,3,1241.71,3725.13,PayPal,5,Life-changing product! I can't imagine going back to anything else now.
P1542,11542,2024-06-18,Clothing,Adidas Samba OG,5,9950.35,49751.75,Credit Card,5,Absolutely fantastic! The quality far surpasses what I expected at this price point.
P1543,11543,2024-08-24,Clothing,Champion Reverse Weave Hoodie,1,6606.63,6606.63,Credit Card,5,Exceptional product that delivers exactly what it promises. Couldn't be happier!
P1544,11544,2024-01-04,Sports,Gaiam Yoga Block,2,1069.49,2138.98,PayPal,4,I'm impressed with the quality. Not perfect but definitely worth the investment.
P1545,11545,2024-06-13,Electronics,iPad Mini,1,48716.21,48716.21,Debit Card,2,Disappointing quality for the price. Expected much better based on the description.
P1546,11546,2024-03-16,Books,The Four Agreements by Don Miguel Ruiz,1,809.10,809.10,PayPal,1,One of the worst purchases I've made. Cheap materials and poor craftsmanship.
P1547,11547,2024-03-18,Home Appliances,Black+Decker 20V Cordless Drill,3,6964.42,20893.26,Credit Card,4,Very satisfied customer. The product is well-designed and performs reliably.
P1548,11548,2024-10-24,Beauty Products,La Roche-Posay Effaclar Duo,1,2451.69,2451.69,Debit Card,4,High quality and durable. Would buy again without hesitation.
P1549,11549,2024-10-10,Electronics,Apple Watch Ultra 2,5,81709.41,408547.05,Google Pay,5,Incredible value for the price. The build quality is superb and it works flawlessly.
P1550,11550,2024-11-19,Beauty Products,La Roche-Posay Cicaplast Baume,2,1655.93,3311.86,PayPal,1,I regret buying this. It's of very low quality and not worth even a fraction of the price.
P1551,11551,2024-12-17,Clothing,Nike Air Max 270,5,15051.15,75255.75,PayPal,5,Top-notch quality and performance. This has become an essential part of my daily life.
P1552,11552,2024-11-02,Electronics,Logitech MX Master 3S Mouse,1,10057.90,10057.90,Debit Card,4,Great product with excellent features. Just a few small things keep it from being perfect.
P1553,11553,2024-07-22,Home Appliances,Keurig K-Elite Coffee Maker,1,12646.18,12646.18,Credit Card,5,Outstanding quality and fantastic value. I'm so happy with this purchase.
P1554,11554,2024-12-14,Electronics,Logitech MX Master 3S Mouse,2,9694.56,19389.12,Google Pay,2,Subpar performance and build quality. I've had much better products in this category.
P1555,11555,2024-01-06,Books,Maybe You Should Talk to Someone by Lori Gottlieb,1,1243.71,1243.71,PayPal,3,It's fine. Does what it's supposed to do without any standout features.
P1556,11556,2024-10-27,Beauty Products,Summer Fridays Jet Lag Mask,2,2834.04,5668.08,Debit Card,4,I'm impressed with the quality. Not perfect but definitely worth the investment.
P1557,11557,2024-11-05,Beauty Products,La Roche-Posay Effaclar Duo,3,2549.46,7648.38,PayPal,4,Excellent product that does the job well. Only minor complaints.
P1558,11558,2024-02-16,Electronics,Microsoft Surface Laptop 5,1,122693.73,122693.73,Credit Card,5,Top-notch quality and performance. This has become an essential part of my daily life.
P1559,11559,2024-08-01,Beauty Products,La Roche-Posay Anthelios Sunscreen,4,2007.38,8029.52,PayPal,4,Very good product overall. Works well and meets my expectations. Minor improvements possible.
P1560,11560,2024-04-14,Electronics,Logitech MX Keys Keyboard,1,12009.99,12009.99,PayPal,5,Exceptional product that delivers exactly what it promises. Couldn't be happier!
P1561,11561,2024-06-27,Sports,Nike Metcon 8,1,13347.36,13347.36,PayPal,5,Incredible value for the price. The build quality is superb and it works flawlessly.
P1562,11562,2024-10-27,Electronics,Amazon Fire TV Stick 4K,1,4865.04,4865.04,Debit Card,3,Acceptable quality but there's room for improvement. I've seen better and worse.
P1563,11563,2024-11-01,Home Appliances,LG Smart Front Load Washer,1,85280.43,85280.43,PayPal,3,It's an okay product. Does the basics but nothing extraordinary. Decent for the price.
P1564,11564,2024-08-22,Beauty Products,La Roche-Posay Cicaplast Baume,1,1644.83,1644.83,PayPal,5,Five stars! The best purchase I've made this year. Would highly recommend to everyone.
P1565,11565,2024-09-26,Beauty Products,Kosas Revealer Concealer,1,2837.04,2837.04,Debit Card,2,Subpar performance and build quality. I've had much better products in this category.
P1566,11566,2024-02-06,Beauty Products,Chanel Coco Mademoiselle,1,11409.67,11409.67,Debit Card,5,Top-notch quality and performance. This has become an essential part of my daily life.
P1567,11567,2024-12-23,Clothing,Madewell Roadtripper Jumpsuit,1,9983.95,9983.95,Apple Pay,4,High quality and durable. Would buy again without hesitation.
P1568,11568,2024-05-04,Sports,Wilson Evolution Basketball,1,5828.30,5828.30,Credit Card,3,"It does the job adequately. Not great, not terrible, just middle of the road."
P1569,11569,2024-07-22,Clothing,Re/Done Classic Stretch Jeans,3,17971.12,53913.36,Credit Card,5,Top-notch quality and performance. This has become an essential part of my daily life.
P1570,11570,2024-07-15,Books,The Song of Achilles by Madeline Miller,1,1156.84,1156.84,Debit Card,5,Absolutely love this product! Exceeded all my expectations and the quality is outstanding.
P1571,11571,2024-08-13,Clothing,Zara High-Waisted Trousers,1,4599.63,4599.63,PayPal,3,It's fine. Does what it's supposed to do without any standout features.
P1572,11572,2024-07-09,Books,Maybe You Should Talk to Someone by Lori Gottlieb,5,1254.06,6270.30,Credit Card,1,Frustrating experience from start to finish. The product simply doesn't work.
P1573,11573,2024-09-02,Electronics,Canon EOS R50 Camera,1,66018.98,66018.98,Credit Card,0,Worst purchase ever. Nothing about this product works as described. Total scam.
P1574,11574,2024-06-24,Electronics,Sony A7IV Camera,1,251950.30,251950.30,Credit Card,4,Very good product overall. Works well and meets my expectations. Minor improvements possible.
P1575,11575,2024-03-24,Clothing,Madewell The Transport Tote,2,17044.63,34089.26,Debit Card,2,Doesn't live up to the hype. Overpriced for what you actually get.
P1576,11576,2024-12-26,Home Appliances,Shark Steam Mop,2,12253.37,24506.74,Credit Card,4,Really happy with this. Does exactly what it says and the quality is very good.
P1577,11577,2024-10-02,Books,"Tomorrow, and Tomorrow by Gabrielle Zevin",2,1425.22,2850.44,PayPal,5,Brilliant product! Works perfectly and is incredibly well-made. Worth every penny.
P1578,11578,2024-05-22,Electronics,Sony WH-1000XM5 Headphones,2,40880.93,81761.86,Credit Card,5,Incredible value for the price. The build quality is superb and it works flawlessly.
P1579,11579,2024-04-26,Beauty Products,Glow Recipe Watermelon Glow,2,3344.19,6688.38,Apple Pay,4,I'm impressed with the quality. Not perfect but definitely worth the investment.
P1580,11580,2024-02-08,Electronics,MacBook Pro 14 M3,2,196554.37,393108.74,Credit Card,5,Life-changing product! I can't imagine going back to anything else now.
P1581,11581,2024-11-19,Beauty Products,Dior Addict Lip Glow,2,3454.14,6908.28,PayPal,4,Excellent product that does the job well. Only minor complaints.
P1582,11582,2024-01-11,Books,The Silent Patient by Alex Michaelides,1,986.70,986.70,Apple Pay,2,Mediocre at best. I would not buy this again or recommend it to anyone.
P1583,11583,2024-04-23,Home Appliances,Simplehuman Soap Dispenser,2,4916.85,9833.70,Credit Card,3,"Adequate for basic use. If you need something simple, this works fine."
P1584,11584,2024-12-21,Sports,Adidas Copa Sense Soccer Ball,2,5439.04,10878.08,Credit Card,3,Middle of the pack. Not disappointed but not impressed either.
P1585,11585,2024-06-10,Books,Klara and the Sun by Kazuo Ishiguro,1,1387.28,1387.28,PayPal,3,Works as described but nothing special. Fair value for what you pay.
P1586,11586,2024-09-19,Beauty Products,Rare Beauty Liquid Blush,1,2326.40,2326.40,Credit Card,4,High quality and durable. Would buy again without hesitation.
P1587,11587,2024-12-13,Sports,Under Armour Sportstyle Shorts,1,3512.43,3512.43,Debit Card,5,Outstanding quality and fantastic value. I'm so happy with this purchase.
P1588,11588,2024-04-04,Clothing,L.L.Bean Wicked Good Slippers,1,5867.49,5867.49,PayPal,4,I'm impressed with the quality. Not perfect but definitely worth the investment.
P1589,11589,2024-11-14,Clothing,Reformation Odessa Dress,1,21621.03,21621.03,Debit Card,3,Decent product for the price. Nothing to write home about but it works.
P1590,11590,2024-08-18,Beauty Products,Fenty Beauty Pro Filt'r Foundation,1,3569.31,3569.31,Apple Pay,5,Best in its category! I've tried competitors and nothing comes close to this.
P1591,11591,2024-03-28,Home Appliances,Honeywell QuietClean Air Purifier,1,18336.78,18336.78,Debit Card,2,Not worth the money. The product feels cheap and doesn't perform as advertised.
P1592,11592,2024-10-04,Beauty Products,Neutrogena Skincare Set,2,8945.82,17891.64,PayPal,4,Very good product overall. Works well and meets my expectations. Minor improvements possible.
P1593,11593,2024-09-05,Sports,Theragun Prime Percussive Device,5,30078.63,150393.15,PayPal,1,Extremely dissatisfied. The product stopped working within the first week.
P1594,11594,2024-09-06,Beauty Products,Dr. Jart+ Cicapair Tiger Grass Cream,2,5330.70,10661.40,Credit Card,3,Acceptable quality but there's room for improvement. I've seen better and worse.
P1595,11595,2024-09-28,Home Appliances,Shark Steam Mop,3,11658.22,34974.66,Debit Card,3,"Mixed feelings about this. Some features are good, others could use improvement."
P1596,11596,2024-03-23,Clothing,Nike Air Force 1 Sneakers,1,11841.07,11841.07,Credit Card,5,Best in its category! I've tried competitors and nothing comes close to this.
P1597,11597,2024-07-22,Beauty Products,Clinique Moisture Surge,5,4264.60,21323.00,Apple Pay,4,Solid quality and reliable performance. I'm satisfied with this purchase and would recommend it.
P1598,11598,2024-11-27,Books,A Gentleman in Moscow by Amor Towles,4,1065.51,4262.04,Credit Card,4,Solid quality and reliable performance. I'm satisfied with this purchase and would recommend it.
P1599,11599,2024-01-02,Beauty Products,Charlotte Tilbury Pillow Talk Lipstick,3,3490.79,10472.37,PayPal,5,Incredible value for the price. The build quality is superb and it works flawlessly.
P1600,11600,2024-12-23,Sports,Under Armour Sportstyle Shorts,1,3547.92,3547.92,Google Pay,3,It's fine. Does what it's supposed to do without any standout features.
P1601,11601,2024-07-24,Electronics,JBL Flip 6 Speaker,1,12821.36,12821.36,Credit Card,5,Absolutely fantastic! The quality far surpasses what I expected at this price point.
P1602,11602,2024-09-15,Beauty Products,Rare Beauty Soft Pinch Liquid Blush,3,2235.54,6706.62,Credit Card,3,"Adequate for basic use. If you need something simple, this works fine."
P1603,11603,2024-11-04,Home Appliances,Simplehuman Sensor Mirror Pro,1,25133.87,25133.87,PayPal,1,Returned this immediately. The product was defective and poorly made.
P1604,11604,2024-04-04,Books,The Vanishing Half by Brit Bennett,2,1159.59,2319.18,Apple Pay,3,"It does the job adequately. Not great, not terrible, just middle of the road."
P1605,11605,2024-05-23,Beauty Products,Clinique Moisture Surge,1,4177.52,4177.52,Credit Card,4,Very satisfied customer. The product is well-designed and performs reliably.
P1606,11606,2024-01-05,Home Appliances,Keurig K-Elite Coffee Maker,1,12533.08,12533.08,Debit Card,4,Good value for money. The product is well-made and serves its purpose perfectly.
P1607,11607,2024-05-23,Home Appliances,Zojirushi Bread Maker,2,29549.71,59099.42,Apple Pay,3,Works as described but nothing special. Fair value for what you pay.
P1608,11608,2024-11-23,Home Appliances,Ninja Foodi 10-in-1 XL,1,24589.75,24589.75,PayPal,5,Outstanding quality and fantastic value. I'm so happy with this purchase.
P1609,11609,2024-01-07,Books,To Kill a Mockingbird by Harper Lee,1,1252.23,1252.23,Debit Card,3,Middle of the pack. Not disappointed but not impressed either.
P1610,11610,2024-06-20,Home Appliances,Simplehuman Soap Dispenser,5,5033.07,25165.35,Credit Card,2,Subpar performance and build quality. I've had much better products in this category.
P1611,11611,2024-08-13,Sports,Nike Yoga Mat,2,6327.71,12655.42,Apple Pay,5,Incredible value for the price. The build quality is superb and it works flawlessly.
P1612,11612,2024-01-03,Books,The Hobbit by J.R.R. Tolkien,1,1070.80,1070.80,PayPal,5,Five stars! The best purchase I've made this year. Would highly recommend to everyone.
P1613,11613,2024-10-12,Sports,Bowflex SelectTech 552 Dumbbells,1,43962.30,43962.30,Credit Card,2,The product has issues that shouldn't exist at this price point. Very underwhelming.
P1614,11614,2024-12-24,Clothing,Nike Dunk Low,1,10681.96,10681.96,Debit Card,0,Stay away from this product. It's a complete rip-off and doesn't work at all.
P1615,11615,2024-01-18,Sports,Brooks Adrenaline GTS 22,3,14021.67,42065.01,Debit Card,0,Absolute garbage. The product was broken on arrival and the company refused a refund.
P1616,11616,2024-07-17,Clothing,Zara Dress,1,8132.51,8132.51,PayPal,3,"Mixed feelings about this. Some features are good, others could use improvement."
P1617,11617,2024-04-23,Beauty Products,Tower 28 SOS Rescue Facial Spray,1,2047.24,2047.24,Credit Card,4,Solid quality and reliable performance. I'm satisfied with this purchase and would recommend it.
P1618,11618,2024-11-24,Electronics,Beats Studio Pro,4,34130.56,136522.24,Credit Card,5,Outstanding quality and fantastic value. I'm so happy with this purchase.
P1619,11619,2024-04-25,Beauty Products,Fresh Sugar Lip Treatment,1,2395.30,2395.30,Credit Card,5,Five stars! The best purchase I've made this year. Would highly recommend to everyone.
P1620,11620,2024-03-04,Beauty Products,IT Cosmetics CC+ Cream,1,4310.29,4310.29,Google Pay,4,Very satisfied customer. The product is well-designed and performs reliably.
P1621,11621,2024-08-19,Electronics,Samsung Galaxy S24 Ultra,2,132714.72,265429.44,Debit Card,3,It's fine. Does what it's supposed to do without any standout features.
P1622,11622,2024-11-07,Beauty Products,Tower 28 SOS Rescue Facial Spray,5,1960.36,9801.80,PayPal,4,High quality and durable. Would buy again without hesitation.
P1623,11623,2024-09-11,Sports,RumbleRoller Foam Roller,1,4925.26,4925.26,Credit Card,5,Absolutely fantastic! The quality far surpasses what I expected at this price point.
P1624,11624,2024-04-09,Sports,Stance NBA Socks,1,1602.01,1602.01,Debit Card,0,Zero stars if I could. The product is completely unusable and a total waste of money.
P1625,11625,2024-08-11,Sports,RumbleRoller Deep Tissue Roller,1,3909.35,3909.35,Debit Card,2,Regret this purchase. The quality doesn't match the price tag at all.
P1626,11626,2024-02-28,Beauty Products,IT Cosmetics CC+ Cream,1,4439.24,4439.24,PayPal,5,Five stars! The best purchase I've made this year. Would highly recommend to everyone.
P1627,11627,2024-11-07,Books,The Great Gatsby by F. Scott Fitzgerald,1,979.31,979.31,Google Pay,4,Good value for money. The product is well-made and serves its purpose perfectly.
P1628,11628,2024-12-07,Home Appliances,Philips Airfryer XXL,1,34254.85,34254.85,PayPal,2,Not worth the money. The product feels cheap and doesn't perform as advertised.
P1629,11629,2024-09-06,Books,The Song of Achilles by Madeline Miller,5,1224.35,6121.75,Credit Card,2,Regret this purchase. The quality doesn't match the price tag at all.
P1630,11630,2024-04-09,Beauty Products,Dr. Jart+ Cicapair Tiger Grass Cream,4,5294.14,21176.56,Debit Card,5,Top-notch quality and performance. This has become an essential part of my daily life.
P1631,11631,2024-11-27,Books,Klara and the Sun by Kazuo Ishiguro,1,1383.77,1383.77,PayPal,2,Disappointing quality for the price. Expected much better based on the description.
P1632,11632,2024-11-13,Electronics,AirPods Pro 2nd Gen,5,24681.30,123406.50,PayPal,0,Do not waste your money. This is the worst product I have ever purchased.
P1633,11633,2024-01-23,Clothing,Nike Dunk Low,1,11132.87,11132.87,Credit Card,2,Disappointing quality for the price. Expected much better based on the description.
P1634,11634,2024-05-26,Books,Britt-Marie Was Here by Fredrik Backman,1,1043.74,1043.74,Credit Card,2,Not satisfied with this purchase. The quality is noticeably lacking.
P1635,11635,2024-08-28,Clothing,Vuori Performance Joggers,1,8664.38,8664.38,Debit Card,3,"Adequate for basic use. If you need something simple, this works fine."
P1636,11636,2024-07-02,Beauty Products,Fenty Beauty Foundation,2,3678.07,7356.14,Apple Pay,5,Life-changing product! I can't imagine going back to anything else now.
P1637,11637,2024-09-02,Electronics,Apple AirTag 4 Pack,1,9806.56,9806.56,Google Pay,5,Exceptional product that delivers exactly what it promises. Couldn't be happier!
P1638,11638,2024-02-05,Electronics,Kindle Paperwhite Signature,1,19212.13,19212.13,PayPal,2,Not worth the money. The product feels cheap and doesn't perform as advertised.
P1639,11639,2024-09-19,Clothing,Nike Air Force 1 Sneakers,2,11945.59,23891.18,Debit Card,4,Good value for money. The product is well-made and serves its purpose perfectly.
P1640,11640,2024-09-27,Clothing,Columbia Newton Ridge Hiking Boots,2,8796.07,17592.14,Debit Card,1,Extremely dissatisfied. The product stopped working within the first week.
P1641,11641,2024-12-12,Beauty Products,Glossier Boy Brow,2,1759.37,3518.74,Debit Card,4,High quality and durable. Would buy again without hesitation.
P1642,11642,2024-06-07,Clothing,Madewell Roadtripper Jumpsuit,1,9945.62,9945.62,Credit Card,5,Incredible value for the price. The build quality is superb and it works flawlessly.
P1643,11643,2024-07-26,Sports,Adidas Copa Sense Soccer Ball,3,5599.25,16797.75,Credit Card,1,Frustrating experience from start to finish. The product simply doesn't work.
P1644,11644,2024-06-19,Beauty Products,Tatcha The Water Cream,5,6977.32,34886.60,Debit Card,2,Mediocre at best. I would not buy this again or recommend it to anyone.
P1645,11645,2024-05-11,Electronics,Amazon Echo Show 8,2,14958.38,29916.76,Google Pay,2,The product has issues that shouldn't exist at this price point. Very underwhelming.
P1646,11646,2024-03-17,Electronics,Nintendo Switch OLED,2,34833.93,69667.86,Credit Card,3,Acceptable quality but there's room for improvement. I've seen better and worse.
P1647,11647,2024-11-15,Beauty Products,Kosas Cloud Set Powder,4,3593.52,14374.08,PayPal,3,Average quality. Meets basic expectations but doesn't stand out from competitors.
P1648,11648,2024-03-19,Books,The Alchemist by Paulo Coelho,1,905.01,905.01,PayPal,1,Do not buy this. The quality is abysmal and it doesn't deliver on any promises.
P1649,11649,2024-09-01,Beauty Products,Fenty Beauty Foundation,1,3530.81,3530.81,PayPal,5,Outstanding quality and fantastic value. I'm so happy with this purchase.
P1650,11650,2024-09-25,Books,Normal People by Sally Rooney,1,1049.59,1049.59,Credit Card,2,Not satisfied with this purchase. The quality is noticeably lacking.
P1651,11651,2024-12-23,Home Appliances,Ninja Air Fryer XL,1,14585.57,14585.57,Credit Card,5,Absolutely love this product! Exceeded all my expectations and the quality is outstanding.
P1652,11652,2024-08-28,Electronics,Apple Watch Ultra 2,3,80092.13,240276.39,Debit Card,5,Top-notch quality and performance. This has become an essential part of my daily life.
P1653,11653,2024-12-22,Clothing,Adidas Ultraboost Light,1,18518.17,18518.17,Credit Card,5,Outstanding quality and fantastic value. I'm so happy with this purchase.
P1654,11654,2024-11-01,Home Appliances,Vitamix 5200 Blender,4,46097.18,184388.72,Debit Card,2,Doesn't live up to the hype. Overpriced for what you actually get.
P1655,11655,2024-01-28,Clothing,Adidas Ultraboost Light,1,18839.69,18839.69,PayPal,5,Incredible value for the price. The build quality is superb and it works flawlessly.
P1656,11656,2024-09-04,Electronics,Logitech MX Keys Keyboard,5,11904.79,59523.95,Credit Card,3,Average quality. Meets basic expectations but doesn't stand out from competitors.
P1657,11657,2024-03-07,Home Appliances,Shark Robot Vacuum RV1001AE,4,30331.71,121326.84,Debit Card,3,Decent product for the price. Nothing to write home about but it works.
P1658,11658,2024-07-07,Electronics,Logitech MX Master 3S Mouse,3,9816.76,29450.28,Credit Card,4,High quality and durable. Would buy again without hesitation.
P1659,11659,2024-01-13,Beauty Products,Dior Addict Lip Glow,1,3564.86,3564.86,Debit Card,5,Exceptional product that delivers exactly what it promises. Couldn't be happier!
P1660,11660,2024-11-14,Books,Sapiens by Yuval Noah Harari,1,1710.40,1710.40,PayPal,1,Terrible product. Broke almost immediately and the quality is shockingly bad.
P1661,11661,2024-12-09,Books,Circe by Madeline Miller,1,1316.89,1316.89,PayPal,4,Great product with excellent features. Just a few small things keep it from being perfect.
P1662,11662,2024-08-05,Beauty Products,Sol de Janeiro Bum Bum Cream,3,4371.78,13115.34,Credit Card,2,Regret this purchase. The quality doesn't match the price tag at all.
P1663,11663,2024-06-14,Home Appliances,Zojirushi Neuro Fuzzy Rice Cooker,1,24413.91,24413.91,Google Pay,0,Zero stars if I could. The product is completely unusable and a total waste of money.
P1664,11664,2024-06-04,Home Appliances,Samsung Bespoke Refrigerator,1,284752.71,284752.71,PayPal,3,"It does the job adequately. Not great, not terrible, just middle of the road."
P1665,11665,2024-09-01,Electronics,Microsoft Surface Laptop 5,1,124743.83,124743.83,Credit Card,3,Works as described but nothing special. Fair value for what you pay.
P1666,11666,2024-12-02,Sports,Hoka Clifton 9,1,14575.64,14575.64,Google Pay,5,Five stars! The best purchase I've made this year. Would highly recommend to everyone.
P1667,11667,2024-01-08,Electronics,Logitech MX Keys Keyboard,1,11590.36,11590.36,Apple Pay,4,Works great and looks good too. Very pleased with this purchase overall.
P1668,11668,2024-12-18,Beauty Products,Augustinus Bader The Rich Cream,1,28666.53,28666.53,Credit Card,5,Best in its category! I've tried competitors and nothing comes close to this.
P1669,11669,2024-12-09,Home Appliances,Ninja Foodi 10-in-1 XL,1,24959.74,24959.74,Credit Card,3,Average quality. Meets basic expectations but doesn't stand out from competitors.
P1670,11670,2024-07-24,Clothing,Levi's 501 Jeans,1,6996.18,6996.18,PayPal,5,Five stars! The best purchase I've made this year. Would highly recommend to everyone.
P1671,11671,2024-11-23,Beauty Products,Drunk Elephant Protini Polypeptide Cream,1,6836.86,6836.86,Credit Card,5,Brilliant product! Works perfectly and is incredibly well-made. Worth every penny.
P1672,11672,2024-11-10,Books,The Vanishing Half by Brit Bennett,2,1187.30,2374.60,Credit Card,4,Very satisfied customer. The product is well-designed and performs reliably.
P1673,11673,2024-12-09,Home Appliances,KitchenAid 5-Speed Blender,1,7929.97,7929.97,PayPal,4,Very good product overall. Works well and meets my expectations. Minor improvements possible.
P1674,11674,2024-11-26,Beauty Products,La Mer Moisturizing Cream,2,19233.62,38467.24,PayPal,5,Absolutely love this product! Exceeded all my expectations and the quality is outstanding.
P1675,11675,2024-11-08,Home Appliances,LG Smart Front Load Washer,1,82412.66,82412.66,Apple Pay,4,I'm impressed with the quality. Not perfect but definitely worth the investment.
P1676,11676,2024-03-28,Beauty Products,Drunk Elephant T.L.C. Framboos,1,8836.18,8836.18,Credit Card,5,Best in its category! I've tried competitors and nothing comes close to this.
P1677,11677,2024-02-09,Sports,Gaiam Premium Yoga Mat,4,2663.73,10654.92,PayPal,5,Best in its category! I've tried competitors and nothing comes close to this.
P1678,11678,2024-11-15,Electronics,Anker 737 Power Bank,2,10796.91,21593.82,Google Pay,5,Top-notch quality and performance. This has become an essential part of my daily life.
P1679,11679,2024-07-01,Sports,Hydro Flask Standard Mouth Bottle,1,3236.13,3236.13,Apple Pay,2,Below average. Several issues that make it hard to recommend to others.
P1680,11680,2024-08-10,Home Appliances,Ninja Foodi 8-in-1 Pressure Cooker,4,19669.59,78678.36,PayPal,4,Solid quality and reliable performance. I'm satisfied with this purchase and would recommend it.
P1681,11681,2024-12-17,Home Appliances,Bodum French Press,1,3069.16,3069.16,Google Pay,5,Outstanding quality and fantastic value. I'm so happy with this purchase.
P1682,11682,2024-11-07,Books,Fourth Wing by Rebecca Yarros,1,1311.67,1311.67,Credit Card,2,The product has issues that shouldn't exist at this price point. Very underwhelming.
P1683,11683,2024-01-18,Books,The Housemaid by Freida McFadden,1,1001.51,1001.51,Google Pay,5,Brilliant product! Works perfectly and is incredibly well-made. Worth every penny.
P1684,11684,2024-02-06,Clothing,Uniqlo Airism T-Shirt,3,2019.98,6059.94,PayPal,4,Very satisfied customer. The product is well-designed and performs reliably.
P1685,11685,2024-07-07,Clothing,Reformation Odessa Dress,1,22413.64,22413.64,PayPal,5,Absolutely fantastic! The quality far surpasses what I expected at this price point.
P1686,11686,2024-12-16,Beauty Products,Ilia Limitless Lash Mascara,1,2827.09,2827.09,Credit Card,5,Exceptional product that delivers exactly what it promises. Couldn't be happier!
P1687,11687,2024-10-22,Books,Project Hail Mary by Andy Weir,1,1510.87,1510.87,Credit Card,0,Absolute garbage. The product was broken on arrival and the company refused a refund.
P1688,11688,2024-11-05,Home Appliances,Breville Smart Oven Air,1,39086.65,39086.65,Credit Card,4,Great product with excellent features. Just a few small things keep it from being perfect.
P1689,11689,2024-10-13,Home Appliances,OXO Good Grips Can Opener,1,2467.65,2467.65,Credit Card,0,Do not waste your money. This is the worst product I have ever purchased.
P1690,11690,2024-03-13,Home Appliances,Instant Pot Duo 7-in-1,2,10041.51,20083.02,PayPal,5,Brilliant product! Works perfectly and is incredibly well-made. Worth every penny.
P1691,11691,2024-10-25,Books,Normal People by Sally Rooney,1,1016.12,1016.12,Credit Card,4,Very satisfied customer. The product is well-designed and performs reliably.
P1692,11692,2024-07-22,Beauty Products,SK-II Facial Treatment Essence,1,11622.38,11622.38,Credit Card,4,Solid quality and reliable performance. I'm satisfied with this purchase and would recommend it.
P1693,11693,2024-12-25,Books,"Thinking, Fast and Slow by Daniel Kahneman",4,2043.67,8174.68,Credit Card,4,Good value for money. The product is well-made and serves its purpose perfectly.
P1694,11694,2024-02-15,Beauty Products,NARS Radiant Creamy Concealer,2,3262.01,6524.02,Apple Pay,3,"Mixed feelings about this. Some features are good, others could use improvement."
P1695,11695,2024-08-03,Books,The Housemaid by Freida McFadden,1,1010.79,1010.79,Apple Pay,2,Doesn't live up to the hype. Overpriced for what you actually get.
P1696,11696,2024-07-21,Electronics,Sony Bravia 55 TV,3,157791.27,473373.81,Credit Card,1,Frustrating experience from start to finish. The product simply doesn't work.
P1697,11697,2024-05-22,Clothing,Everlane The Cashmere Crew,5,11602.33,58011.65,Debit Card,3,It's fine. Does what it's supposed to do without any standout features.
P1698,11698,2024-04-16,Clothing,The North Face Recon Backpack,2,9998.38,19996.76,Debit Card,0,The worst product I've ever owned. Nothing works and the quality is nonexistent.
P1699,11699,2024-09-27,Sports,Casio G-Shock DW-6900,1,9000.23,9000.23,PayPal,5,Five stars! The best purchase I've made this year. Would highly recommend to everyone.
P1700,11700,2024-09-26,Electronics,Anker 733 Power Bank,2,9672.78,19345.56,Credit Card,5,Life-changing product! I can't imagine going back to anything else now.
P1701,11701,2024-07-13,Electronics,Apple Watch Ultra 2,1,81281.33,81281.33,Apple Pay,4,Excellent product that does the job well. Only minor complaints.
P1702,11702,2024-01-13,Beauty Products,CeraVe Hydrating Facial Cleanser,2,1447.59,2895.18,Credit Card,5,Top-notch quality and performance. This has become an essential part of my daily life.
P1703,11703,2024-02-14,Electronics,Microsoft Surface Pro 9,2,118124.72,236249.44,Credit Card,5,Top-notch quality and performance. This has become an essential part of my daily life.
P1704,11704,2024-06-08,Clothing,Vuori Ponto Performance Pant,1,8172.09,8172.09,Apple Pay,3,"It does the job adequately. Not great, not terrible, just middle of the road."
P1705,11705,2024-11-06,Clothing,Adidas Samba OG,2,10207.87,20415.74,Debit Card,3,Decent product for the price. Nothing to write home about but it works.
P1706,11706,2024-11-06,Sports,Bowflex SelectTech 552 Dumbbells,3,42472.11,127416.33,Credit Card,4,Really happy with this. Does exactly what it says and the quality is very good.
P1707,11707,2024-05-10,Electronics,Apple AirTag 4 Pack,4,9656.72,38626.88,PayPal,5,Best in its category! I've tried competitors and nothing comes close to this.
P1708,11708,2024-10-25,Books,Britt-Marie Was Here by Fredrik Backman,1,1062.21,1062.21,Apple Pay,5,Best in its category! I've tried competitors and nothing comes close to this.
P1709,11709,2024-12-25,Home Appliances,Zojirushi Bread Maker,5,29582.03,147910.15,Debit Card,5,Exceptional product that delivers exactly what it promises. Couldn't be happier!
P1710,11710,2024-12-23,Sports,Patagonia Black Hole Duffel 40L,1,13949.97,13949.97,PayPal,4,Solid quality and reliable performance. I'm satisfied with this purchase and would recommend it.
P1711,11711,2024-03-03,Beauty Products,Drunk Elephant T.L.C. Framboos,3,8798.93,26396.79,Debit Card,4,Works great and looks good too. Very pleased with this purchase overall.
P1712,11712,2024-03-13,Electronics,Sony Bravia 55 TV,3,162166.89,486500.67,Credit Card,4,Solid quality and reliable performance. I'm satisfied with this purchase and would recommend it.
P1713,11713,2024-05-08,Beauty Products,IT Cosmetics CC+ Cream,3,4323.07,12969.21,PayPal,3,"It does the job adequately. Not great, not terrible, just middle of the road."
P1714,11714,2024-01-08,Clothing,The North Face Aconcagua Jacket,1,19572.64,19572.64,Credit Card,5,Exceptional product that delivers exactly what it promises. Couldn't be happier!
P1715,11715,2024-04-01,Sports,Nike Alphafly 2,3,28343.89,85031.67,Google Pay,0,Horrible experience. The item never arrived properly and support was useless.
P1716,11716,2024-06-28,Sports,Fitbit Charge 5,2,15104.45,30208.90,PayPal,3,Decent product for the price. Nothing to write home about but it works.
P1717,11717,2024-11-09,Beauty Products,Rare Beauty Liquid Blush,1,2344.97,2344.97,Credit Card,5,Top-notch quality and performance. This has become an essential part of my daily life.
P1718,11718,2024-02-23,Home Appliances,KitchenAid Food Processor,1,23349.91,23349.91,Credit Card,2,Not satisfied with this purchase. The quality is noticeably lacking.
P1719,11719,2024-02-26,Sports,RumbleRoller Foam Roller,2,5000.59,10001.18,Debit Card,2,Not satisfied with this purchase. The quality is noticeably lacking.
P1720,11720,2024-04-12,Sports,Yeti Hopper M30 Soft Cooler,3,34410.49,103231.47,Credit Card,4,Very good product overall. Works well and meets my expectations. Minor improvements possible.
P1721,11721,2024-07-15,Sports,Peloton Bike+,2,242982.93,485965.86,PayPal,5,Best in its category! I've tried competitors and nothing comes close to this.
P1722,11722,2024-09-02,Books,The Guest List by Lucy Foley,1,901.02,901.02,Debit Card,3,Average quality. Meets basic expectations but doesn't stand out from competitors.
P1723,11723,2024-12-09,Clothing,Everlane The Weekender Bag,4,11657.15,46628.60,Credit Card,4,Great product with excellent features. Just a few small things keep it from being perfect.
P1724,11724,2024-12-07,Beauty Products,Kosas Cloud Set Powder,1,3531.29,3531.29,Credit Card,5,Life-changing product! I can't imagine going back to anything else now.
P1725,11725,2024-11-17,Beauty Products,Charlotte Tilbury Pillow Talk Lipstick,1,3398.06,3398.06,Credit Card,5,Absolutely love this product! Exceeded all my expectations and the quality is outstanding.
P1726,11726,2024-12-02,Books,The Covenant of Water by Abraham Verghese,2,1717.85,3435.70,Debit Card,4,Excellent product that does the job well. Only minor complaints.
P1727,11727,2024-06-06,Home Appliances,OXO Good Grips Can Opener,1,2505.17,2505.17,PayPal,2,Disappointing quality for the price. Expected much better based on the description.
P1728,11728,2024-10-16,Home Appliances,Shark Robot Vacuum RV1001AE,1,29171.93,29171.93,PayPal,4,Works great and looks good too. Very pleased with this purchase overall.
P1729,11729,2024-11-13,Beauty Products,Morphe 35O Nature Glow Palette,1,2565.65,2565.65,Debit Card,5,Brilliant product! Works perfectly and is incredibly well-made. Worth every penny.
P1730,11730,2024-10-09,Sports,Bowflex SelectTech 552 Dumbbells,1,42283.54,42283.54,Credit Card,5,Five stars! The best purchase I've made this year. Would highly recommend to everyone.
P1731,11731,2024-05-25,Electronics,Logitech C920x Webcam,1,7672.67,7672.67,Credit Card,5,Absolutely fantastic! The quality far surpasses what I expected at this price point.
P1732,11732,2024-01-12,Electronics,Logitech C920x Webcam,1,8119.75,8119.75,Google Pay,5,Top-notch quality and performance. This has become an essential part of my daily life.
P1733,11733,2024-06-01,Sports,Apple Watch Series 9,2,42803.43,85606.86,PayPal,5,Life-changing product! I can't imagine going back to anything else now.
P1734,11734,2024-08-18,Clothing,Patagonia Retro-X Fleece,5,17467.14,87335.70,PayPal,4,Very satisfied customer. The product is well-designed and performs reliably.
P1735,11735,2024-03-15,Home Appliances,Honeywell QuietClean Air Purifier,1,19256.49,19256.49,Apple Pay,5,Absolutely love this product! Exceeded all my expectations and the quality is outstanding.
P1736,11736,2024-12-26,Home Appliances,Shark Robot Vacuum RV1001AE,3,29562.13,88686.39,Credit Card,5,Brilliant product! Works perfectly and is incredibly well-made. Worth every penny.
P1737,11737,2024-09-06,Electronics,Apple AirTag 4 Pack,1,9961.48,9961.48,Credit Card,1,Returned this immediately. The product was defective and poorly made.
P1738,11738,2024-12-18,Beauty Products,Fenty Beauty Foundation,3,3685.64,11056.92,Google Pay,5,Outstanding quality and fantastic value. I'm so happy with this purchase.
P1739,11739,2024-06-08,Sports,Spalding NBA Street Basketball,1,2475.70,2475.70,Debit Card,5,Best in its category! I've tried competitors and nothing comes close to this.
P1740,11740,2024-11-22,Electronics,Anker 733 Power Bank,3,9657.03,28971.09,Debit Card,1,I regret buying this. It's of very low quality and not worth even a fraction of the price.
P1741,11741,2024-09-18,Sports,Garmin inReach Mini 2,1,40011.04,40011.04,Credit Card,5,Brilliant product! Works perfectly and is incredibly well-made. Worth every penny.
P1742,11742,2024-07-07,Clothing,Columbia Newton Ridge Hiking Boots,4,8950.26,35801.04,PayPal,5,Best in its category! I've tried competitors and nothing comes close to this.
P1743,11743,2024-01-04,Books,Educated by Tara Westover,2,1328.69,2657.38,Credit Card,4,Good value for money. The product is well-made and serves its purpose perfectly.
P1744,11744,2024-11-23,Electronics,AirPods Pro 2nd Gen,1,24215.20,24215.20,Debit Card,5,Life-changing product! I can't imagine going back to anything else now.
P1745,11745,2024-11-19,Sports,Hydro Flask 32 oz Water Bottle,1,4439.80,4439.80,Credit Card,4,Very good product overall. Works well and meets my expectations. Minor improvements possible.
P1746,11746,2024-12-13,Home Appliances,Weber Spirit II E-310 Gas Grill,1,55024.39,55024.39,PayPal,3,Middle of the pack. Not disappointed but not impressed either.
P1747,11747,2024-12-17,Books,The Seven Year Slip by Ashley Poston,2,1060.22,2120.44,Credit Card,5,Brilliant product! Works perfectly and is incredibly well-made. Worth every penny.
P1748,11748,2024-12-23,Books,The Silent Patient by Alex Michaelides,1,972.39,972.39,Credit Card,4,Very satisfied customer. The product is well-designed and performs reliably.
P1749,11749,2024-01-13,Clothing,Adidas Ultraboost,4,17575.87,70303.48,Credit Card,5,Outstanding quality and fantastic value. I'm so happy with this purchase.
P1750,11750,2024-10-27,Books,A Gentleman in Moscow by Amor Towles,5,1070.39,5351.95,Credit Card,5,Incredible value for the price. The build quality is superb and it works flawlessly.
P1751,11751,2024-01-05,Clothing,Zara Dress,2,7874.07,15748.14,PayPal,3,"It does the job adequately. Not great, not terrible, just middle of the road."
P1752,11752,2024-04-21,Clothing,Carhartt Duck Vest,1,7755.20,7755.20,PayPal,5,Outstanding quality and fantastic value. I'm so happy with this purchase.
P1753,11753,2024-11-16,Clothing,Everlane The Weekender Bag,2,11587.31,23174.62,PayPal,5,Best in its category! I've tried competitors and nothing comes close to this.
P1754,11754,2024-02-23,Clothing,Uniqlo Ultra Light Down Jacket,1,7805.13,7805.13,PayPal,1,Returned this immediately. The product was defective and poorly made.
P1755,11755,2024-01-18,Books,Normal People by Sally Rooney,1,1054.98,1054.98,PayPal,5,Exceptional product that delivers exactly what it promises. Couldn't be happier!
P1756,11756,2024-05-19,Clothing,Dr. Martens 1460 Boots,1,14559.74,14559.74,Credit Card,0,Stay away from this product. It's a complete rip-off and doesn't work at all.
P1757,11757,2024-11-07,Home Appliances,Ninja Foodi 10-in-1 XL,1,24206.33,24206.33,Apple Pay,5,Outstanding quality and fantastic value. I'm so happy with this purchase.
P1758,11758,2024-01-13,Home Appliances,Hamilton Beach 2-Slice Toaster,1,3024.73,3024.73,Debit Card,5,Life-changing product! I can't imagine going back to anything else now.
P1759,11759,2024-06-24,Home Appliances,Breville Smart Oven Air,1,40544.29,40544.29,Google Pay,2,Poor experience overall. The product has multiple flaws that affect usability.
P1760,11760,2024-11-24,Books,Where the Crawdads Sing by Delia Owens,1,1058.23,1058.23,PayPal,5,Exceptional product that delivers exactly what it promises. Couldn't be happier!
P1761,11761,2024-12-12,Beauty Products,Summer Fridays Lip Butter Balm,1,2410.67,2410.67,PayPal,4,Good value for money. The product is well-made and serves its purpose perfectly.
P1762,11762,2024-08-08,Home Appliances,Hamilton Beach 2-Slice Toaster,2,2960.56,5921.12,Apple Pay,5,Best in its category! I've tried competitors and nothing comes close to this.
P1763,11763,2024-02-08,Sports,On Cloudrunning Shoes,1,14685.19,14685.19,Google Pay,0,Absolute garbage. The product was broken on arrival and the company refused a refund.
P1764,11764,2024-02-03,Beauty Products,Charlotte Tilbury Flawless Filter,1,4262.90,4262.90,PayPal,3,Decent product for the price. Nothing to write home about but it works.
P1765,11765,2024-06-05,Electronics,Sony Bravia 55 TV,2,155159.62,310319.24,Credit Card,4,Works great and looks good too. Very pleased with this purchase overall.
P1766,11766,2024-11-04,Clothing,Uniqlo Ultra Light Down Jacket,3,7767.17,23301.51,Google Pay,5,Best in its category! I've tried competitors and nothing comes close to this.
P1767,11767,2024-12-21,Beauty Products,La Mer Moisturizing Cream,1,19031.60,19031.60,Apple Pay,1,Awful quality. Fell apart after minimal use. Would never recommend this to anyone.
P1768,11768,2024-10-20,Clothing,Everlane The Cashmere Crew,1,12248.42,12248.42,Apple Pay,4,Great product with excellent features. Just a few small things keep it from being perfect.
P1769,11769,2024-07-12,Clothing,Uniqlo Ultra Light Down Jacket,1,8055.72,8055.72,PayPal,0,A total failure. I had to throw it away after one use. Absolutely unacceptable.
P1770,11770,2024-12-06,Books,Happy Place by Emily Henry,2,1135.33,2270.66,Credit Card,5,Best in its category! I've tried competitors and nothing comes close to this.
P1771,11771,2024-06-18,Clothing,Lululemon Align Leggings,5,9579.51,47897.55,Debit Card,5,Incredible value for the price. The build quality is superb and it works flawlessly.
P1772,11772,2024-07-14,Beauty Products,First Aid Beauty KP Bump Eraser,2,2780.61,5561.22,PayPal,4,I'm impressed with the quality. Not perfect but definitely worth the investment.
P1773,11773,2024-05-13,Home Appliances,KitchenAid Food Processor,2,22495.93,44991.86,Credit Card,3,"Adequate for basic use. If you need something simple, this works fine."
P1774,11774,2024-03-28,Books,Spare by Prince Harry,4,1795.18,7180.72,PayPal,5,Exceptional product that delivers exactly what it promises. Couldn't be happier!
P1775,11775,2024-04-05,Beauty Products,Sol de Janeiro Bum Bum Cream,1,4531.01,4531.01,Credit Card,1,I regret buying this. It's of very low quality and not worth even a fraction of the price.
P1776,11776,2024-06-07,Clothing,Patagonia Retro-X Fleece,1,18318.78,18318.78,PayPal,1,Do not buy this. The quality is abysmal and it doesn't deliver on any promises.
P1777,11777,2024-03-15,Electronics,Dell XPS 13 Laptop,2,99216.51,198433.02,PayPal,5,Life-changing product! I can't imagine going back to anything else now.
P1778,11778,2024-11-21,Beauty Products,La Roche-Posay Cicaplast Baume,2,1720.50,3441.00,PayPal,4,High quality and durable. Would buy again without hesitation.
P1779,11779,2024-04-24,Home Appliances,KitchenAid Artisan Stand Mixer,3,42865.73,128597.19,Credit Card,1,I regret buying this. It's of very low quality and not worth even a fraction of the price.
P1780,11780,2024-08-21,Electronics,Samsung Galaxy Tab S9,2,81275.70,162551.40,Debit Card,5,Absolutely love this product! Exceeded all my expectations and the quality is outstanding.
P1781,11781,2024-05-03,Books,The Midnight Library by Matt Haig,4,1328.48,5313.92,PayPal,0,Do not waste your money. This is the worst product I have ever purchased.
P1782,11782,2024-11-12,Books,Klara and the Sun by Kazuo Ishiguro,2,1417.38,2834.76,Apple Pay,5,Brilliant product! Works perfectly and is incredibly well-made. Worth every penny.
P1783,11783,2024-05-04,Sports,Stance NBA Socks,1,1626.31,1626.31,PayPal,4,Excellent product that does the job well. Only minor complaints.
P1784,11784,2024-12-14,Home Appliances,Zojirushi Bread Maker,2,30130.86,60261.72,Credit Card,3,"Mixed feelings about this. Some features are good, others could use improvement."
P1785,11785,2024-12-22,Home Appliances,Keurig K-Elite Coffee Maker,4,12588.13,50352.52,Credit Card,5,Incredible value for the price. The build quality is superb and it works flawlessly.
P1786,11786,2024-07-16,Home Appliances,Simplehuman Soap Dispenser,3,5015.80,15047.40,Debit Card,1,I regret buying this. It's of very low quality and not worth even a fraction of the price.
P1787,11787,2024-09-15,Electronics,MacBook Air M3,5,117978.89,589894.45,Credit Card,5,Top-notch quality and performance. This has become an essential part of my daily life.
P1788,11788,2024-12-12,Electronics,Google Nest Hub,1,9973.67,9973.67,PayPal,1,Complete waste of money. The product doesn't work as advertised at all.
P1789,11789,2024-12-26,Clothing,Levi's 501 Jeans,5,6914.80,34574.00,Debit Card,5,Best in its category! I've tried competitors and nothing comes close to this.
P1790,11790,2024-01-19,Beauty Products,Glow Recipe Avocado Melt Retinol Eye Cream,5,4156.12,20780.60,Credit Card,5,Exceptional product that delivers exactly what it promises. Couldn't be happier!
P1791,11791,2024-12-01,Sports,Wilson Evolution Basketball,1,5870.28,5870.28,Credit Card,3,"It does the job adequately. Not great, not terrible, just middle of the road."
P1792,11792,2024-07-14,Books,The Power of Now by Eckhart Tolle,1,954.10,954.10,Apple Pay,3,Decent product for the price. Nothing to write home about but it works.
P1793,11793,2024-08-05,Electronics,Samsung Galaxy S23,2,77595.10,155190.20,PayPal,5,Best in its category! I've tried competitors and nothing comes close to this.
P1794,11794,2024-06-02,Clothing,Carhartt WIP Chase Beanie,2,2772.39,5544.78,Google Pay,2,Doesn't live up to the hype. Overpriced for what you actually get.
P1795,11795,2024-06-11,Home Appliances,KitchenAid 5-Speed Blender,4,8095.04,32380.16,Google Pay,5,Exceptional product that delivers exactly what it promises. Couldn't be happier!
P1796,11796,2024-04-15,Electronics,Xbox Series X,3,51137.55,153412.65,Google Pay,1,Terrible product. Broke almost immediately and the quality is shockingly bad.
P1797,11797,2024-11-26,Electronics,Amazon Fire TV Stick 4K,1,4893.33,4893.33,Debit Card,5,Outstanding quality and fantastic value. I'm so happy with this purchase.
P1798,11798,2024-11-28,Electronics,GoPro HERO12 Black,1,43589.23,43589.23,Debit Card,1,I regret buying this. It's of very low quality and not worth even a fraction of the price.
P1799,11799,2024-02-19,Beauty Products,First Aid Beauty KP Bump Eraser,2,2761.69,5523.38,Debit Card,4,Very good product overall. Works well and meets my expectations. Minor improvements possible.
P1800,11800,2024-10-07,Electronics,Fujifilm Instax Mini 12,1,7588.08,7588.08,Debit Card,5,Outstanding quality and fantastic value. I'm so happy with this purchase.
P1801,11801,2024-04-23,Electronics,Sony A7IV Camera,1,251781.02,251781.02,Credit Card,4,Really happy with this. Does exactly what it says and the quality is very good.
P1802,11802,2024-10-16,Home Appliances,Black+Decker 20V Cordless Drill,1,7087.12,7087.12,Credit Card,2,Disappointing quality for the price. Expected much better based on the description.
P1803,11803,2024-07-17,Electronics,iPhone 15,1,82173.27,82173.27,Credit Card,5,Absolutely fantastic! The quality far surpasses what I expected at this price point.
P1804,11804,2024-09-07,Home Appliances,Instant Pot Duo 7-in-1,2,9735.72,19471.44,PayPal,2,Poor experience overall. The product has multiple flaws that affect usability.
P1805,11805,2024-03-21,Clothing,Re/Done Classic Stretch Jeans,2,18507.39,37014.78,Credit Card,5,Exceptional product that delivers exactly what it promises. Couldn't be happier!
P1806,11806,2024-11-24,Clothing,Canada Goose HyBridge Base Hoody,1,39866.98,39866.98,Credit Card,5,Brilliant product! Works perfectly and is incredibly well-made. Worth every penny.
P1807,11807,2024-01-03,Sports,Spalding TF-1000 Basketball,1,6580.70,6580.70,Credit Card,3,Acceptable quality but there's room for improvement. I've seen better and worse.
P1808,11808,2024-02-25,Beauty Products,Glossier Boy Brow,1,1816.23,1816.23,Debit Card,5,Top-notch quality and performance. This has become an essential part of my daily life.
P1809,11809,2024-10-20,Electronics,Amazon Echo Dot 5th Gen,2,5058.01,10116.02,Debit Card,4,High quality and durable. Would buy again without hesitation.
P1810,11810,2024-06-10,Sports,Wilson Evolution Basketball,1,6169.38,6169.38,Credit Card,5,Brilliant product! Works perfectly and is incredibly well-made. Worth every penny.
P1811,11811,2024-01-12,Beauty Products,Charlotte Tilbury Flawless Filter,1,4379.90,4379.90,PayPal,4,High quality and durable. Would buy again without hesitation.
P1812,11812,2024-07-05,Beauty Products,La Mer Moisturizing Cream,1,18360.76,18360.76,PayPal,2,Doesn't live up to the hype. Overpriced for what you actually get.
P1813,11813,2024-12-21,Home Appliances,OXO Brew Conical Burr Grinder,1,9611.29,9611.29,PayPal,5,Brilliant product! Works perfectly and is incredibly well-made. Worth every penny.
P1814,11814,2024-04-01,Beauty Products,Fenty Beauty Pro Filt'r Foundation,1,3540.65,3540.65,Credit Card,5,Incredible value for the price. The build quality is superb and it works flawlessly.
P1815,11815,2024-03-27,Sports,Yeti Rambler 26 oz Bottle,1,3915.77,3915.77,Credit Card,3,Acceptable quality but there's room for improvement. I've seen better and worse.
P1816,11816,2024-07-28,Home Appliances,Zojirushi Bread Maker,1,30197.43,30197.43,Debit Card,0,Worst purchase ever. Nothing about this product works as described. Total scam.
P1817,11817,2024-12-23,Beauty Products,Fresh Sugar Lip Treatment,2,2338.59,4677.18,Google Pay,1,Awful quality. Fell apart after minimal use. Would never recommend this to anyone.
P1818,11818,2024-07-01,Books,The Great Gatsby by F. Scott Fitzgerald,2,980.41,1960.82,Credit Card,3,Acceptable quality but there's room for improvement. I've seen better and worse.
P1819,11819,2024-09-20,Home Appliances,KitchenAid Artisan Stand Mixer,1,42490.98,42490.98,Debit Card,2,Not worth the money. The product feels cheap and doesn't perform as advertised.
P1820,11820,2024-06-16,Electronics,Beats Studio Pro,1,34627.80,34627.80,Credit Card,5,Top-notch quality and performance. This has become an essential part of my daily life.
P1821,11821,2024-10-28,Books,The Midnight Library by Matt Haig,2,1372.31,2744.62,Apple Pay,2,The product has issues that shouldn't exist at this price point. Very underwhelming.
P1822,11822,2024-05-26,Books,A Gentleman in Moscow by Amor Towles,2,1065.08,2130.16,Debit Card,2,Not satisfied with this purchase. The quality is noticeably lacking.
P1823,11823,2024-12-08,Clothing,Arc'teryx Atom LT Hoody,3,25510.10,76530.30,Credit Card,4,Very good product overall. Works well and meets my expectations. Minor improvements possible.
P1824,11824,2024-05-04,Beauty Products,Neutrogena Skincare Set,3,9056.67,27170.01,Debit Card,4,High quality and durable. Would buy again without hesitation.
P1825,11825,2024-09-24,Clothing,Allbirds Tree Runners,1,9437.06,9437.06,Credit Card,2,Regret this purchase. The quality doesn't match the price tag at all.
P1826,11826,2024-10-12,Electronics,JBL Flip 6 Speaker,1,12685.86,12685.86,Credit Card,5,Life-changing product! I can't imagine going back to anything else now.
P1827,11827,2024-07-05,Clothing,Carhartt Duck Vest,5,7982.66,39913.30,Debit Card,4,Excellent product that does the job well. Only minor complaints.
P1828,11828,2024-04-26,Home Appliances,Weber Spirit II E-310 Gas Grill,5,55221.45,276107.25,Debit Card,5,Absolutely love this product! Exceeded all my expectations and the quality is outstanding.
P1829,11829,2024-11-07,Sports,Garmin Venu 3,3,44313.94,132941.82,PayPal,4,Very good product overall. Works well and meets my expectations. Minor improvements possible.
P1830,11830,2024-05-07,Home Appliances,Breville Smart Oven Air,1,38772.00,38772.00,PayPal,5,Best in its category! I've tried competitors and nothing comes close to this.
P1831,11831,2024-11-05,Beauty Products,Glossier Boy Brow,2,1795.94,3591.88,Credit Card,4,I'm impressed with the quality. Not perfect but definitely worth the investment.
P1832,11832,2024-02-09,Beauty Products,Tower 28 SOS Rescue Facial Spray,1,2014.63,2014.63,Apple Pay,5,Life-changing product! I can't imagine going back to anything else now.
P1833,11833,2024-02-01,Home Appliances,Instant Pot Duo 7-in-1,1,9886.03,9886.03,Apple Pay,5,Top-notch quality and performance. This has become an essential part of my daily life.
P1834,11834,2024-11-13,Sports,Yeti Rambler 26 oz Bottle,1,3974.26,3974.26,Debit Card,4,I'm impressed with the quality. Not perfect but definitely worth the investment.
P1835,11835,2024-09-25,Electronics,iPad Mini,2,49373.10,98746.20,Credit Card,5,Absolutely fantastic! The quality far surpasses what I expected at this price point.
P1836,11836,2024-01-23,Home Appliances,KitchenAid 5-Speed Blender,1,8194.68,8194.68,PayPal,5,Absolutely fantastic! The quality far surpasses what I expected at this price point.
P1837,11837,2024-03-23,Clothing,Arc'teryx Beta AR Jacket,1,59397.98,59397.98,Debit Card,5,Incredible value for the price. The build quality is superb and it works flawlessly.
P1838,11838,2024-05-03,Sports,Spalding TF-1000 Basketball,1,6319.50,6319.50,PayPal,3,Acceptable quality but there's room for improvement. I've seen better and worse.
P1839,11839,2024-10-18,Electronics,Oculus Quest 3,3,49745.80,149237.40,Debit Card,2,Regret this purchase. The quality doesn't match the price tag at all.
P1840,11840,2024-04-02,Sports,REI Co-op Trailbreak 30 Backpack,1,8058.51,8058.51,Credit Card,4,Very good product overall. Works well and meets my expectations. Minor improvements possible.
P1841,11841,2024-04-08,Home Appliances,Ninja Air Fryer XL,5,14576.08,72880.40,Debit Card,5,Incredible value for the price. The build quality is superb and it works flawlessly.
P1842,11842,2024-01-25,Clothing,L.L.Bean Wicked Good Slippers,1,6050.97,6050.97,PayPal,4,Very good product overall. Works well and meets my expectations. Minor improvements possible.
P1843,11843,2024-04-02,Clothing,Adidas Ultraboost Light,1,18890.32,18890.32,Debit Card,3,"Adequate for basic use. If you need something simple, this works fine."
P1844,11844,2024-12-17,Home Appliances,GE Profile Opal Ice Maker,1,53754.53,53754.53,Credit Card,1,I regret buying this. It's of very low quality and not worth even a fraction of the price.
P1845,11845,2024-05-18,Books,"Tomorrow, and Tomorrow by Gabrielle Zevin",1,1420.41,1420.41,Credit Card,3,"It does the job adequately. Not great, not terrible, just middle of the road."
P1846,11846,2024-05-11,Clothing,Dr. Martens 1460 Boots,1,15034.51,15034.51,Apple Pay,5,Life-changing product! I can't imagine going back to anything else now.
P1847,11847,2024-12-22,Sports,Manduka PRO Yoga Mat,3,11689.08,35067.24,Debit Card,5,Five stars! The best purchase I've made this year. Would highly recommend to everyone.
P1848,11848,2024-11-28,Clothing,Adidas Ultraboost,1,18065.78,18065.78,Credit Card,2,Poor experience overall. The product has multiple flaws that affect usability.
P1849,11849,2024-12-27,Books,To Kill a Mockingbird by Harper Lee,1,1255.51,1255.51,Credit Card,4,Good value for money. The product is well-made and serves its purpose perfectly.
P1850,11850,2024-04-01,Books,Dune by Frank Herbert,1,1315.51,1315.51,Debit Card,5,Incredible value for the price. The build quality is superb and it works flawlessly.
P1851,11851,2024-10-15,Beauty Products,Fenty Beauty Pro Filt'r Foundation,2,3517.90,7035.80,Apple Pay,4,Very satisfied customer. The product is well-designed and performs reliably.
P1852,11852,2024-05-22,Clothing,Zara High-Waisted Trousers,1,4481.84,4481.84,Credit Card,2,Not satisfied with this purchase. The quality is noticeably lacking.
P1853,11853,2024-01-01,Clothing,Vuori Performance Joggers,4,8696.22,34784.88,PayPal,3,Works as described but nothing special. Fair value for what you pay.
P1854,11854,2024-02-12,Clothing,Patagonia Baggies Shorts,2,5038.46,10076.92,Debit Card,5,Incredible value for the price. The build quality is superb and it works flawlessly.
P1855,11855,2024-10-10,Electronics,iPad Mini,4,49307.34,197229.36,Credit Card,4,Really happy with this. Does exactly what it says and the quality is very good.
P1856,11856,2024-02-21,Electronics,iPad Pro 12.9,4,133267.34,533069.36,PayPal,5,Five stars! The best purchase I've made this year. Would highly recommend to everyone.
P1857,11857,2024-11-15,Sports,REI Co-op Trailbreak 30 Backpack,1,7761.11,7761.11,Credit Card,4,Great product with excellent features. Just a few small things keep it from being perfect.
P1858,11858,2024-04-13,Books,Holly by Stephen King,1,1689.74,1689.74,Apple Pay,4,Very good product overall. Works well and meets my expectations. Minor improvements possible.
P1859,11859,2024-09-02,Electronics,Beats Studio Pro,5,35688.13,178440.65,Credit Card,3,"Mixed feelings about this. Some features are good, others could use improvement."
P1860,11860,2024-11-01,Clothing,Carhartt Duck Vest,5,7840.46,39202.30,Apple Pay,2,Disappointing quality for the price. Expected much better based on the description.
P1861,11861,2024-12-27,Beauty Products,Paula's Choice 2% BHA Exfoliant,2,3228.84,6457.68,Credit Card,3,It's an okay product. Does the basics but nothing extraordinary. Decent for the price.
P1862,11862,2024-05-03,Books,Happy Place by Emily Henry,1,1138.12,1138.12,PayPal,5,Top-notch quality and performance. This has become an essential part of my daily life.
P1863,11863,2024-11-18,Home Appliances,Nespresso Vertuo Next,1,16032.91,16032.91,PayPal,5,Incredible value for the price. The build quality is superb and it works flawlessly.
P1864,11864,2024-06-12,Clothing,Columbia Newton Ridge Hiking Boots,1,9083.13,9083.13,Apple Pay,3,Acceptable quality but there's room for improvement. I've seen better and worse.
P1865,11865,2024-06-14,Electronics,Nintendo Switch OLED,2,35705.71,71411.42,Debit Card,1,Returned this immediately. The product was defective and poorly made.
P1866,11866,2024-07-18,Home Appliances,GE Profile Opal Ice Maker,4,54384.34,217537.36,PayPal,4,Excellent product that does the job well. Only minor complaints.
P1867,11867,2024-09-24,Home Appliances,Zojirushi Bread Maker,3,30032.20,90096.60,Credit Card,2,Doesn't live up to the hype. Overpriced for what you actually get.
P1868,11868,2024-02-14,Electronics,Dyson V15 Detect Vacuum,5,75097.72,375488.60,Google Pay,5,Absolutely love this product! Exceeded all my expectations and the quality is outstanding.
P1869,11869,2024-04-18,Home Appliances,GE Profile Opal Ice Maker,2,55506.13,111012.26,Debit Card,4,I'm impressed with the quality. Not perfect but definitely worth the investment.
P1870,11870,2024-11-26,Books,"Tomorrow, and Tomorrow by Gabrielle Zevin",1,1440.86,1440.86,PayPal,5,Top-notch quality and performance. This has become an essential part of my daily life.
P1871,11871,2024-11-23,Electronics,Amazon Fire TV Stick 4K,1,5033.08,5033.08,PayPal,2,Poor experience overall. The product has multiple flaws that affect usability.
P1872,11872,2024-10-26,Sports,Hyperice Venom 2 Back Massager,3,19894.27,59682.81,Debit Card,3,"It does the job adequately. Not great, not terrible, just middle of the road."
P1873,11873,2024-04-13,Books,To Kill a Mockingbird by Harper Lee,3,1293.25,3879.75,Debit Card,0,Horrible experience. The item never arrived properly and support was useless.
P1874,11874,2024-01-01,Clothing,Re/Done Classic Stretch Jeans,1,18151.14,18151.14,Debit Card,5,Best in its category! I've tried competitors and nothing comes close to this.
P1875,11875,2024-12-14,Books,The Covenant of Water by Abraham Verghese,2,1640.37,3280.74,Credit Card,5,Incredible value for the price. The build quality is superb and it works flawlessly.
P1876,11876,2024-06-10,Beauty Products,Rare Beauty Soft Pinch Liquid Blush,2,2347.65,4695.30,Credit Card,4,High quality and durable. Would buy again without hesitation.
P1877,11877,2024-12-16,Books,The Silent Patient by Alex Michaelides,1,975.49,975.49,Apple Pay,2,Doesn't live up to the hype. Overpriced for what you actually get.
P1878,11878,2024-11-25,Electronics,Anker 733 Power Bank,1,9951.75,9951.75,Debit Card,1,Returned this immediately. The product was defective and poorly made.
P1879,11879,2024-12-13,Electronics,Apple Watch Series 9,5,42551.25,212756.25,Debit Card,4,Excellent product that does the job well. Only minor complaints.
P1880,11880,2024-02-08,Electronics,Logitech C920x Webcam,1,8018.05,8018.05,Credit Card,4,High quality and durable. Would buy again without hesitation.
P1881,11881,2024-01-10,Sports,Yeti Tundra 45 Cooler,3,38287.73,114863.19,Credit Card,4,Solid quality and reliable performance. I'm satisfied with this purchase and would recommend it.
P1882,11882,2024-01-05,Electronics,Microsoft Surface Pro 9,4,115313.24,461252.96,Google Pay,5,Exceptional product that delivers exactly what it promises. Couldn't be happier!
P1883,11883,2024-10-13,Sports,Under Armour HOVR Sonic 5,2,10692.42,21384.84,Credit Card,5,Absolutely fantastic! The quality far surpasses what I expected at this price point.
P1884,11884,2024-08-15,Clothing,J.Crew Tippi Sweater,3,7584.63,22753.89,Credit Card,5,Five stars! The best purchase I've made this year. Would highly recommend to everyone.
P1885,11885,2024-10-27,Electronics,Canon EOS R50 Camera,1,67843.97,67843.97,Credit Card,4,Great product with excellent features. Just a few small things keep it from being perfect.
P1886,11886,2024-11-02,Books,The Da Vinci Code by Dan Brown,1,1574.74,1574.74,Credit Card,2,Poor experience overall. The product has multiple flaws that affect usability.
P1887,11887,2024-10-26,Home Appliances,iRobot Roomba j7+,1,58603.30,58603.30,Credit Card,4,High quality and durable. Would buy again without hesitation.
P1888,11888,2024-08-26,Beauty Products,Rare Beauty Liquid Blush,1,2293.46,2293.46,Debit Card,3,Average quality. Meets basic expectations but doesn't stand out from competitors.
P1889,11889,2024-07-02,Clothing,Reformation Odessa Dress,1,22064.28,22064.28,Debit Card,5,Exceptional product that delivers exactly what it promises. Couldn't be happier!
P1890,11890,2024-12-22,Books,The Covenant of Water by Abraham Verghese,1,1690.72,1690.72,Credit Card,1,Very disappointed. The item arrived damaged and customer service was unhelpful.
P1891,11891,2024-02-06,Electronics,Nintendo Switch OLED,2,35244.76,70489.52,Apple Pay,3,Middle of the pack. Not disappointed but not impressed either.
P1892,11892,2024-06-09,Beauty Products,Fresh Sugar Lip Treatment,1,2431.59,2431.59,PayPal,4,Solid quality and reliable performance. I'm satisfied with this purchase and would recommend it.
P1893,11893,2024-09-08,Clothing,Nike Dunk Low,1,10748.14,10748.14,PayPal,5,Absolutely love this product! Exceeded all my expectations and the quality is outstanding.
P1894,11894,2024-08-01,Electronics,Dyson V15 Detect Vacuum,1,73847.90,73847.90,Google Pay,5,Brilliant product! Works perfectly and is incredibly well-made. Worth every penny.
P1895,11895,2024-05-08,Sports,Nike Air Max 270,3,14709.99,44129.97,Apple Pay,4,Really happy with this. Does exactly what it says and the quality is very good.
P1896,11896,2024-02-13,Sports,Yeti Hopper M30 Soft Cooler,2,35076.92,70153.84,Debit Card,5,Brilliant product! Works perfectly and is incredibly well-made. Worth every penny.
P1897,11897,2024-12-05,Electronics,Amazon Echo Show 8,1,15337.94,15337.94,Debit Card,4,Really happy with this. Does exactly what it says and the quality is very good.
P1898,11898,2024-09-14,Books,The Housemaid by Freida McFadden,4,1009.48,4037.92,PayPal,5,Incredible value for the price. The build quality is superb and it works flawlessly.
P1899,11899,2024-01-11,Beauty Products,Supergoop! Unseen Sunscreen,1,3424.91,3424.91,Debit Card,4,Very satisfied customer. The product is well-designed and performs reliably.
P1900,11900,2024-11-08,Home Appliances,Ninja Foodi 10-in-1 XL,1,25571.39,25571.39,Google Pay,1,Very disappointed. The item arrived damaged and customer service was unhelpful.
P1901,11901,2024-04-17,Clothing,Steve Madden Troopa Boots,1,8760.78,8760.78,Credit Card,5,Five stars! The best purchase I've made this year. Would highly recommend to everyone.
P1902,11902,2024-09-23,Home Appliances,Nespresso Vertuo Next,3,15461.11,46383.33,Credit Card,4,High quality and durable. Would buy again without hesitation.
P1903,11903,2024-10-11,Books,To Kill a Mockingbird by Harper Lee,3,1298.15,3894.45,Credit Card,2,Mediocre at best. I would not buy this again or recommend it to anyone.
P1904,11904,2024-08-13,Sports,Patagonia Black Hole Duffel 40L,4,13987.74,55950.96,Credit Card,5,Top-notch quality and performance. This has become an essential part of my daily life.
P1905,11905,2024-02-16,Books,The Hobbit by J.R.R. Tolkien,1,1097.61,1097.61,Debit Card,5,Exceptional product that delivers exactly what it promises. Couldn't be happier!
P1906,11906,2024-12-28,Clothing,Steve Madden Troopa Boots,2,8843.20,17686.40,Debit Card,1,I regret buying this. It's of very low quality and not worth even a fraction of the price.
P1907,11907,2024-03-10,Home Appliances,Shark Steam Mop,3,11912.62,35737.86,PayPal,5,Life-changing product! I can't imagine going back to anything else now.
P1908,11908,2024-07-22,Home Appliances,Weber Spirit II E-310 Gas Grill,3,56186.47,168559.41,PayPal,2,Regret this purchase. The quality doesn't match the price tag at all.
P1909,11909,2024-03-22,Books,The Housemaid by Freida McFadden,2,993.14,1986.28,Credit Card,2,Not satisfied with this purchase. The quality is noticeably lacking.
P1910,11910,2024-08-04,Clothing,Columbia Newton Ridge Hiking Boots,2,8831.27,17662.54,Debit Card,5,Best in its category! I've tried competitors and nothing comes close to this.
P1911,11911,2024-06-13,Sports,Nike Alphafly 2,2,29229.29,58458.58,Apple Pay,4,Great product with excellent features. Just a few small things keep it from being perfect.
P1912,11912,2024-04-03,Clothing,Everlane The Weekender Bag,1,11414.83,11414.83,Google Pay,0,Absolute garbage. The product was broken on arrival and the company refused a refund.
P1913,11913,2024-01-26,Clothing,Madewell High-Rise Skinny Jeans,4,8875.84,35503.36,Google Pay,4,Good value for money. The product is well-made and serves its purpose perfectly.
P1914,11914,2024-08-14,Clothing,Nike Air Max 270,1,15423.13,15423.13,Apple Pay,4,High quality and durable. Would buy again without hesitation.
P1915,11915,2024-07-11,Home Appliances,Shark Robot Vacuum RV1001AE,1,29223.51,29223.51,Credit Card,5,Five stars! The best purchase I've made this year. Would highly recommend to everyone.
P1916,11916,2024-05-18,Sports,Under Armour HOVR Sonic 5,1,11177.18,11177.18,PayPal,5,Life-changing product! I can't imagine going back to anything else now.
P1917,11917,2024-01-04,Books,The Power of Now by Eckhart Tolle,5,952.38,4761.90,Credit Card,4,Really happy with this. Does exactly what it says and the quality is very good.
P1918,11918,2024-04-20,Clothing,Allbirds Tree Runners,4,9416.52,37666.08,Credit Card,5,Absolutely fantastic! The quality far surpasses what I expected at this price point.
P1919,11919,2024-09-25,Clothing,The North Face Aconcagua Jacket,1,20456.88,20456.88,PayPal,5,Life-changing product! I can't imagine going back to anything else now.
P1920,11920,2024-01-06,Electronics,Logitech MX Master 3S Mouse,2,9967.79,19935.58,Credit Card,2,Below average. Several issues that make it hard to recommend to others.
P1921,11921,2024-02-28,Beauty Products,Charlotte Tilbury Pillow Talk Lipstick,1,3381.76,3381.76,PayPal,1,Awful quality. Fell apart after minimal use. Would never recommend this to anyone.
P1922,11922,2024-05-01,Clothing,Canada Goose Expedition Parka,2,149317.13,298634.26,Credit Card,2,Mediocre at best. I would not buy this again or recommend it to anyone.
P1923,11923,2024-04-04,Electronics,Fujifilm Instax Mini 12,1,7464.89,7464.89,PayPal,3,Acceptable quality but there's room for improvement. I've seen better and worse.
P1924,11924,2024-12-25,Books,The Thursday Murder Club by Richard Osman,1,1310.52,1310.52,Credit Card,1,Returned this immediately. The product was defective and poorly made.
P1925,11925,2024-07-17,Books,The Hobbit by J.R.R. Tolkien,1,1089.94,1089.94,Credit Card,4,High quality and durable. Would buy again without hesitation.
P1926,11926,2024-09-12,Home Appliances,Breville Smart Oven Air,2,40141.68,80283.36,PayPal,5,Incredible value for the price. The build quality is superb and it works flawlessly.
P1927,11927,2024-04-11,Books,Lessons in Chemistry by Bonnie Garmus,1,1369.05,1369.05,Credit Card,1,Do not buy this. The quality is abysmal and it doesn't deliver on any promises.
P1928,11928,2024-09-16,Electronics,Dell XPS 13 Laptop,2,100279.47,200558.94,Debit Card,4,Very good product overall. Works well and meets my expectations. Minor improvements possible.
P1929,11929,2024-06-12,Books,Babel by R.F. Kuang,1,1489.19,1489.19,Apple Pay,1,Complete waste of money. The product doesn't work as advertised at all.
P1930,11930,2024-07-12,Clothing,Lululemon Scuba Hoodie,1,12091.41,12091.41,Credit Card,4,Great product with excellent features. Just a few small things keep it from being perfect.
P1931,11931,2024-04-19,Sports,Gaiam Yoga Block,2,1110.28,2220.56,Credit Card,0,Completely defective. The product doesn't function at all and feels like a toy.
P1932,11932,2024-01-08,Electronics,Logitech MX Master 3S Mouse,2,9697.30,19394.60,Credit Card,3,It's an okay product. Does the basics but nothing extraordinary. Decent for the price.
P1933,11933,2024-04-17,Clothing,Madewell High-Rise Skinny Jeans,1,8789.54,8789.54,PayPal,5,Brilliant product! Works perfectly and is incredibly well-made. Worth every penny.
P1934,11934,2024-04-10,Home Appliances,Ember Temperature Control Mug,1,14660.24,14660.24,Debit Card,3,"Adequate for basic use. If you need something simple, this works fine."
P1935,11935,2024-10-26,Home Appliances,Honeywell QuietClean Air Purifier,1,18866.26,18866.26,PayPal,1,Awful quality. Fell apart after minimal use. Would never recommend this to anyone.
P1936,11936,2024-01-07,Electronics,Canon EOS R50 Camera,1,66276.55,66276.55,PayPal,4,High quality and durable. Would buy again without hesitation.
P1937,11937,2024-09-12,Home Appliances,Lodge Cast Iron Skillet,1,2554.56,2554.56,Credit Card,2,Subpar performance and build quality. I've had much better products in this category.
P1938,11938,2024-12-25,Clothing,Carhartt Duck Vest,1,7760.23,7760.23,Google Pay,1,Do not buy this. The quality is abysmal and it doesn't deliver on any promises.
P1939,11939,2024-03-02,Beauty Products,Sol de Janeiro Bum Bum Cream,1,4390.94,4390.94,Credit Card,2,Not satisfied with this purchase. The quality is noticeably lacking.
P1940,11940,2024-11-15,Clothing,H&M Linen Blend Shirt,1,3027.71,3027.71,Credit Card,5,Life-changing product! I can't imagine going back to anything else now.
P1941,11941,2024-11-03,Books,Holly by Stephen King,1,1668.42,1668.42,Google Pay,2,Doesn't live up to the hype. Overpriced for what you actually get.
P1942,11942,2024-08-24,Beauty Products,Drunk Elephant Protini Polypeptide Cream,4,6776.40,27105.60,Google Pay,5,Life-changing product! I can't imagine going back to anything else now.
P1943,11943,2024-09-27,Beauty Products,Drunk Elephant T.L.C. Framboos,3,9002.66,27007.98,PayPal,5,Best in its category! I've tried competitors and nothing comes close to this.
P1944,11944,2024-02-02,Clothing,Adidas Ultraboost,1,18523.99,18523.99,Credit Card,5,Incredible value for the price. The build quality is superb and it works flawlessly.
P1945,11945,2024-06-10,Books,"Tomorrow, and Tomorrow by Gabrielle Zevin",1,1448.89,1448.89,Credit Card,5,Brilliant product! Works perfectly and is incredibly well-made. Worth every penny.
P1946,11946,2024-07-19,Home Appliances,Vitamix Immersion Blender,2,9782.37,19564.74,Credit Card,5,Outstanding quality and fantastic value. I'm so happy with this purchase.
P1947,11947,2024-12-09,Sports,Adidas Copa Sense Soccer Ball,1,5560.13,5560.13,Debit Card,1,Returned this immediately. The product was defective and poorly made.
P1948,11948,2024-02-02,Clothing,H&M Linen Blend Shirt,4,3061.23,12244.92,Debit Card,5,Absolutely love this product! Exceeded all my expectations and the quality is outstanding.
P1949,11949,2024-06-13,Beauty Products,CeraVe Hydrating Facial Cleanser,1,1471.58,1471.58,Google Pay,4,Very good product overall. Works well and meets my expectations. Minor improvements possible.
P1950,11950,2024-12-28,Sports,Nike Air Max 270,1,14838.41,14838.41,Credit Card,1,Very disappointed. The item arrived damaged and customer service was unhelpful.
P1951,11951,2024-01-04,Home Appliances,Nespresso Vertuo Next,2,15958.76,31917.52,Credit Card,5,Outstanding quality and fantastic value. I'm so happy with this purchase.
P1952,11952,2024-09-12,Electronics,Dell XPS 13 Laptop,1,98905.24,98905.24,Credit Card,4,Very satisfied customer. The product is well-designed and performs reliably.
P1953,11953,2024-05-12,Electronics,Bose QuietComfort Earbuds II,3,30053.60,90160.80,Apple Pay,3,Acceptable quality but there's room for improvement. I've seen better and worse.
P1954,11954,2024-11-02,Sports,Yeti Rambler 20 oz Tumbler,2,3503.89,7007.78,Debit Card,0,Zero stars if I could. The product is completely unusable and a total waste of money.
P1955,11955,2024-12-13,Books,A Gentleman in Moscow by Amor Towles,2,1036.25,2072.50,Credit Card,5,Outstanding quality and fantastic value. I'm so happy with this purchase.
P1956,11956,2024-02-13,Clothing,Vuori Ponto Performance Pant,1,8169.11,8169.11,Credit Card,5,Brilliant product! Works perfectly and is incredibly well-made. Worth every penny.
P1957,11957,2024-03-19,Home Appliances,OXO Good Grips Can Opener,1,2538.69,2538.69,PayPal,4,Very satisfied customer. The product is well-designed and performs reliably.
P1958,11958,2024-04-07,Electronics,iPhone 15 Pro Max,5,155788.75,778943.75,Credit Card,5,Best in its category! I've tried competitors and nothing comes close to this.
P1959,11959,2024-11-08,Beauty Products,Ilia Limitless Lash Mascara,4,2734.02,10936.08,Apple Pay,5,Best in its category! I've tried competitors and nothing comes close to this.
P1960,11960,2024-11-11,Books,The Woman in Me by Britney Spears,3,1736.20,5208.60,Credit Card,4,Excellent product that does the job well. Only minor complaints.
P1961,11961,2024-12-27,Books,A Gentleman in Moscow by Amor Towles,2,1029.18,2058.36,PayPal,3,"Adequate for basic use. If you need something simple, this works fine."
P1962,11962,2024-08-09,Clothing,H&M Linen Blend Shirt,1,2904.29,2904.29,Apple Pay,5,Absolutely fantastic! The quality far surpasses what I expected at this price point.
P1963,11963,2024-05-24,Beauty Products,Drunk Elephant T.L.C. Framboos,1,9039.46,9039.46,Credit Card,5,Brilliant product! Works perfectly and is incredibly well-made. Worth every penny.
P1964,11964,2024-09-28,Clothing,The North Face Aconcagua Jacket,4,19599.99,78399.96,PayPal,1,Frustrating experience from start to finish. The product simply doesn't work.
P1965,11965,2024-08-14,Beauty Products,La Roche-Posay Effaclar Duo,1,2464.78,2464.78,Debit Card,5,Life-changing product! I can't imagine going back to anything else now.
P1966,11966,2024-07-22,Electronics,Amazon Echo Dot 5th Gen,3,5117.58,15352.74,Credit Card,4,Works great and looks good too. Very pleased with this purchase overall.
P1967,11967,2024-03-16,Electronics,iPad Pro 12.9,1,128889.74,128889.74,Credit Card,5,Best in its category! I've tried competitors and nothing comes close to this.
P1968,11968,2024-12-13,Clothing,Patagonia Nano Puff Jacket,1,23380.14,23380.14,Credit Card,5,Brilliant product! Works perfectly and is incredibly well-made. Worth every penny.
P1969,11969,2024-05-20,Books,Normal People by Sally Rooney,2,1062.04,2124.08,Debit Card,5,Absolutely love this product! Exceeded all my expectations and the quality is outstanding.
P1970,11970,2024-03-14,Sports,Spalding TF-1000 Basketball,4,6659.15,26636.60,PayPal,0,Absolute garbage. The product was broken on arrival and the company refused a refund.
P1971,11971,2024-07-02,Home Appliances,KitchenAid Food Processor,1,23372.08,23372.08,Debit Card,3,Average quality. Meets basic expectations but doesn't stand out from competitors.
P1972,11972,2024-01-10,Books,A Gentleman in Moscow by Amor Towles,1,1070.97,1070.97,Debit Card,0,Unbelievably bad. The product arrived broken and nobody would help me resolve it.
P1973,11973,2024-01-07,Home Appliances,Simplehuman Soap Dispenser,4,5087.06,20348.24,Apple Pay,5,Life-changing product! I can't imagine going back to anything else now.
P1974,11974,2024-05-27,Sports,TRX All-in-One Suspension Kit,1,15091.40,15091.40,PayPal,5,Life-changing product! I can't imagine going back to anything else now.
P1975,11975,2024-12-06,Sports,Gaiam Premium Yoga Mat,1,2707.19,2707.19,Credit Card,5,Top-notch quality and performance. This has become an essential part of my daily life.
P1976,11976,2024-10-23,Beauty Products,Morphe 35O Nature Glow Palette,3,2568.05,7704.15,Google Pay,5,Incredible value for the price. The build quality is superb and it works flawlessly.
P1977,11977,2024-07-08,Books,Dune by Frank Herbert,2,1267.60,2535.20,Apple Pay,5,Brilliant product! Works perfectly and is incredibly well-made. Worth every penny.
P1978,11978,2024-01-02,Home Appliances,Shark Navigator Lift-Away Vacuum,1,23584.56,23584.56,PayPal,5,Five stars! The best purchase I've made this year. Would highly recommend to everyone.
P1979,11979,2024-05-11,Books,The Silent Patient by Alex Michaelides,2,1002.99,2005.98,PayPal,4,Excellent product that does the job well. Only minor complaints.
P1980,11980,2024-11-10,Clothing,Adidas Samba OG,4,10083.62,40334.48,Debit Card,5,Outstanding quality and fantastic value. I'm so happy with this purchase.
P1981,11981,2024-06-02,Electronics,iPad Air,3,71173.41,213520.23,PayPal,5,Best in its category! I've tried competitors and nothing comes close to this.
P1982,11982,2024-07-13,Books,Circe by Madeline Miller,1,1314.44,1314.44,PayPal,3,"Adequate for basic use. If you need something simple, this works fine."
P1983,11983,2024-12-06,Electronics,iPhone 15,3,78290.07,234870.21,Credit Card,4,High quality and durable. Would buy again without hesitation.
P1984,11984,2024-12-11,Home Appliances,Keurig K-Elite Coffee Maker,1,12621.62,12621.62,Google Pay,4,Good value for money. The product is well-made and serves its purpose perfectly.
P1985,11985,2024-12-24,Home Appliances,T-fal Non-Stick Frying Pan,1,2530.47,2530.47,Debit Card,3,"Adequate for basic use. If you need something simple, this works fine."
P1986,11986,2024-06-01,Electronics,Sony Bravia 55 TV,1,163011.56,163011.56,Google Pay,5,Brilliant product! Works perfectly and is incredibly well-made. Worth every penny.
P1987,11987,2024-05-22,Sports,Hyperice Venom 2 Back Massager,1,19769.48,19769.48,Google Pay,0,Unbelievably bad. The product arrived broken and nobody would help me resolve it.
P1988,11988,2024-12-07,Beauty Products,Paula's Choice 2% BHA Exfoliant,3,3234.27,9702.81,Credit Card,4,Very satisfied customer. The product is well-designed and performs reliably.
P1989,11989,2024-08-18,Beauty Products,Tower 28 SOS Rescue Facial Spray,1,1970.01,1970.01,PayPal,4,Solid quality and reliable performance. I'm satisfied with this purchase and would recommend it.
P1990,11990,2024-07-14,Beauty Products,Summer Fridays Jet Lag Mask,4,2808.21,11232.84,Credit Card,1,I regret buying this. It's of very low quality and not worth even a fraction of the price.
P1991,11991,2024-04-09,Books,Sapiens by Yuval Noah Harari,4,1725.71,6902.84,Credit Card,3,"Adequate for basic use. If you need something simple, this works fine."
P1992,11992,2024-04-09,Electronics,iPhone 14 Pro,1,126319.00,126319.00,Apple Pay,5,Absolutely love this product! Exceeded all my expectations and the quality is outstanding.
P1993,11993,2024-07-03,Clothing,Vuori Performance Joggers,1,9010.93,9010.93,PayPal,5,Exceptional product that delivers exactly what it promises. Couldn't be happier!
P1994,11994,2024-11-22,Electronics,Bose QuietComfort Earbuds II,1,30043.84,30043.84,Google Pay,3,"It does the job adequately. Not great, not terrible, just middle of the road."
P1995,11995,2024-11-28,Clothing,Arc'teryx Beta AR Jacket,4,59501.16,238004.64,Debit Card,5,Outstanding quality and fantastic value. I'm so happy with this purchase.
P1996,11996,2024-01-14,Electronics,Sony A7IV Camera,1,246085.47,246085.47,Apple Pay,5,Brilliant product! Works perfectly and is incredibly well-made. Worth every penny.
P1997,11997,2024-12-24,Clothing,Madewell Roadtripper Jumpsuit,1,9677.88,9677.88,Credit Card,4,Works great and looks good too. Very pleased with this purchase overall.
P1998,11998,2024-04-06,Books,The Housemaid by Freida McFadden,1,1015.65,1015.65,Credit Card,0,Stay away from this product. It's a complete rip-off and doesn't work at all.
P1999,11999,2024-10-03,Home Appliances,Philips Airfryer XXL,4,35639.25,142557.00,Credit Card,0,Worst purchase ever. Nothing about this product works as described. Total scam.
P2000,12000,2024-11-26,Clothing,Carhartt WIP Chase Beanie,5,2735.05,13675.25,Apple Pay,5,Absolutely fantastic! The quality far surpasses what I expected at this price point.
P2001,12001,2024-11-25,Sports,Brooks Adrenaline GTS 22,1,13672.79,13672.79,Credit Card,5,Five stars! The best purchase I've made this year. Would highly recommend to everyone.
P2002,12002,2024-06-03,Books,Lessons in Chemistry by Bonnie Garmus,1,1415.57,1415.57,Google Pay,1,Terrible product. Broke almost immediately and the quality is shockingly bad.
P2003,12003,2024-12-20,Electronics,Nintendo Switch OLED,5,34192.84,170964.20,Debit Card,5,Absolutely fantastic! The quality far surpasses what I expected at this price point.
P2004,12004,2024-03-25,Books,The Seven Husbands of Evelyn Hugo by Taylor Jenkins Reid,1,1164.18,1164.18,PayPal,5,Absolutely fantastic! The quality far surpasses what I expected at this price point.
P2005,12005,2024-11-13,Clothing,Patagonia Better Sweater Fleece,1,14000.98,14000.98,Apple Pay,2,Below average. Several issues that make it hard to recommend to others.
P2006,12006,2024-12-24,Clothing,Lululemon Align Leggings,3,10055.07,30165.21,Apple Pay,4,High quality and durable. Would buy again without hesitation.
P2007,12007,2024-06-21,Books,Happy Place by Emily Henry,1,1108.67,1108.67,Apple Pay,5,Life-changing product! I can't imagine going back to anything else now.
P2008,12008,2024-06-22,Books,The Woman in Me by Britney Spears,2,1681.44,3362.88,Credit Card,0,The worst product I've ever owned. Nothing works and the quality is nonexistent.
P2009,12009,2024-02-27,Electronics,Anker 737 Power Bank,2,10940.16,21880.32,Debit Card,4,High quality and durable. Would buy again without hesitation.
P2010,12010,2024-08-18,Books,"Thinking, Fast and Slow by Daniel Kahneman",1,2027.11,2027.11,Debit Card,5,Absolutely fantastic! The quality far surpasses what I expected at this price point.
P2011,12011,2024-11-10,Electronics,Apple Watch Series 9,3,40781.05,122343.15,Credit Card,3,Works as described but nothing special. Fair value for what you pay.
P2012,12012,2024-10-27,Books,The Thursday Murder Club by Richard Osman,5,1273.02,6365.10,PayPal,0,Stay away from this product. It's a complete rip-off and doesn't work at all.
P2013,12013,2024-06-16,Books,The Great Gatsby by F. Scott Fitzgerald,2,984.47,1968.94,Credit Card,0,Completely defective. The product doesn't function at all and feels like a toy.
P2014,12014,2024-03-03,Home Appliances,Vitamix 5200 Blender,4,45177.23,180708.92,Debit Card,5,Five stars! The best purchase I've made this year. Would highly recommend to everyone.
P2015,12015,2024-12-25,Books,The Invisible Life of Addie LaRue by V.E. Schwab,1,967.65,967.65,Credit Card,5,Five stars! The best purchase I've made this year. Would highly recommend to everyone.
P2016,12016,2024-04-09,Books,Project Hail Mary by Andy Weir,3,1494.49,4483.47,Google Pay,1,Complete waste of money. The product doesn't work as advertised at all.
P2017,12017,2024-11-18,Sports,Hydro Flask Wide Mouth,1,4504.11,4504.11,Credit Card,5,Incredible value for the price. The build quality is superb and it works flawlessly.
P2018,12018,2024-11-02,Books,Project Hail Mary by Andy Weir,4,1482.86,5931.44,Debit Card,5,Absolutely love this product! Exceeded all my expectations and the quality is outstanding.
P2019,12019,2024-03-04,Electronics,iPhone 14 Pro,1,129720.56,129720.56,Apple Pay,2,Doesn't live up to the hype. Overpriced for what you actually get.
P2020,12020,2024-08-09,Home Appliances,Zojirushi Bread Maker,2,30009.78,60019.56,Credit Card,5,Brilliant product! Works perfectly and is incredibly well-made. Worth every penny.
P2021,12021,2024-03-19,Electronics,Sony Bravia 55 TV,2,155264.62,310529.24,Credit Card,3,Works as described but nothing special. Fair value for what you pay.
P2022,12022,2024-03-27,Sports,RumbleRoller Deep Tissue Roller,1,3967.95,3967.95,Google Pay,1,I regret buying this. It's of very low quality and not worth even a fraction of the price.
P2023,12023,2024-11-25,Home Appliances,Weber Spirit II E-310 Gas Grill,1,54036.68,54036.68,PayPal,5,Incredible value for the price. The build quality is superb and it works flawlessly.
P2024,12024,2024-03-17,Clothing,Columbia Newton Ridge Hiking Boots,1,8938.50,8938.50,Credit Card,4,Very satisfied customer. The product is well-designed and performs reliably.
P2025,12025,2024-05-08,Home Appliances,Instant Pot Duo 7-in-1,2,9843.15,19686.30,Credit Card,4,Solid quality and reliable performance. I'm satisfied with this purchase and would recommend it.
P2026,12026,2024-06-07,Clothing,Everlane The Weekender Bag,2,11552.87,23105.74,Credit Card,5,Outstanding quality and fantastic value. I'm so happy with this purchase.
P2027,12027,2024-03-02,Clothing,Lululemon Energy Bra,5,5885.22,29426.10,Debit Card,3,Works as described but nothing special. Fair value for what you pay.
P2028,12028,2024-12-09,Electronics,Dyson V15 Detect Vacuum,2,75582.43,151164.86,Debit Card,2,Disappointing quality for the price. Expected much better based on the description.
P2029,12029,2024-06-11,Clothing,Adidas Ultraboost,1,17608.96,17608.96,Debit Card,2,Subpar performance and build quality. I've had much better products in this category.
P2030,12030,2024-12-13,Sports,Fitbit Charge 5,2,14939.10,29878.20,Credit Card,2,Not worth the money. The product feels cheap and doesn't perform as advertised.
P2031,12031,2024-04-12,Home Appliances,Weber Spirit II E-310 Gas Grill,3,56079.63,168238.89,Credit Card,4,Good value for money. The product is well-made and serves its purpose perfectly.
P2032,12032,2024-07-09,Electronics,iPhone 15 Pro,1,132136.75,132136.75,Credit Card,3,Middle of the pack. Not disappointed but not impressed either.
P2033,12033,2024-05-14,Electronics,HP OfficeJet Pro 8025e,4,14578.78,58315.12,Credit Card,5,Absolutely love this product! Exceeded all my expectations and the quality is outstanding.
P2034,12034,2024-07-25,Sports,On Cloud 5,1,13951.75,13951.75,Credit Card,3,It's fine. Does what it's supposed to do without any standout features.
P2035,12035,2024-04-28,Clothing,Vuori Ponto Performance Pant,3,8633.61,25900.83,Credit Card,5,Outstanding quality and fantastic value. I'm so happy with this purchase.
P2036,12036,2024-07-05,Electronics,Google Pixel 8,3,70509.05,211527.15,PayPal,5,Absolutely fantastic! The quality far surpasses what I expected at this price point.
P2037,12037,2024-08-05,Electronics,HP OfficeJet Pro 8025e,1,14784.53,14784.53,Credit Card,3,"It does the job adequately. Not great, not terrible, just middle of the road."
P2038,12038,2024-12-17,Books,Dune by Frank Herbert,2,1252.87,2505.74,Credit Card,0,Worst purchase ever. Nothing about this product works as described. Total scam.
P2039,12039,2024-04-10,Clothing,Everlane The Weekender Bag,3,11677.84,35033.52,Google Pay,2,Not satisfied with this purchase. The quality is noticeably lacking.
P2040,12040,2024-11-17,Home Appliances,Bodum French Press,2,3075.65,6151.30,Credit Card,5,Absolutely love this product! Exceeded all my expectations and the quality is outstanding.
P2041,12041,2024-05-23,Sports,Yeti Hopper M30 Soft Cooler,1,34656.82,34656.82,Apple Pay,5,Five stars! The best purchase I've made this year. Would highly recommend to everyone.
P2042,12042,2024-11-24,Beauty Products,Chanel Coco Mademoiselle,1,11699.99,11699.99,Credit Card,5,Incredible value for the price. The build quality is superb and it works flawlessly.
P2043,12043,2024-10-20,Sports,Casio G-Shock DW-6900,2,8772.13,17544.26,Apple Pay,3,"Mixed feelings about this. Some features are good, others could use improvement."
P2044,12044,2024-05-28,Books,The Power of Now by Eckhart Tolle,1,954.60,954.60,Google Pay,5,Outstanding quality and fantastic value. I'm so happy with this purchase.
P2045,12045,2024-07-18,Electronics,Google Pixel 8,2,68235.79,136471.58,PayPal,5,Absolutely love this product! Exceeded all my expectations and the quality is outstanding.
P2046,12046,2024-04-14,Sports,Brooks Adrenaline GTS 22,5,13631.24,68156.20,Google Pay,4,Great product with excellent features. Just a few small things keep it from being perfect.
P2047,12047,2024-04-07,Clothing,Patagonia Retro-X Fleece,1,17402.33,17402.33,Credit Card,1,Do not buy this. The quality is abysmal and it doesn't deliver on any promises.
P2048,12048,2024-02-09,Beauty Products,Kosas Revealer Concealer,4,2721.95,10887.80,Credit Card,4,Solid quality and reliable performance. I'm satisfied with this purchase and would recommend it.
P2049,12049,2024-11-26,Sports,Under Armour HOVR Sonic 5,2,11279.00,22558.00,Credit Card,5,Exceptional product that delivers exactly what it promises. Couldn't be happier!
P2050,12050,2024-08-22,Electronics,iPhone 15,4,79849.90,319399.60,Credit Card,2,Subpar performance and build quality. I've had much better products in this category.
P2051,12051,2024-02-17,Clothing,Lululemon Scuba Hoodie,4,11642.59,46570.36,PayPal,3,Decent product for the price. Nothing to write home about but it works.
P2052,12052,2024-11-18,Home Appliances,GE Profile Opal Ice Maker,1,53574.20,53574.20,Credit Card,5,Exceptional product that delivers exactly what it promises. Couldn't be happier!
P2053,12053,2024-03-27,Home Appliances,Zojirushi Neuro Fuzzy Rice Cooker,1,24220.54,24220.54,PayPal,5,Outstanding quality and fantastic value. I'm so happy with this purchase.
P2054,12054,2024-03-10,Beauty Products,First Aid Beauty KP Bump Eraser,1,2781.54,2781.54,Credit Card,5,Five stars! The best purchase I've made this year. Would highly recommend to everyone.
P2055,12055,2024-11-24,Clothing,Nike Tech Fleece Joggers,1,11159.20,11159.20,Credit Card,2,Doesn't live up to the hype. Overpriced for what you actually get.
P2056,12056,2024-03-03,Home Appliances,Zojirushi Bread Maker,1,29016.68,29016.68,Debit Card,5,Brilliant product! Works perfectly and is incredibly well-made. Worth every penny.
P2057,12057,2024-10-14,Electronics,Dyson Airwrap Multi-Styler,1,58669.18,58669.18,Debit Card,5,Five stars! The best purchase I've made this year. Would highly recommend to everyone.
P2058,12058,2024-07-23,Home Appliances,Ember Temperature Control Mug,1,14918.11,14918.11,Google Pay,1,Frustrating experience from start to finish. The product simply doesn't work.
P2059,12059,2024-12-19,Books,The Vanishing Half by Brit Bennett,4,1165.54,4662.16,Credit Card,4,Very satisfied customer. The product is well-designed and performs reliably.
P2060,12060,2024-04-15,Beauty Products,Chanel Coco Mademoiselle,1,11722.11,11722.11,Apple Pay,5,Exceptional product that delivers exactly what it promises. Couldn't be happier!
P2061,12061,2024-09-24,Electronics,MacBook Air M3,1,113490.41,113490.41,Google Pay,4,Solid quality and reliable performance. I'm satisfied with this purchase and would recommend it.
P2062,12062,2024-12-04,Home Appliances,Ninja Foodi 8-in-1 Pressure Cooker,4,19577.31,78309.24,Google Pay,1,Complete waste of money. The product doesn't work as advertised at all.
P2063,12063,2024-09-13,Home Appliances,KitchenAid Pasta Roller,1,14613.73,14613.73,Credit Card,2,Poor experience overall. The product has multiple flaws that affect usability.
P2064,12064,2024-12-17,Sports,Hydro Flask Standard Mouth Bottle,4,3238.97,12955.88,Google Pay,5,Absolutely fantastic! The quality far surpasses what I expected at this price point.
P2065,12065,2024-08-09,Clothing,Dr. Martens 1460 Boots,1,14574.74,14574.74,PayPal,5,Best in its category! I've tried competitors and nothing comes close to this.
P2066,12066,2024-12-07,Home Appliances,Vitamix Immersion Blender,3,9733.98,29201.94,Debit Card,4,Very satisfied customer. The product is well-designed and performs reliably.
P2067,12067,2024-07-14,Sports,Hydro Flask Wide Mouth,1,4560.08,4560.08,Apple Pay,5,Exceptional product that delivers exactly what it promises. Couldn't be happier!
P2068,12068,2024-12-11,Electronics,iPad Pro 12.9,1,126092.86,126092.86,Credit Card,2,Disappointing quality for the price. Expected much better based on the description.
P2069,12069,2024-12-24,Electronics,iPad Pro 12.9,1,127288.42,127288.42,Credit Card,5,Outstanding quality and fantastic value. I'm so happy with this purchase.
P2070,12070,2024-07-26,Electronics,Anker 733 Power Bank,1,10134.21,10134.21,Debit Card,5,Life-changing product! I can't imagine going back to anything else now.
P2071,12071,2024-01-05,Books,Lessons in Chemistry by Bonnie Garmus,1,1404.36,1404.36,Google Pay,3,"It does the job adequately. Not great, not terrible, just middle of the road."
P2072,12072,2024-04-03,Sports,Hydro Flask Wide Mouth,3,4517.03,13551.09,Credit Card,4,Good value for money. The product is well-made and serves its purpose perfectly.
P2073,12073,2024-08-25,Electronics,Canon EOS R50 Camera,1,69221.43,69221.43,Credit Card,4,Very good product overall. Works well and meets my expectations. Minor improvements possible.
P2074,12074,2024-05-16,Electronics,Apple Watch Ultra 2,1,79743.30,79743.30,Credit Card,4,Very good product overall. Works well and meets my expectations. Minor improvements possible.
P2075,12075,2024-10-08,Books,Holly by Stephen King,1,1673.93,1673.93,Debit Card,3,"It does the job adequately. Not great, not terrible, just middle of the road."
P2076,12076,2024-08-13,Books,Holly by Stephen King,2,1663.21,3326.42,PayPal,2,The product has issues that shouldn't exist at this price point. Very underwhelming.
P2077,12077,2024-04-11,Books,The Seven Year Slip by Ashley Poston,2,1081.25,2162.50,PayPal,2,Doesn't live up to the hype. Overpriced for what you actually get.
P2078,12078,2024-11-18,Electronics,Apple Watch Ultra 2,2,77757.26,155514.52,Credit Card,5,Life-changing product! I can't imagine going back to anything else now.
P2079,12079,2024-12-18,Beauty Products,First Aid Beauty KP Bump Eraser,2,2837.96,5675.92,Credit Card,2,The product has issues that shouldn't exist at this price point. Very underwhelming.
P2080,12080,2024-03-03,Electronics,JBL Charge 5 Speaker,1,17413.46,17413.46,Debit Card,2,Regret this purchase. The quality doesn't match the price tag at all.
P2081,12081,2024-11-04,Sports,Coleman Sundome 4-Person Tent,4,9118.65,36474.60,Credit Card,3,"It does the job adequately. Not great, not terrible, just middle of the road."
P2082,12082,2024-12-21,Home Appliances,Honeywell QuietClean Air Purifier,1,18870.11,18870.11,Credit Card,4,Works great and looks good too. Very pleased with this purchase overall.
P2083,12083,2024-10-07,Sports,On Cloudrunning Shoes,2,14899.80,29799.60,Credit Card,5,Five stars! The best purchase I've made this year. Would highly recommend to everyone.
P2084,12084,2024-03-13,Clothing,Re/Done Classic Stretch Jeans,2,18524.11,37048.22,Credit Card,4,Great product with excellent features. Just a few small things keep it from being perfect.
P2085,12085,2024-01-14,Home Appliances,KitchenAid Artisan Stand Mixer,1,43479.74,43479.74,Google Pay,4,Solid quality and reliable performance. I'm satisfied with this purchase and would recommend it.
P2086,12086,2024-05-25,Clothing,Everlane The Cashmere Crew,1,12166.64,12166.64,PayPal,5,Incredible value for the price. The build quality is superb and it works flawlessly.
P2087,12087,2024-03-25,Books,"Tomorrow, and Tomorrow by Gabrielle Zevin",3,1481.87,4445.61,Credit Card,5,Outstanding quality and fantastic value. I'm so happy with this purchase.
P2088,12088,2024-10-12,Books,"Thinking, Fast and Slow by Daniel Kahneman",1,1952.62,1952.62,Credit Card,0,Absolute garbage. The product was broken on arrival and the company refused a refund.
P2089,12089,2024-10-16,Books,Holly by Stephen King,1,1719.62,1719.62,Credit Card,4,Excellent product that does the job well. Only minor complaints.
P2090,12090,2024-08-01,Clothing,Uniqlo Airism T-Shirt,2,1974.28,3948.56,Google Pay,3,Middle of the pack. Not disappointed but not impressed either.
P2091,12091,2024-03-09,Books,A Gentleman in Moscow by Amor Towles,2,1017.18,2034.36,Credit Card,2,Disappointing quality for the price. Expected much better based on the description.
P2092,12092,2024-10-11,Electronics,Apple Watch Series 9,1,42249.65,42249.65,Credit Card,5,Outstanding quality and fantastic value. I'm so happy with this purchase.
P2093,12093,2024-04-25,Books,Fourth Wing by Rebecca Yarros,1,1292.03,1292.03,Credit Card,5,Five stars! The best purchase I've made this year. Would highly recommend to everyone.
P2094,12094,2024-06-08,Home Appliances,Breville Barista Express,3,68180.70,204542.10,Credit Card,4,High quality and durable. Would buy again without hesitation.
P2095,12095,2024-10-26,Home Appliances,Instant Pot Duo 7-in-1,1,10053.81,10053.81,Credit Card,5,Five stars! The best purchase I've made this year. Would highly recommend to everyone.
P2096,12096,2024-09-07,Sports,Spalding TF-1000 Basketball,1,6453.00,6453.00,Debit Card,0,Absolute garbage. The product was broken on arrival and the company refused a refund.
P2097,12097,2024-12-28,Electronics,iPad Mini,2,51265.89,102531.78,Credit Card,2,Mediocre at best. I would not buy this again or recommend it to anyone.
P2098,12098,2024-11-11,Beauty Products,Fenty Beauty Foundation,1,3689.24,3689.24,PayPal,2,The product has issues that shouldn't exist at this price point. Very underwhelming.
P2099,12099,2024-12-01,Home Appliances,Hamilton Beach 2-Slice Toaster,1,2905.07,2905.07,Credit Card,4,I'm impressed with the quality. Not perfect but definitely worth the investment.
P2100,12100,2024-11-04,Sports,Yeti Rambler 26 oz Bottle,1,4013.27,4013.27,Credit Card,5,Incredible value for the price. The build quality is superb and it works flawlessly.
P2101,12101,2024-05-21,Sports,Peloton Bike+,1,246261.23,246261.23,Credit Card,5,Incredible value for the price. The build quality is superb and it works flawlessly.
P2102,12102,2024-12-20,Clothing,Patagonia Nano Puff Jacket,1,23050.79,23050.79,Debit Card,5,Absolutely love this product! Exceeded all my expectations and the quality is outstanding.
P2103,12103,2024-02-20,Electronics,Kindle Paperwhite,3,15231.53,45694.59,Credit Card,5,Absolutely fantastic! The quality far surpasses what I expected at this price point.
P2104,12104,2024-05-08,Beauty Products,La Roche-Posay Anthelios Sunscreen,1,1971.25,1971.25,Credit Card,4,Works great and looks good too. Very pleased with this purchase overall.
P2105,12105,2024-03-27,Home Appliances,Zojirushi Neuro Fuzzy Rice Cooker,4,25059.21,100236.84,Google Pay,5,Outstanding quality and fantastic value. I'm so happy with this purchase.
P2106,12106,2024-07-11,Books,The Power of Now by Eckhart Tolle,1,917.00,917.00,Credit Card,3,"It does the job adequately. Not great, not terrible, just middle of the road."
P2107,12107,2024-02-18,Beauty Products,Charlotte Tilbury Pillow Talk Lipstick,4,3297.02,13188.08,Debit Card,3,Decent product for the price. Nothing to write home about but it works.
P2108,12108,2024-04-13,Beauty Products,Rare Beauty Soft Pinch Liquid Blush,1,2329.95,2329.95,Credit Card,4,Solid quality and reliable performance. I'm satisfied with this purchase and would recommend it.
P2109,12109,2024-02-05,Beauty Products,NARS Radiant Creamy Concealer,3,3097.74,9293.22,Credit Card,1,Terrible product. Broke almost immediately and the quality is shockingly bad.
P2110,12110,2024-08-07,Books,Babel by R.F. Kuang,1,1524.38,1524.38,Debit Card,2,Disappointing quality for the price. Expected much better based on the description.
P2111,12111,2024-06-22,Beauty Products,Tower 28 SOS Rescue Facial Spray,1,2042.57,2042.57,Credit Card,5,Brilliant product! Works perfectly and is incredibly well-made. Worth every penny.
P2112,12112,2024-11-09,Books,"Thinking, Fast and Slow by Daniel Kahneman",1,2027.90,2027.90,Google Pay,4,Works great and looks good too. Very pleased with this purchase overall.
P2113,12113,2024-09-16,Sports,Nike Yoga Mat,1,6212.79,6212.79,PayPal,3,Middle of the pack. Not disappointed but not impressed either.
P2114,12114,2024-11-10,Electronics,Apple Watch Ultra 2,1,78960.41,78960.41,Google Pay,5,Absolutely fantastic! The quality far surpasses what I expected at this price point.
P2115,12115,2024-12-25,Home Appliances,OXO Good Grips Can Opener,1,2450.77,2450.77,Google Pay,3,Middle of the pack. Not disappointed but not impressed either.
P2116,12116,2024-03-02,Clothing,Patagonia Better Sweater Fleece,1,13795.17,13795.17,Debit Card,5,Top-notch quality and performance. This has become an essential part of my daily life.
P2117,12117,2024-07-23,Electronics,MacBook Pro 14 M3,2,194472.61,388945.22,Debit Card,0,Unbelievably bad. The product arrived broken and nobody would help me resolve it.
P2118,12118,2024-10-26,Clothing,L.L.Bean Wicked Good Slippers,1,5875.63,5875.63,Credit Card,3,It's fine. Does what it's supposed to do without any standout features.
P2119,12119,2024-12-19,Home Appliances,GE Profile Opal Ice Maker,1,55222.32,55222.32,Credit Card,3,Acceptable quality but there's room for improvement. I've seen better and worse.
P2120,12120,2024-11-19,Books,The Heaven & Earth Grocery Store by James McBride,3,1504.02,4512.06,Google Pay,3,"Adequate for basic use. If you need something simple, this works fine."
P2121,12121,2024-11-22,Beauty Products,Tower 28 SOS Rescue Facial Spray,1,1992.65,1992.65,PayPal,4,I'm impressed with the quality. Not perfect but definitely worth the investment.
P2122,12122,2024-09-21,Clothing,Zara High-Waisted Trousers,1,4607.99,4607.99,Credit Card,5,Absolutely fantastic! The quality far surpasses what I expected at this price point.
P2123,12123,2024-12-19,Home Appliances,OXO Good Grips Can Opener,5,2548.35,12741.75,Debit Card,5,Outstanding quality and fantastic value. I'm so happy with this purchase.
P2124,12124,2024-05-05,Beauty Products,Rare Beauty Liquid Blush,1,2298.22,2298.22,Credit Card,4,Very good product overall. Works well and meets my expectations. Minor improvements possible.
P2125,12125,2024-12-16,Home Appliances,Philips Airfryer XXL,1,34099.50,34099.50,PayPal,0,Absolute garbage. The product was broken on arrival and the company refused a refund.
P2126,12126,2024-10-06,Clothing,Patagonia Baggies Shorts,1,5030.25,5030.25,Credit Card,4,Really happy with this. Does exactly what it says and the quality is very good.
P2127,12127,2024-05-22,Books,The Housemaid by Freida McFadden,2,1013.67,2027.34,Google Pay,5,Absolutely fantastic! The quality far surpasses what I expected at this price point.
P2128,12128,2024-11-27,Clothing,Spanx Perfect Black Pant,3,10033.58,30100.74,PayPal,1,Complete waste of money. The product doesn't work as advertised at all.
P2129,12129,2024-12-23,Sports,Casio G-Shock DW-6900,2,8904.42,17808.84,Google Pay,2,Not worth the money. The product feels cheap and doesn't perform as advertised.
P2130,12130,2024-06-25,Books,The Covenant of Water by Abraham Verghese,1,1654.17,1654.17,Credit Card,5,Absolutely fantastic! The quality far surpasses what I expected at this price point.
P2131,12131,2024-06-13,Books,Maybe You Should Talk to Someone by Lori Gottlieb,1,1208.22,1208.22,Credit Card,5,Best in its category! I've tried competitors and nothing comes close to this.
P2132,12132,2024-11-04,Home Appliances,Nespresso Vertuo Next,3,16193.10,48579.30,Debit Card,4,Solid quality and reliable performance. I'm satisfied with this purchase and would recommend it.
P2133,12133,2024-04-07,Clothing,Allbirds Tree Runners,1,9299.90,9299.90,Credit Card,2,Regret this purchase. The quality doesn't match the price tag at all.
P2134,12134,2024-12-09,Electronics,Apple Watch Ultra 2,3,81494.15,244482.45,PayPal,4,Really happy with this. Does exactly what it says and the quality is very good.
P2135,12135,2024-01-22,Sports,Gaiam Premium Yoga Mat,1,2672.35,2672.35,PayPal,5,Absolutely love this product! Exceeded all my expectations and the quality is outstanding.
P2136,12136,2024-02-25,Beauty Products,La Mer Creme de la Mer,1,17930.86,17930.86,Credit Card,2,Subpar performance and build quality. I've had much better products in this category.
P2137,12137,2024-11-27,Electronics,Microsoft Surface Laptop 5,1,118727.35,118727.35,Google Pay,5,Exceptional product that delivers exactly what it promises. Couldn't be happier!
P2138,12138,2024-02-21,Electronics,Kindle Paperwhite Signature,3,18697.46,56092.38,Apple Pay,4,Great product with excellent features. Just a few small things keep it from being perfect.
P2139,12139,2024-12-17,Clothing,Levi's 501 Jeans,4,7178.49,28713.96,PayPal,3,It's an okay product. Does the basics but nothing extraordinary. Decent for the price.
P2140,12140,2024-11-08,Clothing,Aritzia Super Puff Shorty,1,25491.20,25491.20,Apple Pay,4,Good value for money. The product is well-made and serves its purpose perfectly.
P2141,12141,2024-06-02,Beauty Products,Glossier Cloud Paint,4,2016.99,8067.96,PayPal,3,"Adequate for basic use. If you need something simple, this works fine."
P2142,12142,2024-03-01,Sports,Coleman Sundome 4-Person Tent,3,9122.62,27367.86,Apple Pay,3,It's fine. Does what it's supposed to do without any standout features.
P2143,12143,2024-12-02,Home Appliances,LG Smart Front Load Washer,2,87103.08,174206.16,Debit Card,2,Regret this purchase. The quality doesn't match the price tag at all.
P2144,12144,2024-01-17,Sports,Brooks Adrenaline GTS 22,1,14384.77,14384.77,Credit Card,5,Outstanding quality and fantastic value. I'm so happy with this purchase.
P2145,12145,2024-02-05,Books,The Midnight Library by Matt Haig,1,1374.62,1374.62,Credit Card,5,Incredible value for the price. The build quality is superb and it works flawlessly.
P2146,12146,2024-02-18,Electronics,Sony A7IV Camera,1,245475.53,245475.53,PayPal,3,Average quality. Meets basic expectations but doesn't stand out from competitors.
P2147,12147,2024-09-01,Books,The Thursday Murder Club by Richard Osman,1,1309.38,1309.38,Credit Card,2,Subpar performance and build quality. I've had much better products in this category.
P2148,12148,2024-03-16,Sports,Hydro Flask Wide Mouth,2,4448.23,8896.46,Debit Card,5,Best in its category! I've tried competitors and nothing comes close to this.
P2149,12149,2024-02-22,Sports,Hydro Flask Wide Mouth,1,4426.58,4426.58,Credit Card,3,Works as described but nothing special. Fair value for what you pay.
P2150,12150,2024-12-11,Electronics,Sony WH-1000XM4 Headphones,1,34681.36,34681.36,Google Pay,5,Five stars! The best purchase I've made this year. Would highly recommend to everyone.
P2151,12151,2024-07-10,Electronics,Bose SoundLink Revolve,1,19547.64,19547.64,Credit Card,2,Doesn't live up to the hype. Overpriced for what you actually get.
P2152,12152,2024-07-04,Home Appliances,Breville Barista Express,4,70910.40,283641.60,Apple Pay,3,Works as described but nothing special. Fair value for what you pay.
P2153,12153,2024-12-03,Electronics,Google Pixel 8 Pro,3,100733.54,302200.62,Apple Pay,1,I regret buying this. It's of very low quality and not worth even a fraction of the price.
P2154,12154,2024-08-06,Electronics,Samsung 55 The Frame TV,2,147751.32,295502.64,PayPal,5,Absolutely fantastic! The quality far surpasses what I expected at this price point.
P2155,12155,2024-05-27,Sports,Spalding NBA Street Basketball,3,2517.90,7553.70,Apple Pay,5,Incredible value for the price. The build quality is superb and it works flawlessly.
P2156,12156,2024-12-08,Sports,Hoka Clifton 9,1,14155.27,14155.27,Google Pay,5,Top-notch quality and performance. This has become an essential part of my daily life.
P2157,12157,2024-06-11,Clothing,Lululemon Scuba Hoodie,2,11764.35,23528.70,Credit Card,4,Very satisfied customer. The product is well-designed and performs reliably.
P2158,12158,2024-08-21,Beauty Products,Rare Beauty Soft Pinch Liquid Blush,1,2348.68,2348.68,Debit Card,4,Very good product overall. Works well and meets my expectations. Minor improvements possible.
P2159,12159,2024-06-16,Clothing,Arc'teryx Beta AR Jacket,4,59965.69,239862.76,PayPal,2,Disappointing quality for the price. Expected much better based on the description.
P2160,12160,2024-06-01,Books,The Heaven & Earth Grocery Store by James McBride,1,1452.84,1452.84,PayPal,5,Top-notch quality and performance. This has become an essential part of my daily life.
P2161,12161,2024-05-06,Electronics,Nintendo Switch OLED,5,35274.30,176371.50,Debit Card,5,Top-notch quality and performance. This has become an essential part of my daily life.
P2162,12162,2024-08-15,Electronics,Sony Bravia 55 TV,2,158987.94,317975.88,PayPal,3,Middle of the pack. Not disappointed but not impressed either.
P2163,12163,2024-10-06,Electronics,Kindle Paperwhite Signature,5,18490.34,92451.70,Credit Card,4,High quality and durable. Would buy again without hesitation.
P2164,12164,2024-11-02,Sports,REI Co-op Trailbreak 30 Backpack,2,8120.67,16241.34,Credit Card,5,Life-changing product! I can't imagine going back to anything else now.
P2165,12165,2024-09-10,Sports,Hydro Flask Wide Mouth,3,4612.06,13836.18,PayPal,1,Terrible product. Broke almost immediately and the quality is shockingly bad.
P2166,12166,2024-12-26,Electronics,iPad Mini,5,50474.23,252371.15,Credit Card,3,Middle of the pack. Not disappointed but not impressed either.
P2167,12167,2024-07-24,Clothing,Everlane The Cashmere Crew,1,11751.39,11751.39,PayPal,5,Life-changing product! I can't imagine going back to anything else now.
P2168,12168,2024-05-24,Sports,Manduka PRO Yoga Mat,2,11590.14,23180.28,Debit Card,5,Best in its category! I've tried competitors and nothing comes close to this.
P2169,12169,2024-09-17,Beauty Products,Heritage Store Rosewater Facial Spray,5,1004.92,5024.60,Credit Card,3,It's fine. Does what it's supposed to do without any standout features.
P2170,12170,2024-02-06,Clothing,Arc'teryx Beta AR Jacket,4,59546.54,238186.16,PayPal,4,Excellent product that does the job well. Only minor complaints.
P2171,12171,2024-11-22,Home Appliances,Black+Decker 20V Cordless Drill,1,7038.48,7038.48,Credit Card,4,Solid quality and reliable performance. I'm satisfied with this purchase and would recommend it.
P2172,12172,2024-12-03,Beauty Products,Summer Fridays Lip Butter Balm,1,2394.62,2394.62,PayPal,4,Very satisfied customer. The product is well-designed and performs reliably.
P2173,12173,2024-09-14,Sports,Hyperice Venom 2 Back Massager,1,20312.54,20312.54,PayPal,5,Life-changing product! I can't imagine going back to anything else now.
P2174,12174,2024-03-24,Electronics,Apple Watch Series 9,3,41980.80,125942.40,Google Pay,5,Brilliant product! Works perfectly and is incredibly well-made. Worth every penny.
P2175,12175,2024-10-26,Clothing,Arc'teryx Atom LT Hoody,1,26203.81,26203.81,Credit Card,3,Decent product for the price. Nothing to write home about but it works.
P2176,12176,2024-11-13,Books,Britt-Marie Was Here by Fredrik Backman,2,1029.51,2059.02,Apple Pay,4,Very good product overall. Works well and meets my expectations. Minor improvements possible.
P2177,12177,2024-10-06,Clothing,Aritzia Super Puff Shorty,4,24415.81,97663.24,Debit Card,2,Regret this purchase. The quality doesn't match the price tag at all.
P2178,12178,2024-04-17,Beauty Products,The Ordinary Niacinamide 10%,1,586.25,586.25,PayPal,5,Life-changing product! I can't imagine going back to anything else now.
P2179,12179,2024-05-21,Clothing,Zara Dress,2,7814.11,15628.22,Google Pay,3,"It does the job adequately. Not great, not terrible, just middle of the road."
P2180,12180,2024-11-27,Clothing,The North Face Recon Backpack,3,9718.57,29155.71,Credit Card,1,Extremely dissatisfied. The product stopped working within the first week.
P2181,12181,2024-06-09,Electronics,Sony A7IV Camera,2,256137.46,512274.92,PayPal,4,I'm impressed with the quality. Not perfect but definitely worth the investment.
P2182,12182,2024-10-16,Home Appliances,Lodge Cast Iron Skillet,4,2466.60,9866.40,PayPal,0,Zero stars if I could. The product is completely unusable and a total waste of money.
P2183,12183,2024-06-19,Clothing,The North Face Recon Backpack,3,9735.03,29205.09,Google Pay,4,I'm impressed with the quality. Not perfect but definitely worth the investment.
P2184,12184,2024-02-28,Sports,Hyperice Venom 2 Back Massager,1,20151.47,20151.47,Debit Card,5,Best in its category! I've tried competitors and nothing comes close to this.
P2185,12185,2024-08-13,Sports,Patagonia Black Hole Duffel 40L,1,13991.64,13991.64,Apple Pay,2,Regret this purchase. The quality doesn't match the price tag at all.
P2186,12186,2024-11-08,Electronics,iPhone 15,1,80514.24,80514.24,Debit Card,1,Frustrating experience from start to finish. The product simply doesn't work.
P2187,12187,2024-11-03,Electronics,Dyson V15 Detect Vacuum,4,75344.91,301379.64,PayPal,5,Absolutely fantastic! The quality far surpasses what I expected at this price point.
P2188,12188,2024-11-11,Clothing,Arc'teryx Beta AR Jacket,1,58238.46,58238.46,Debit Card,5,Exceptional product that delivers exactly what it promises. Couldn't be happier!
P2189,12189,2024-02-10,Beauty Products,Saie Glowy Super Skin Gel,1,3252.70,3252.70,Credit Card,5,Brilliant product! Works perfectly and is incredibly well-made. Worth every penny.
P2190,12190,2024-06-07,Beauty Products,Laneige Lip Sleeping Mask,1,2235.45,2235.45,Google Pay,5,Incredible value for the price. The build quality is superb and it works flawlessly.
P2191,12191,2024-07-11,Electronics,Sony WH-1000XM5 Headphones,1,40189.13,40189.13,PayPal,3,Average quality. Meets basic expectations but doesn't stand out from competitors.
P2192,12192,2024-05-25,Electronics,Nintendo Switch OLED,1,34593.98,34593.98,Apple Pay,4,Excellent product that does the job well. Only minor complaints.
P2193,12193,2024-12-04,Sports,Garmin Venu 3,1,43715.02,43715.02,PayPal,3,It's an okay product. Does the basics but nothing extraordinary. Decent for the price.
P2194,12194,2024-05-05,Clothing,Arc'teryx Beta AR Jacket,3,59996.26,179988.78,Debit Card,4,Great product with excellent features. Just a few small things keep it from being perfect.
P2195,12195,2024-12-18,Beauty Products,Rare Beauty Soft Pinch Liquid Blush,1,2352.59,2352.59,Credit Card,4,High quality and durable. Would buy again without hesitation.
P2196,12196,2024-08-09,Books,Atomic Habits by James Clear,3,1164.17,3492.51,Debit Card,4,Good value for money. The product is well-made and serves its purpose perfectly.
P2197,12197,2024-08-11,Beauty Products,Dior Lip Glow Oil,5,3857.45,19287.25,Debit Card,2,Not satisfied with this purchase. The quality is noticeably lacking.
P2198,12198,2024-05-17,Home Appliances,Ninja Foodi 10-in-1 XL,1,25070.89,25070.89,Debit Card,0,A total failure. I had to throw it away after one use. Absolutely unacceptable.
P2199,12199,2024-12-01,Home Appliances,KitchenAid Pasta Roller,4,14458.59,57834.36,Credit Card,5,Exceptional product that delivers exactly what it promises. Couldn't be happier!
P2200,12200,2024-06-08,Clothing,Lululemon Energy Bra,1,5708.27,5708.27,Debit Card,2,Subpar performance and build quality. I've had much better products in this category.
P2201,12201,2024-02-01,Books,Circe by Madeline Miller,1,1253.92,1253.92,Credit Card,3,Acceptable quality but there's room for improvement. I've seen better and worse.
P2202,12202,2024-09-06,Electronics,Apple AirTag 4 Pack,1,9771.91,9771.91,Google Pay,4,Works great and looks good too. Very pleased with this purchase overall.
P2203,12203,2024-06-20,Sports,Spalding NBA Street Basketball,1,2559.19,2559.19,Credit Card,4,High quality and durable. Would buy again without hesitation.
P2204,12204,2024-10-10,Beauty Products,Olaplex No.4 Bond Maintenance Shampoo,1,2901.44,2901.44,Debit Card,2,Not worth the money. The product feels cheap and doesn't perform as advertised.
P2205,12205,2024-12-10,Clothing,Adidas Samba OG,4,9732.01,38928.04,Credit Card,2,Not worth the money. The product feels cheap and doesn't perform as advertised.
P2206,12206,2024-10-26,Electronics,Amazon Fire TV Stick 4K,2,4897.31,9794.62,Debit Card,5,Life-changing product! I can't imagine going back to anything else now.
P2207,12207,2024-03-27,Electronics,iPhone 15,2,80494.78,160989.56,Credit Card,5,Absolutely love this product! Exceeded all my expectations and the quality is outstanding.
P2208,12208,2024-12-17,Clothing,H&M Linen Blend Shirt,1,2988.12,2988.12,Credit Card,3,It's fine. Does what it's supposed to do without any standout features.
P2209,12209,2024-06-18,Home Appliances,GE Profile Opal Ice Maker,3,54583.86,163751.58,Debit Card,3,Works as described but nothing special. Fair value for what you pay.
P2210,12210,2024-11-12,Sports,Nike Air Max 270,1,14774.45,14774.45,Debit Card,4,Good value for money. The product is well-made and serves its purpose perfectly.
P2211,12211,2024-08-13,Home Appliances,Philips Airfryer XXL,3,35825.84,107477.52,Debit Card,5,Five stars! The best purchase I've made this year. Would highly recommend to everyone.
P2212,12212,2024-08-25,Beauty Products,Saie Glowy Super Skin Gel,1,3220.18,3220.18,Credit Card,3,Acceptable quality but there's room for improvement. I've seen better and worse.
P2213,12213,2024-01-28,Home Appliances,Bodum French Press,2,3072.59,6145.18,Apple Pay,5,Best in its category! I've tried competitors and nothing comes close to this.
P2214,12214,2024-10-07,Beauty Products,IT Cosmetics CC+ Cream,3,4450.14,13350.42,Credit Card,3,Works as described but nothing special. Fair value for what you pay.
P2215,12215,2024-12-01,Books,The Song of Achilles by Madeline Miller,1,1165.38,1165.38,Credit Card,1,Awful quality. Fell apart after minimal use. Would never recommend this to anyone.
P2216,12216,2024-11-06,Electronics,Apple AirTag 4 Pack,2,10077.85,20155.70,Credit Card,5,Exceptional product that delivers exactly what it promises. Couldn't be happier!
P2217,12217,2024-04-18,Home Appliances,Breville Smart Oven Air,1,39101.75,39101.75,Debit Card,3,"Mixed feelings about this. Some features are good, others could use improvement."
P2218,12218,2024-11-28,Sports,Hoka Clifton 9,1,14538.64,14538.64,Credit Card,5,Five stars! The best purchase I've made this year. Would highly recommend to everyone.
P2219,12219,2024-08-21,Beauty Products,Summer Fridays Jet Lag Mask,2,2854.03,5708.06,Credit Card,5,Incredible value for the price. The build quality is superb and it works flawlessly.
P2220,12220,2024-05-01,Books,The Invisible Life of Addie LaRue by V.E. Schwab,1,975.38,975.38,Apple Pay,4,Solid quality and reliable performance. I'm satisfied with this purchase and would recommend it.
P2221,12221,2024-03-15,Beauty Products,SK-II Facial Treatment Essence,1,11940.68,11940.68,Apple Pay,5,Absolutely love this product! Exceeded all my expectations and the quality is outstanding.
P2222,12222,2024-05-22,Beauty Products,Ilia Limitless Lash Mascara,3,2858.75,8576.25,Debit Card,5,Top-notch quality and performance. This has become an essential part of my daily life.
P2223,12223,2024-03-18,Sports,Fitbit Charge 5,1,14674.53,14674.53,Debit Card,5,Top-notch quality and performance. This has become an essential part of my daily life.
P2224,12224,2024-06-26,Electronics,Bose SoundLink Revolve,1,19509.88,19509.88,Credit Card,5,Absolutely fantastic! The quality far surpasses what I expected at this price point.
P2225,12225,2024-08-26,Beauty Products,ILIA Super Serum Skin Tint,1,4791.70,4791.70,Credit Card,4,Really happy with this. Does exactly what it says and the quality is very good.
P2226,12226,2024-10-24,Books,The Woman in Me by Britney Spears,2,1675.54,3351.08,Credit Card,3,Acceptable quality but there's room for improvement. I've seen better and worse.
P2227,12227,2024-12-26,Electronics,Apple Watch Ultra 2,1,78836.36,78836.36,Credit Card,5,Incredible value for the price. The build quality is superb and it works flawlessly.
P2228,12228,2024-10-27,Books,Educated by Tara Westover,1,1285.66,1285.66,PayPal,0,Unbelievably bad. The product arrived broken and nobody would help me resolve it.
P2229,12229,2024-12-28,Electronics,Logitech MX Keys Keyboard,1,11649.54,11649.54,Credit Card,5,Life-changing product! I can't imagine going back to anything else now.
P2230,12230,2024-11-22,Electronics,Dell XPS 13 Laptop,1,98094.84,98094.84,Credit Card,3,Middle of the pack. Not disappointed but not impressed either.
P2231,12231,2024-03-20,Clothing,Levi's 501 Jeans,4,7022.10,28088.40,Apple Pay,5,Life-changing product! I can't imagine going back to anything else now.
P2232,12232,2024-08-20,Electronics,Dyson V11 Vacuum,1,48547.96,48547.96,PayPal,3,Average quality. Meets basic expectations but doesn't stand out from competitors.
P2233,12233,2024-04-04,Beauty Products,First Aid Beauty KP Bump Eraser,1,2832.30,2832.30,PayPal,5,Life-changing product! I can't imagine going back to anything else now.
P2234,12234,2024-11-22,Electronics,Oculus Quest 3,1,49548.45,49548.45,Debit Card,5,Brilliant product! Works perfectly and is incredibly well-made. Worth every penny.
P2235,12235,2024-01-20,Electronics,iPad Air,1,70835.26,70835.26,Google Pay,3,"Mixed feelings about this. Some features are good, others could use improvement."
P2236,12236,2024-03-20,Clothing,Patagonia Nano Puff Jacket,1,22998.77,22998.77,PayPal,4,Really happy with this. Does exactly what it says and the quality is very good.
P2237,12237,2024-08-22,Home Appliances,Lodge Cast Iron Skillet,1,2546.30,2546.30,Credit Card,2,Below average. Several issues that make it hard to recommend to others.
P2238,12238,2024-03-26,Clothing,Aritzia Tna Butter Hoodie,1,6340.14,6340.14,Credit Card,2,Doesn't live up to the hype. Overpriced for what you actually get.
P2239,12239,2024-09-05,Books,The Power of Now by Eckhart Tolle,3,944.31,2832.93,Debit Card,0,Zero stars if I could. The product is completely unusable and a total waste of money.
P2240,12240,2024-09-13,Home Appliances,Ninja Foodi 10-in-1 XL,1,25382.92,25382.92,Credit Card,3,Decent product for the price. Nothing to write home about but it works.
P2241,12241,2024-12-12,Books,The Thursday Murder Club by Richard Osman,3,1256.41,3769.23,Credit Card,2,Poor experience overall. The product has multiple flaws that affect usability.
P2242,12242,2024-10-19,Books,Maybe You Should Talk to Someone by Lori Gottlieb,1,1254.48,1254.48,Apple Pay,2,Below average. Several issues that make it hard to recommend to others.
P2243,12243,2024-04-15,Home Appliances,Shark Navigator Lift-Away Vacuum,1,22475.10,22475.10,Debit Card,4,Excellent product that does the job well. Only minor complaints.
P2244,12244,2024-06-10,Home Appliances,KitchenAid Artisan Stand Mixer,1,41682.61,41682.61,Debit Card,1,Very disappointed. The item arrived damaged and customer service was unhelpful.
P2245,12245,2024-01-16,Electronics,Bose SoundLink Revolve,1,19735.02,19735.02,PayPal,4,Excellent product that does the job well. Only minor complaints.
P2246,12246,2024-08-02,Home Appliances,Ember Temperature Control Mug,2,14508.00,29016.00,Debit Card,4,Very satisfied customer. The product is well-designed and performs reliably.
P2247,12247,2024-01-08,Home Appliances,KitchenAid Artisan Stand Mixer,1,42337.32,42337.32,Debit Card,5,Exceptional product that delivers exactly what it promises. Couldn't be happier!
P2248,12248,2024-12-06,Electronics,iPhone 15,1,80908.33,80908.33,Credit Card,5,Absolutely love this product! Exceeded all my expectations and the quality is outstanding.
P2249,12249,2024-02-20,Books,The Housemaid by Freida McFadden,4,984.39,3937.56,Apple Pay,4,High quality and durable. Would buy again without hesitation.
P2250,12250,2024-06-26,Books,The Great Gatsby by F. Scott Fitzgerald,2,982.33,1964.66,Credit Card,3,Decent product for the price. Nothing to write home about but it works.
P2251,12251,2024-06-14,Home Appliances,Simplehuman Dish Rack,4,8767.18,35068.72,Debit Card,5,Exceptional product that delivers exactly what it promises. Couldn't be happier!
P2252,12252,2024-07-01,Electronics,HP OfficeJet Pro 8025e,1,14506.10,14506.10,Debit Card,2,The product has issues that shouldn't exist at this price point. Very underwhelming.
P2253,12253,2024-02-07,Electronics,Microsoft Surface Laptop 5,3,123631.10,370893.30,PayPal,4,Solid quality and reliable performance. I'm satisfied with this purchase and would recommend it.
P2254,12254,2024-07-09,Electronics,Logitech MX Master 3S Mouse,1,9854.74,9854.74,Credit Card,4,Excellent product that does the job well. Only minor complaints.
P2255,12255,2024-02-24,Books,A Court of Thorns and Roses by Sarah J. Maas,1,1164.88,1164.88,Credit Card,2,Below average. Several issues that make it hard to recommend to others.
P2256,12256,2024-12-23,Electronics,JBL Charge 5 Speaker,1,17572.95,17572.95,Credit Card,4,Solid quality and reliable performance. I'm satisfied with this purchase and would recommend it.
P2257,12257,2024-04-15,Clothing,Lululemon Scuba Hoodie,1,12131.89,12131.89,Credit Card,5,Absolutely fantastic! The quality far surpasses what I expected at this price point.
P2258,12258,2024-12-16,Books,Sapiens by Yuval Noah Harari,1,1679.92,1679.92,Debit Card,3,It's an okay product. Does the basics but nothing extraordinary. Decent for the price.
P2259,12259,2024-01-14,Home Appliances,Bodum French Press,1,3054.48,3054.48,Debit Card,4,Works great and looks good too. Very pleased with this purchase overall.
P2260,12260,2024-09-16,Electronics,iPad Pro 12.9,1,130377.44,130377.44,Debit Card,5,Outstanding quality and fantastic value. I'm so happy with this purchase.
P2261,12261,2024-09-06,Beauty Products,Augustinus Bader The Rich Cream,4,29068.34,116273.36,PayPal,4,Great product with excellent features. Just a few small things keep it from being perfect.
P2262,12262,2024-02-19,Electronics,Beats Studio Pro,1,35592.47,35592.47,Apple Pay,5,Absolutely love this product! Exceeded all my expectations and the quality is outstanding.
P2263,12263,2024-12-13,Beauty Products,Glow Recipe Watermelon Glow,1,3351.48,3351.48,Debit Card,3,It's an okay product. Does the basics but nothing extraordinary. Decent for the price.
P2264,12264,2024-11-26,Home Appliances,iRobot Roomba j7+,1,60218.12,60218.12,Apple Pay,5,Exceptional product that delivers exactly what it promises. Couldn't be happier!
P2265,12265,2024-01-24,Clothing,Birkenstock Arizona Sandals,2,9926.06,19852.12,Google Pay,5,Life-changing product! I can't imagine going back to anything else now.
P2266,12266,2024-11-28,Clothing,Carhartt WIP Chase Beanie,2,2768.93,5537.86,Debit Card,5,Brilliant product! Works perfectly and is incredibly well-made. Worth every penny.
P2267,12267,2024-01-20,Sports,Barbell Weight Set,1,30060.82,30060.82,Credit Card,2,Doesn't live up to the hype. Overpriced for what you actually get.
P2268,12268,2024-11-17,Sports,Spalding TF-1000 Basketball,2,6547.64,13095.28,Credit Card,4,High quality and durable. Would buy again without hesitation.
P2269,12269,2024-10-27,Beauty Products,Glow Recipe Watermelon Glow,1,3401.50,3401.50,Credit Card,5,Incredible value for the price. The build quality is superb and it works flawlessly.
P2270,12270,2024-12-05,Clothing,Patagonia Baggies Shorts,1,5033.05,5033.05,Apple Pay,4,Good value for money. The product is well-made and serves its purpose perfectly.
P2271,12271,2024-04-27,Home Appliances,LEVOIT Core 300 Air Purifier,3,9862.51,29587.53,Credit Card,3,Middle of the pack. Not disappointed but not impressed either.
P2272,12272,2024-10-20,Clothing,L.L.Bean Wicked Good Slippers,2,6138.06,12276.12,Credit Card,4,Very good product overall. Works well and meets my expectations. Minor improvements possible.
P2273,12273,2024-01-27,Clothing,Ray-Ban Aviator Classic Sunglasses,1,15136.88,15136.88,PayPal,5,Best in its category! I've tried competitors and nothing comes close to this.
P2274,12274,2024-01-15,Sports,Hoka Clifton 9,3,14147.19,42441.57,PayPal,5,Brilliant product! Works perfectly and is incredibly well-made. Worth every penny.
P2275,12275,2024-10-22,Electronics,Microsoft Surface Pro 9,2,116812.77,233625.54,Credit Card,5,Absolutely fantastic! The quality far surpasses what I expected at this price point.
P2276,12276,2024-12-26,Electronics,PlayStation 5 Console,1,50451.93,50451.93,Credit Card,4,Very satisfied customer. The product is well-designed and performs reliably.
P2277,12277,2024-08-25,Beauty Products,Glossier Cloud Paint,4,2037.46,8149.84,Debit Card,0,Absolute garbage. The product was broken on arrival and the company refused a refund.
P2278,12278,2024-11-18,Sports,Theragun Prime Percussive Device,2,30733.46,61466.92,Google Pay,5,Five stars! The best purchase I've made this year. Would highly recommend to everyone.
P2279,12279,2024-12-13,Clothing,Dr. Martens 1460 Boots,1,14576.59,14576.59,Debit Card,4,I'm impressed with the quality. Not perfect but definitely worth the investment.
P2280,12280,2024-08-24,Clothing,Lululemon Wunder Train Leggings,2,9764.93,19529.86,Google Pay,5,Absolutely love this product! Exceeded all my expectations and the quality is outstanding.
P2281,12281,2024-08-02,Electronics,Microsoft Surface Laptop 5,1,118585.46,118585.46,Apple Pay,5,Five stars! The best purchase I've made this year. Would highly recommend to everyone.
P2282,12282,2024-11-06,Home Appliances,Weber Spirit II E-310 Gas Grill,1,53533.41,53533.41,Credit Card,4,Solid quality and reliable performance. I'm satisfied with this purchase and would recommend it.
P2283,12283,2024-12-17,Sports,Bowflex SelectTech 552 Dumbbells,2,43132.77,86265.54,PayPal,4,Works great and looks good too. Very pleased with this purchase overall.
P2284,12284,2024-09-17,Home Appliances,Cuisinart Air Fryer Toaster Oven,1,18170.82,18170.82,Credit Card,1,Returned this immediately. The product was defective and poorly made.
P2285,12285,2024-10-02,Clothing,Allbirds Tree Runners,1,9417.15,9417.15,Debit Card,5,Five stars! The best purchase I've made this year. Would highly recommend to everyone.
P2286,12286,2024-11-14,Electronics,Dyson V15 Detect Vacuum,1,72850.83,72850.83,Google Pay,3,Works as described but nothing special. Fair value for what you pay.
P2287,12287,2024-08-22,Sports,Yeti Hopper M30 Soft Cooler,2,34640.04,69280.08,PayPal,5,Best in its category! I've tried competitors and nothing comes close to this.
P2288,12288,2024-09-28,Beauty Products,La Roche-Posay Anthelios Sunscreen,1,2006.72,2006.72,Credit Card,1,One of the worst purchases I've made. Cheap materials and poor craftsmanship.
P2289,12289,2024-11-13,Beauty Products,Neutrogena Skincare Set,1,9108.86,9108.86,Credit Card,4,Good value for money. The product is well-made and serves its purpose perfectly.
P2290,12290,2024-07-10,Home Appliances,Cuisinart Air Fryer Toaster Oven,1,17375.47,17375.47,Google Pay,5,Incredible value for the price. The build quality is superb and it works flawlessly.
P2291,12291,2024-03-12,Clothing,H&M Hoodie,3,2476.05,7428.15,Google Pay,4,Very good product overall. Works well and meets my expectations. Minor improvements possible.
P2292,12292,2024-08-19,Clothing,The North Face Recon Backpack,1,9840.68,9840.68,Google Pay,5,Absolutely love this product! Exceeded all my expectations and the quality is outstanding.
P2293,12293,2024-12-05,Clothing,Madewell Roadtripper Jumpsuit,1,9594.99,9594.99,Google Pay,4,Very satisfied customer. The product is well-designed and performs reliably.
P2294,12294,2024-01-01,Electronics,Beats Studio Pro,1,34007.65,34007.65,Debit Card,4,Really happy with this. Does exactly what it says and the quality is very good.
P2295,12295,2024-06-25,Home Appliances,Samsung Bespoke Refrigerator,5,296390.27,1481951.35,PayPal,5,Outstanding quality and fantastic value. I'm so happy with this purchase.
P2296,12296,2024-07-14,Electronics,iPhone 15 Pro Max,1,163588.86,163588.86,Credit Card,1,Extremely dissatisfied. The product stopped working within the first week.
P2297,12297,2024-09-04,Beauty Products,La Roche-Posay Cicaplast Baume,1,1723.47,1723.47,Credit Card,1,Extremely dissatisfied. The product stopped working within the first week.
P2298,12298,2024-12-09,Books,The Da Vinci Code by Dan Brown,1,1567.31,1567.31,Credit Card,5,Top-notch quality and performance. This has become an essential part of my daily life.
P2299,12299,2024-10-28,Home Appliances,Shark Steam Mop,2,11738.35,23476.70,Credit Card,4,Solid quality and reliable performance. I'm satisfied with this purchase and would recommend it.
P2300,12300,2024-07-24,Sports,Nike Alphafly 2,4,29227.36,116909.44,Debit Card,2,Not worth the money. The product feels cheap and doesn't perform as advertised.
P2301,12301,2024-10-20,Sports,Under Armour Sportstyle Shorts,2,3499.76,6999.52,Credit Card,4,Very good product overall. Works well and meets my expectations. Minor improvements possible.
P2302,12302,2024-12-15,Sports,Yeti Tundra 45 Cooler,1,36976.01,36976.01,Apple Pay,5,Absolutely fantastic! The quality far surpasses what I expected at this price point.
P2303,12303,2024-11-04,Clothing,Uniqlo Airism T-Shirt,3,2004.63,6013.89,PayPal,3,"It does the job adequately. Not great, not terrible, just middle of the road."
P2304,12304,2024-08-20,Sports,Under Armour Sportstyle Shorts,2,3576.93,7153.86,Credit Card,4,Very satisfied customer. The product is well-designed and performs reliably.
P2305,12305,2024-08-10,Sports,RumbleRoller Foam Roller,1,4933.82,4933.82,Debit Card,5,Life-changing product! I can't imagine going back to anything else now.
P2306,12306,2024-04-11,Electronics,Bose QuietComfort 45 Headphones,1,33124.44,33124.44,Credit Card,3,It's an okay product. Does the basics but nothing extraordinary. Decent for the price.
P2307,12307,2024-11-25,Beauty Products,Fresh Sugar Lip Treatment,5,2353.63,11768.15,PayPal,1,Terrible product. Broke almost immediately and the quality is shockingly bad.
P2308,12308,2024-06-03,Beauty Products,Morphe 35O Nature Glow Palette,1,2618.40,2618.40,Credit Card,5,Life-changing product! I can't imagine going back to anything else now.
P2309,12309,2024-08-25,Sports,Coleman Sundome 4-Person Tent,3,8832.03,26496.09,Debit Card,5,Brilliant product! Works perfectly and is incredibly well-made. Worth every penny.
P2310,12310,2024-02-19,Clothing,Dr. Martens 1460 Boots,1,14988.95,14988.95,PayPal,4,Very good product overall. Works well and meets my expectations. Minor improvements possible.
P2311,12311,2024-01-21,Books,The Da Vinci Code by Dan Brown,3,1570.80,4712.40,Credit Card,5,Absolutely love this product! Exceeded all my expectations and the quality is outstanding.
P2312,12312,2024-05-13,Books,The Heaven & Earth Grocery Store by James McBride,2,1469.79,2939.58,Google Pay,4,Works great and looks good too. Very pleased with this purchase overall.
P2313,12313,2024-08-02,Books,Normal People by Sally Rooney,3,1025.16,3075.48,Credit Card,2,Regret this purchase. The quality doesn't match the price tag at all.
P2314,12314,2024-05-28,Books,Spare by Prince Harry,1,1783.89,1783.89,Google Pay,1,I regret buying this. It's of very low quality and not worth even a fraction of the price.
P2315,12315,2024-07-10,Books,The Silent Patient by Alex Michaelides,5,971.72,4858.60,Google Pay,2,Disappointing quality for the price. Expected much better based on the description.
P2316,12316,2024-07-08,Books,The Seven Year Slip by Ashley Poston,1,1083.75,1083.75,PayPal,2,Not worth the money. The product feels cheap and doesn't perform as advertised.
P2317,12317,2024-11-11,Clothing,L.L.Bean Wicked Good Slippers,1,5952.80,5952.80,Debit Card,4,I'm impressed with the quality. Not perfect but definitely worth the investment.
P2318,12318,2024-04-02,Electronics,Samsung Galaxy S24 Ultra,2,131266.04,262532.08,PayPal,2,Below average. Several issues that make it hard to recommend to others.
P2319,12319,2024-03-10,Home Appliances,T-fal Non-Stick Frying Pan,5,2534.55,12672.75,PayPal,0,The worst product I've ever owned. Nothing works and the quality is nonexistent.
P2320,12320,2024-10-16,Books,Project Hail Mary by Andy Weir,1,1513.58,1513.58,Credit Card,5,Absolutely love this product! Exceeded all my expectations and the quality is outstanding.
P2321,12321,2024-02-06,Clothing,Aritzia Super Puff Shorty,2,24302.27,48604.54,Debit Card,1,Frustrating experience from start to finish. The product simply doesn't work.
P2322,12322,2024-11-09,Sports,Brooks Adrenaline GTS 22,3,14107.03,42321.09,Credit Card,5,Absolutely fantastic! The quality far surpasses what I expected at this price point.
P2323,12323,2024-01-16,Sports,Gaiam Yoga Block,5,1088.77,5443.85,Apple Pay,0,Zero stars if I could. The product is completely unusable and a total waste of money.
P2324,12324,2024-03-03,Home Appliances,Simplehuman Dish Rack,2,9104.24,18208.48,Debit Card,4,Very good product overall. Works well and meets my expectations. Minor improvements possible.
P2325,12325,2024-12-09,Beauty Products,Glossier Boy Brow,1,1813.44,1813.44,Credit Card,2,Doesn't live up to the hype. Overpriced for what you actually get.
P2326,12326,2024-02-24,Electronics,HP OfficeJet Pro 8025e,4,14500.80,58003.20,Google Pay,5,Best in its category! I've tried competitors and nothing comes close to this.
P2327,12327,2024-05-14,Books,The Guest List by Lucy Foley,2,902.26,1804.52,Google Pay,5,Absolutely fantastic! The quality far surpasses what I expected at this price point.
P2328,12328,2024-06-27,Home Appliances,Simplehuman Sensor Mirror Pro,1,24548.50,24548.50,Google Pay,5,Brilliant product! Works perfectly and is incredibly well-made. Worth every penny.
P2329,12329,2024-02-18,Clothing,Lululemon Wunder Train Leggings,1,10022.65,10022.65,Debit Card,2,Regret this purchase. The quality doesn't match the price tag at all.
P2330,12330,2024-01-22,Beauty Products,Rare Beauty Soft Pinch Liquid Blush,1,2311.00,2311.00,Credit Card,3,Decent product for the price. Nothing to write home about but it works.
P2331,12331,2024-11-28,Clothing,Levi's 501 Jeans,3,6812.47,20437.41,PayPal,1,Very disappointed. The item arrived damaged and customer service was unhelpful.
P2332,12332,2024-12-15,Clothing,Stuart Weitzman Lowland Boots,3,80047.48,240142.44,Apple Pay,3,"Adequate for basic use. If you need something simple, this works fine."
P2333,12333,2024-11-03,Beauty Products,Kosas Revealer Concealer,1,2835.79,2835.79,Credit Card,5,Exceptional product that delivers exactly what it promises. Couldn't be happier!
P2334,12334,2024-10-22,Home Appliances,Ember Temperature Control Mug,1,14480.45,14480.45,Google Pay,4,Great product with excellent features. Just a few small things keep it from being perfect.
P2335,12335,2024-11-16,Books,Fourth Wing by Rebecca Yarros,2,1302.00,2604.00,Credit Card,2,Below average. Several issues that make it hard to recommend to others.
P2336,12336,2024-09-13,Clothing,Zara Dress,3,7872.51,23617.53,Credit Card,5,Life-changing product! I can't imagine going back to anything else now.
P2337,12337,2024-12-08,Books,The Song of Achilles by Madeline Miller,2,1190.22,2380.44,PayPal,5,Outstanding quality and fantastic value. I'm so happy with this purchase.
P2338,12338,2024-05-08,Books,1984 by George Orwell,1,1011.26,1011.26,Debit Card,4,Works great and looks good too. Very pleased with this purchase overall.
P2339,12339,2024-07-17,Clothing,Stuart Weitzman Lowland Boots,1,77434.40,77434.40,PayPal,5,Brilliant product! Works perfectly and is incredibly well-made. Worth every penny.
P2340,12340,2024-05-09,Books,Babel by R.F. Kuang,1,1483.52,1483.52,Google Pay,5,Absolutely fantastic! The quality far surpasses what I expected at this price point.
P2341,12341,2024-12-23,Electronics,Amazon Echo Dot 5th Gen,1,5025.79,5025.79,Apple Pay,3,Middle of the pack. Not disappointed but not impressed either.
P2342,12342,2024-02-21,Books,Educated by Tara Westover,1,1327.58,1327.58,PayPal,4,Excellent product that does the job well. Only minor complaints.
P2343,12343,2024-08-09,Sports,Under Armour Sportstyle Shorts,2,3553.64,7107.28,Credit Card,4,Very satisfied customer. The product is well-designed and performs reliably.
P2344,12344,2024-08-25,Home Appliances,Philips Airfryer XXL,4,35453.52,141814.08,Credit Card,5,Top-notch quality and performance. This has become an essential part of my daily life.
P2345,12345,2024-07-23,Home Appliances,KitchenAid Food Processor,3,22356.79,67070.37,Apple Pay,3,"It does the job adequately. Not great, not terrible, just middle of the road."
P2346,12346,2024-06-02,Electronics,Oculus Quest 3,3,51356.57,154069.71,Google Pay,3,Acceptable quality but there's room for improvement. I've seen better and worse.
P2347,12347,2024-10-06,Clothing,Champion Reverse Weave Hoodie,1,6384.46,6384.46,Google Pay,3,"Adequate for basic use. If you need something simple, this works fine."
P2348,12348,2024-07-17,Clothing,Arc'teryx Beta AR Jacket,1,60950.70,60950.70,PayPal,0,Stay away from this product. It's a complete rip-off and doesn't work at all.
P2349,12349,2024-08-13,Home Appliances,Zojirushi Neuro Fuzzy Rice Cooker,4,24999.47,99997.88,PayPal,4,Excellent product that does the job well. Only minor complaints.
P2350,12350,2024-12-23,Sports,REI Co-op Trailbreak 30 Backpack,4,7830.74,31322.96,Debit Card,5,Five stars! The best purchase I've made this year. Would highly recommend to everyone.
P2351,12351,2024-01-08,Home Appliances,LEVOIT Core 300 Air Purifier,4,9612.67,38450.68,Google Pay,4,Works great and looks good too. Very pleased with this purchase overall.
P2352,12352,2024-06-02,Electronics,iPad Pro 12.9,1,130923.97,130923.97,Google Pay,1,Returned this immediately. The product was defective and poorly made.
P2353,12353,2024-10-04,Electronics,Samsung Galaxy S23,1,81423.68,81423.68,Credit Card,5,Five stars! The best purchase I've made this year. Would highly recommend to everyone.
P2354,12354,2024-05-24,Clothing,Arc'teryx Beta AR Jacket,4,59142.97,236571.88,Debit Card,3,Average quality. Meets basic expectations but doesn't stand out from competitors.
P2355,12355,2024-09-25,Electronics,Sony WH-1000XM4 Headphones,3,34431.71,103295.13,Google Pay,3,"Mixed feelings about this. Some features are good, others could use improvement."
P2356,12356,2024-05-14,Books,Klara and the Sun by Kazuo Ishiguro,3,1414.19,4242.57,Credit Card,5,Absolutely love this product! Exceeded all my expectations and the quality is outstanding.
P2357,12357,2024-07-25,Beauty Products,Drunk Elephant Protini Polypeptide Cream,4,6587.73,26350.92,Credit Card,1,I regret buying this. It's of very low quality and not worth even a fraction of the price.
P2358,12358,2024-06-27,Electronics,GoPro HERO12 Black,1,45985.52,45985.52,Credit Card,4,Works great and looks good too. Very pleased with this purchase overall.
P2359,12359,2024-07-03,Electronics,Kindle Paperwhite Signature,1,19067.04,19067.04,Debit Card,5,Five stars! The best purchase I've made this year. Would highly recommend to everyone.
P2360,12360,2024-10-23,Clothing,Uniqlo Airism T-Shirt,5,1930.49,9652.45,Apple Pay,4,Solid quality and reliable performance. I'm satisfied with this purchase and would recommend it.
P2361,12361,2024-06-27,Clothing,Champion Reverse Weave Hoodie,3,6488.08,19464.24,Google Pay,4,I'm impressed with the quality. Not perfect but definitely worth the investment.
P2362,12362,2024-11-25,Home Appliances,OXO Good Grips Can Opener,1,2497.21,2497.21,Credit Card,4,Works great and looks good too. Very pleased with this purchase overall.
P2363,12363,2024-08-19,Sports,Casio G-Shock DW-6900,2,8806.23,17612.46,Credit Card,4,Very good product overall. Works well and meets my expectations. Minor improvements possible.
P2364,12364,2024-08-18,Beauty Products,CeraVe Hydrating Facial Cleanser,2,1491.79,2983.58,Credit Card,5,Absolutely fantastic! The quality far surpasses what I expected at this price point.
P2365,12365,2024-12-22,Sports,Nike Yoga Mat,3,6031.28,18093.84,Credit Card,5,Life-changing product! I can't imagine going back to anything else now.
P2366,12366,2024-07-12,Beauty Products,Saie Glowy Super Skin Gel,3,3203.27,9609.81,PayPal,5,Life-changing product! I can't imagine going back to anything else now.
P2367,12367,2024-04-01,Electronics,Nintendo Switch OLED,1,35698.19,35698.19,Debit Card,4,Excellent product that does the job well. Only minor complaints.
P2368,12368,2024-09-27,Home Appliances,Black+Decker 20V Cordless Drill,1,6907.26,6907.26,Debit Card,4,Very good product overall. Works well and meets my expectations. Minor improvements possible.
P2369,12369,2024-11-19,Books,Happy Place by Emily Henry,4,1170.15,4680.60,Apple Pay,5,Absolutely fantastic! The quality far surpasses what I expected at this price point.
P2370,12370,2024-05-04,Beauty Products,First Aid Beauty KP Bump Eraser,1,2754.98,2754.98,Debit Card,3,Works as described but nothing special. Fair value for what you pay.
P2371,12371,2024-08-13,Home Appliances,Hamilton Beach 2-Slice Toaster,3,2917.63,8752.89,Google Pay,5,Five stars! The best purchase I've made this year. Would highly recommend to everyone.
P2372,12372,2024-09-19,Beauty Products,Drunk Elephant Protini Polypeptide Cream,4,6763.82,27055.28,PayPal,5,Life-changing product! I can't imagine going back to anything else now.
P2373,12373,2024-12-11,Sports,Manduka PRO Yoga Mat,2,11863.79,23727.58,Credit Card,3,Decent product for the price. Nothing to write home about but it works.
P2374,12374,2024-04-05,Electronics,Sony Bravia 55 TV,3,158428.39,475285.17,Credit Card,5,Absolutely love this product! Exceeded all my expectations and the quality is outstanding.
P2375,12375,2024-05-25,Sports,Hyperice Venom 2 Back Massager,1,20311.84,20311.84,PayPal,5,Top-notch quality and performance. This has become an essential part of my daily life.
P2376,12376,2024-08-01,Electronics,MacBook Pro 14 M3,4,194500.07,778000.28,PayPal,5,Top-notch quality and performance. This has become an essential part of my daily life.
P2377,12377,2024-06-02,Beauty Products,First Aid Beauty KP Bump Eraser,1,2844.79,2844.79,Credit Card,2,Mediocre at best. I would not buy this again or recommend it to anyone.
P2378,12378,2024-12-17,Home Appliances,Samsung Bespoke Refrigerator,4,291831.20,1167324.80,Credit Card,5,Five stars! The best purchase I've made this year. Would highly recommend to everyone.
P2379,12379,2024-08-21,Sports,Gaiam Yoga Block,1,1102.35,1102.35,Apple Pay,5,Brilliant product! Works perfectly and is incredibly well-made. Worth every penny.
P2380,12380,2024-12-03,Beauty Products,Fenty Beauty Foundation,4,3599.10,14396.40,Debit Card,5,Five stars! The best purchase I've made this year. Would highly recommend to everyone.
P2381,12381,2024-01-12,Sports,Stance NBA Socks,2,1614.14,3228.28,Credit Card,5,Life-changing product! I can't imagine going back to anything else now.
P2382,12382,2024-06-01,Home Appliances,Lodge Cast Iron Skillet,3,2547.65,7642.95,Debit Card,0,Worst purchase ever. Nothing about this product works as described. Total scam.
P2383,12383,2024-05-14,Electronics,Fujifilm Instax Mini 12,2,7284.90,14569.80,Debit Card,5,Best in its category! I've tried competitors and nothing comes close to this.
P2384,12384,2024-01-19,Home Appliances,KitchenAid Pasta Roller,1,14482.35,14482.35,Debit Card,2,Not satisfied with this purchase. The quality is noticeably lacking.
P2385,12385,2024-05-01,Electronics,iPhone 14 Pro,5,128001.58,640007.90,Debit Card,1,I regret buying this. It's of very low quality and not worth even a fraction of the price.
P2386,12386,2024-11-18,Books,Normal People by Sally Rooney,2,1022.97,2045.94,PayPal,2,The product has issues that shouldn't exist at this price point. Very underwhelming.
P2387,12387,2024-07-19,Sports,Coleman Sundome 4-Person Tent,2,9186.99,18373.98,PayPal,5,Life-changing product! I can't imagine going back to anything else now.
P2388,12388,2024-04-16,Home Appliances,iRobot Roomba j7+,1,60736.33,60736.33,Credit Card,2,The product has issues that shouldn't exist at this price point. Very underwhelming.
P2389,12389,2024-12-16,Clothing,Nike Dunk Low,3,11195.03,33585.09,Debit Card,5,Five stars! The best purchase I've made this year. Would highly recommend to everyone.
P2390,12390,2024-01-11,Electronics,Sony WH-1000XM5 Headphones,1,40557.59,40557.59,Credit Card,4,Great product with excellent features. Just a few small things keep it from being perfect.
P2391,12391,2024-01-10,Clothing,Patagonia Nano Puff Jacket,5,23289.76,116448.80,Debit Card,4,Excellent product that does the job well. Only minor complaints.
P2392,12392,2024-11-27,Clothing,Canada Goose HyBridge Base Hoody,1,40491.60,40491.60,PayPal,4,Works great and looks good too. Very pleased with this purchase overall.
P2393,12393,2024-12-18,Beauty Products,Paula's Choice 2% BHA Exfoliant,1,3176.46,3176.46,Credit Card,4,Really happy with this. Does exactly what it says and the quality is very good.
P2394,12394,2024-12-09,Books,Sapiens by Yuval Noah Harari,4,1690.34,6761.36,Google Pay,5,Brilliant product! Works perfectly and is incredibly well-made. Worth every penny.
P2395,12395,2024-05-08,Books,Britt-Marie Was Here by Fredrik Backman,4,1058.58,4234.32,Credit Card,4,Great product with excellent features. Just a few small things keep it from being perfect.
P2396,12396,2024-08-11,Books,The Four Agreements by Don Miguel Ruiz,1,804.99,804.99,Credit Card,3,Acceptable quality but there's room for improvement. I've seen better and worse.
P2397,12397,2024-06-20,Books,The Four Agreements by Don Miguel Ruiz,1,783.56,783.56,PayPal,5,Life-changing product! I can't imagine going back to anything else now.
P2398,12398,2024-03-27,Electronics,Samsung Galaxy S24 Ultra,2,130218.32,260436.64,Debit Card,1,Extremely dissatisfied. The product stopped working within the first week.
P2399,12399,2024-02-16,Books,Dune by Frank Herbert,2,1302.85,2605.70,Credit Card,5,Outstanding quality and fantastic value. I'm so happy with this purchase.
P2400,12400,2024-02-03,Electronics,Apple AirTag 4 Pack,1,9904.46,9904.46,PayPal,5,Absolutely love this product! Exceeded all my expectations and the quality is outstanding.
P2401,12401,2024-03-26,Clothing,Re/Done Classic Stretch Jeans,2,18439.16,36878.32,PayPal,5,Brilliant product! Works perfectly and is incredibly well-made. Worth every penny.
P2402,12402,2024-03-01,Beauty Products,Drunk Elephant T.L.C. Framboos,2,8920.39,17840.78,Credit Card,5,Exceptional product that delivers exactly what it promises. Couldn't be happier!
P2403,12403,2024-10-03,Home Appliances,Honeywell QuietClean Air Purifier,5,19345.63,96728.15,PayPal,5,Top-notch quality and performance. This has become an essential part of my daily life.
P2404,12404,2024-11-19,Books,Demon Copperhead by Barbara Kingsolver,4,1304.59,5218.36,PayPal,2,Disappointing quality for the price. Expected much better based on the description.
P2405,12405,2024-02-04,Books,The Power of Now by Eckhart Tolle,1,952.38,952.38,PayPal,1,Extremely dissatisfied. The product stopped working within the first week.
P2406,12406,2024-12-21,Clothing,Madewell Roadtripper Jumpsuit,1,10029.67,10029.67,Debit Card,5,Exceptional product that delivers exactly what it promises. Couldn't be happier!
P2407,12407,2024-01-27,Sports,Spalding TF-1000 Basketball,1,6467.78,6467.78,Credit Card,2,Mediocre at best. I would not buy this again or recommend it to anyone.
P2408,12408,2024-09-02,Books,Fourth Wing by Rebecca Yarros,2,1296.96,2593.92,Debit Card,3,"Mixed feelings about this. Some features are good, others could use improvement."
P2409,12409,2024-10-27,Electronics,Amazon Echo Dot 5th Gen,1,5134.48,5134.48,Credit Card,0,Unbelievably bad. The product arrived broken and nobody would help me resolve it.
P2410,12410,2024-04-10,Electronics,Samsung Galaxy S22,1,72896.08,72896.08,Debit Card,5,Top-notch quality and performance. This has become an essential part of my daily life.
P2411,12411,2024-02-02,Clothing,Patagonia Nano Puff Jacket,1,22908.91,22908.91,Credit Card,5,Absolutely fantastic! The quality far surpasses what I expected at this price point.
P2412,12412,2024-05-20,Electronics,Logitech C920x Webcam,5,8132.49,40662.45,Debit Card,1,I regret buying this. It's of very low quality and not worth even a fraction of the price.
P2413,12413,2024-12-18,Books,The Covenant of Water by Abraham Verghese,1,1715.35,1715.35,Debit Card,3,Decent product for the price. Nothing to write home about but it works.
P2414,12414,2024-03-12,Beauty Products,La Mer Creme de la Mer,1,17913.49,17913.49,Apple Pay,4,Very satisfied customer. The product is well-designed and performs reliably.
P2415,12415,2024-01-01,Beauty Products,La Roche-Posay Anthelios Sunscreen,2,2042.88,4085.76,Google Pay,5,Absolutely fantastic! The quality far surpasses what I expected at this price point.
P2416,12416,2024-06-15,Beauty Products,Fresh Sugar Lip Treatment,1,2429.91,2429.91,Credit Card,0,Stay away from this product. It's a complete rip-off and doesn't work at all.
P2417,12417,2024-04-22,Home Appliances,Ninja Foodi 8-in-1 Pressure Cooker,2,20444.96,40889.92,Credit Card,4,Good value for money. The product is well-made and serves its purpose perfectly.
P2418,12418,2024-05-23,Books,"Tomorrow, and Tomorrow by Gabrielle Zevin",3,1408.28,4224.84,PayPal,4,Works great and looks good too. Very pleased with this purchase overall.
P2419,12419,2024-11-28,Home Appliances,Zojirushi Neuro Fuzzy Rice Cooker,1,24165.03,24165.03,PayPal,3,It's an okay product. Does the basics but nothing extraordinary. Decent for the price.
P2420,12420,2024-02-07,Books,The Thursday Murder Club by Richard Osman,1,1261.36,1261.36,PayPal,5,Five stars! The best purchase I've made this year. Would highly recommend to everyone.
P2421,12421,2024-07-09,Home Appliances,Hamilton Beach 2-Slice Toaster,2,3012.92,6025.84,Credit Card,3,Works as described but nothing special. Fair value for what you pay.
P2422,12422,2024-04-08,Books,The Great Gatsby by F. Scott Fitzgerald,1,965.96,965.96,Credit Card,3,It's an okay product. Does the basics but nothing extraordinary. Decent for the price.
P2423,12423,2024-09-21,Beauty Products,Dior Addict Lip Glow,3,3395.02,10185.06,Credit Card,5,Absolutely fantastic! The quality far surpasses what I expected at this price point.
P2424,12424,2024-09-14,Sports,Yoga Mat Pro,1,4844.47,4844.47,Debit Card,5,Incredible value for the price. The build quality is superb and it works flawlessly.
P2425,12425,2024-07-26,Home Appliances,KitchenAid Pasta Roller,2,14458.81,28917.62,Debit Card,0,The worst product I've ever owned. Nothing works and the quality is nonexistent.
P2426,12426,2024-05-19,Sports,Coleman Sundome 4-Person Tent,3,9013.21,27039.63,Debit Card,2,Not worth the money. The product feels cheap and doesn't perform as advertised.
P2427,12427,2024-02-19,Beauty Products,Dior Lip Glow Oil,1,3766.18,3766.18,Credit Card,0,Horrible experience. The item never arrived properly and support was useless.
P2428,12428,2024-07-26,Home Appliances,Lodge Cast Iron Skillet,3,2547.48,7642.44,PayPal,4,I'm impressed with the quality. Not perfect but definitely worth the investment.
P2429,12429,2024-08-03,Clothing,Madewell High-Rise Skinny Jeans,1,8880.44,8880.44,Credit Card,3,Works as described but nothing special. Fair value for what you pay.
P2430,12430,2024-01-15,Electronics,Dyson V11 Vacuum,1,49433.69,49433.69,PayPal,5,Absolutely fantastic! The quality far surpasses what I expected at this price point.
P2431,12431,2024-01-07,Beauty Products,Rare Beauty Liquid Blush,2,2244.42,4488.84,Credit Card,3,Works as described but nothing special. Fair value for what you pay.
P2432,12432,2024-01-17,Home Appliances,Instant Pot Duo 7-in-1,1,10235.67,10235.67,Credit Card,3,"Adequate for basic use. If you need something simple, this works fine."
P2433,12433,2024-02-04,Electronics,Dyson V15 Detect Vacuum,1,73603.19,73603.19,Debit Card,5,Absolutely fantastic! The quality far surpasses what I expected at this price point.
P2434,12434,2024-02-19,Books,The Midnight Library by Matt Haig,2,1337.09,2674.18,Apple Pay,5,Five stars! The best purchase I've made this year. Would highly recommend to everyone.
P2435,12435,2024-06-17,Electronics,Garmin Forerunner 265,2,45574.61,91149.22,Debit Card,1,Returned this immediately. The product was defective and poorly made.
P2436,12436,2024-08-26,Clothing,Patagonia Baggies Shorts,1,5040.85,5040.85,Credit Card,1,Frustrating experience from start to finish. The product simply doesn't work.
P2437,12437,2024-12-16,Home Appliances,Simplehuman Dish Rack,3,8780.44,26341.32,Credit Card,2,Below average. Several issues that make it hard to recommend to others.
P2438,12438,2024-12-05,Home Appliances,Simplehuman Sensor Mirror Pro,2,24865.30,49730.60,Credit Card,5,Absolutely fantastic! The quality far surpasses what I expected at this price point.
P2439,12439,2024-04-10,Sports,Under Armour HOVR Sonic 5,1,11271.31,11271.31,Credit Card,5,Brilliant product! Works perfectly and is incredibly well-made. Worth every penny.
P2440,12440,2024-01-03,Clothing,Reformation Odessa Dress,1,22437.52,22437.52,Credit Card,3,Middle of the pack. Not disappointed but not impressed either.
P2441,12441,2024-11-03,Beauty Products,Dior Addict Lip Glow,5,3585.60,17928.00,Credit Card,4,Really happy with this. Does exactly what it says and the quality is very good.
P2442,12442,2024-10-22,Home Appliances,Ninja Foodi 8-in-1 Pressure Cooker,2,20180.33,40360.66,PayPal,5,Outstanding quality and fantastic value. I'm so happy with this purchase.
P2443,12443,2024-12-09,Home Appliances,OXO Brew Conical Burr Grinder,1,9680.93,9680.93,Apple Pay,4,Great product with excellent features. Just a few small things keep it from being perfect.
P2444,12444,2024-10-04,Clothing,H&M Hoodie,1,2444.28,2444.28,PayPal,4,Works great and looks good too. Very pleased with this purchase overall.
P2445,12445,2024-05-02,Beauty Products,Charlotte Tilbury Pillow Talk Lipstick,1,3328.38,3328.38,Credit Card,5,Life-changing product! I can't imagine going back to anything else now.
P2446,12446,2024-04-27,Beauty Products,Augustinus Bader The Rich Cream,1,28243.61,28243.61,Credit Card,5,Absolutely fantastic! The quality far surpasses what I expected at this price point.
P2447,12447,2024-04-25,Electronics,Kindle Paperwhite,2,15035.67,30071.34,Credit Card,5,Five stars! The best purchase I've made this year. Would highly recommend to everyone.
P2448,12448,2024-07-13,Electronics,Apple Watch Ultra 2,3,78265.83,234797.49,Google Pay,5,Absolutely love this product! Exceeded all my expectations and the quality is outstanding.
P2449,12449,2024-04-27,Sports,Hydro Flask 32 oz Water Bottle,3,4373.32,13119.96,PayPal,4,Great product with excellent features. Just a few small things keep it from being perfect.
P2450,12450,2024-09-26,Clothing,Nike Dunk Low,4,10937.12,43748.48,Credit Card,4,I'm impressed with the quality. Not perfect but definitely worth the investment.
P2451,12451,2024-06-12,Beauty Products,Glow Recipe Avocado Melt Retinol Eye Cream,3,4292.42,12877.26,Apple Pay,0,Absolute garbage. The product was broken on arrival and the company refused a refund.
P2452,12452,2024-06-23,Beauty Products,The Ordinary Niacinamide 10%,4,575.28,2301.12,Google Pay,2,Subpar performance and build quality. I've had much better products in this category.
P2453,12453,2024-06-10,Clothing,Stuart Weitzman Lowland Boots,3,80850.97,242552.91,Credit Card,3,It's fine. Does what it's supposed to do without any standout features.
P2454,12454,2024-12-13,Clothing,Levi's 501 Jeans,2,7033.89,14067.78,Credit Card,3,"Adequate for basic use. If you need something simple, this works fine."
P2455,12455,2024-07-01,Books,The Da Vinci Code by Dan Brown,2,1578.26,3156.52,Apple Pay,5,Brilliant product! Works perfectly and is incredibly well-made. Worth every penny.
P2456,12456,2024-06-14,Home Appliances,Shark Navigator Lift-Away Vacuum,1,23543.94,23543.94,Credit Card,5,Incredible value for the price. The build quality is superb and it works flawlessly.
P2457,12457,2024-10-27,Books,The Hobbit by J.R.R. Tolkien,4,1093.58,4374.32,Debit Card,5,Brilliant product! Works perfectly and is incredibly well-made. Worth every penny.
P2458,12458,2024-02-17,Sports,Manduka PRO Yoga Mat,2,12224.84,24449.68,Google Pay,3,"Adequate for basic use. If you need something simple, this works fine."
P2459,12459,2024-12-20,Electronics,Anker 733 Power Bank,2,10155.60,20311.20,PayPal,3,"It does the job adequately. Not great, not terrible, just middle of the road."
P2460,12460,2024-12-23,Electronics,Xbox Series X,2,50112.26,100224.52,PayPal,5,Outstanding quality and fantastic value. I'm so happy with this purchase.
P2461,12461,2024-09-26,Clothing,Canada Goose Expedition Parka,4,151880.17,607520.68,Credit Card,1,Very disappointed. The item arrived damaged and customer service was unhelpful.
P2462,12462,2024-12-22,Electronics,AirPods Max,1,54029.89,54029.89,Credit Card,5,Outstanding quality and fantastic value. I'm so happy with this purchase.
P2463,12463,2024-12-02,Clothing,Canada Goose HyBridge Base Hoody,1,39989.18,39989.18,Debit Card,2,The product has issues that shouldn't exist at this price point. Very underwhelming.
P2464,12464,2024-08-01,Books,"Tomorrow, and Tomorrow by Gabrielle Zevin",5,1429.74,7148.70,Apple Pay,2,Doesn't live up to the hype. Overpriced for what you actually get.
P2465,12465,2024-12-19,Clothing,Champion Reverse Weave Hoodie,1,6615.47,6615.47,PayPal,4,Good value for money. The product is well-made and serves its purpose perfectly.
P2466,12466,2024-10-21,Books,The Four Agreements by Don Miguel Ruiz,4,783.39,3133.56,Credit Card,4,Very satisfied customer. The product is well-designed and performs reliably.
P2467,12467,2024-07-28,Clothing,Carhartt WIP Chase Beanie,1,2872.44,2872.44,Credit Card,2,Doesn't live up to the hype. Overpriced for what you actually get.
P2468,12468,2024-12-03,Beauty Products,Rare Beauty Liquid Blush,1,2259.82,2259.82,Debit Card,5,Exceptional product that delivers exactly what it promises. Couldn't be happier!
P2469,12469,2024-06-18,Electronics,Samsung Galaxy S24 Ultra,2,133214.73,266429.46,Credit Card,1,One of the worst purchases I've made. Cheap materials and poor craftsmanship.
P2470,12470,2024-08-27,Books,"Thinking, Fast and Slow by Daniel Kahneman",1,1977.95,1977.95,PayPal,5,Top-notch quality and performance. This has become an essential part of my daily life.
P2471,12471,2024-09-13,Books,The Da Vinci Code by Dan Brown,3,1559.64,4678.92,Credit Card,5,Exceptional product that delivers exactly what it promises. Couldn't be happier!
P2472,12472,2024-03-12,Home Appliances,Shark Navigator Lift-Away Vacuum,1,22741.72,22741.72,Credit Card,5,Exceptional product that delivers exactly what it promises. Couldn't be happier!
P2473,12473,2024-10-19,Clothing,Levi's 501 Jeans,1,7156.61,7156.61,PayPal,2,Regret this purchase. The quality doesn't match the price tag at all.
P2474,12474,2024-11-10,Clothing,Patagonia Nano Puff Jacket,2,22289.72,44579.44,Credit Card,4,High quality and durable. Would buy again without hesitation.
P2475,12475,2024-04-22,Electronics,MacBook Pro 14 M3,1,201646.53,201646.53,Debit Card,4,Excellent product that does the job well. Only minor complaints.
P2476,12476,2024-11-06,Home Appliances,Breville Barista Express,4,68136.01,272544.04,Google Pay,4,Excellent product that does the job well. Only minor complaints.
P2477,12477,2024-05-06,Clothing,Adidas Samba OG,1,10271.39,10271.39,Credit Card,3,Works as described but nothing special. Fair value for what you pay.
P2478,12478,2024-07-17,Beauty Products,First Aid Beauty KP Bump Eraser,1,2847.61,2847.61,Apple Pay,5,Best in its category! I've tried competitors and nothing comes close to this.
P2479,12479,2024-03-06,Electronics,Dell XPS 13 Laptop,2,99366.07,198732.14,Debit Card,1,Very disappointed. The item arrived damaged and customer service was unhelpful.
P2480,12480,2024-04-15,Beauty Products,Summer Fridays Lip Butter Balm,1,2401.09,2401.09,PayPal,3,Acceptable quality but there's room for improvement. I've seen better and worse.
P2481,12481,2024-03-15,Electronics,iPhone 15 Pro,1,138226.85,138226.85,Credit Card,1,Extremely dissatisfied. The product stopped working within the first week.
P2482,12482,2024-11-27,Beauty Products,SK-II Facial Treatment Essence,4,11578.16,46312.64,Debit Card,5,Absolutely fantastic! The quality far surpasses what I expected at this price point.
P2483,12483,2024-10-02,Electronics,Samsung Galaxy Tab S9,1,78231.61,78231.61,PayPal,3,Average quality. Meets basic expectations but doesn't stand out from competitors.
P2484,12484,2024-05-11,Beauty Products,Summer Fridays Jet Lag Mask,2,2864.55,5729.10,Debit Card,4,Very satisfied customer. The product is well-designed and performs reliably.
P2485,12485,2024-05-19,Home Appliances,Instant Pot Duo 7-in-1,3,9820.74,29462.22,PayPal,4,Solid quality and reliable performance. I'm satisfied with this purchase and would recommend it.
P2486,12486,2024-08-06,Electronics,iPad Mini,1,48996.16,48996.16,Credit Card,5,Brilliant product! Works perfectly and is incredibly well-made. Worth every penny.
P2487,12487,2024-08-13,Home Appliances,Honeywell QuietClean Air Purifier,4,18363.38,73453.52,PayPal,4,High quality and durable. Would buy again without hesitation.
P2488,12488,2024-11-12,Home Appliances,Ninja Foodi 10-in-1 XL,2,25596.74,51193.48,Debit Card,2,Poor experience overall. The product has multiple flaws that affect usability.
P2489,12489,2024-12-05,Home Appliances,Simplehuman Sensor Mirror Pro,1,25188.68,25188.68,Apple Pay,5,Life-changing product! I can't imagine going back to anything else now.
P2490,12490,2024-03-17,Home Appliances,LEVOIT Core 300 Air Purifier,1,9818.97,9818.97,Apple Pay,3,"Mixed feelings about this. Some features are good, others could use improvement."
P2491,12491,2024-11-08,Home Appliances,KitchenAid Artisan Stand Mixer,1,42711.64,42711.64,Google Pay,5,Absolutely love this product! Exceeded all my expectations and the quality is outstanding.
P2492,12492,2024-07-03,Electronics,Bose QuietComfort 45 Headphones,2,32819.29,65638.58,Google Pay,5,Life-changing product! I can't imagine going back to anything else now.
P2493,12493,2024-08-04,Sports,Hyperice Venom 2 Back Massager,3,20293.74,60881.22,Credit Card,4,Solid quality and reliable performance. I'm satisfied with this purchase and would recommend it.
P2494,12494,2024-01-04,Home Appliances,Philips Airfryer XXL,1,34594.74,34594.74,Google Pay,5,Absolutely fantastic! The quality far surpasses what I expected at this price point.
P2495,12495,2024-10-21,Home Appliances,Bodum French Press,2,3073.18,6146.36,Apple Pay,3,Acceptable quality but there's room for improvement. I've seen better and worse.
P2496,12496,2024-12-25,Clothing,Birkenstock Arizona Sandals,1,9756.41,9756.41,PayPal,4,I'm impressed with the quality. Not perfect but definitely worth the investment.
P2497,12497,2024-07-09,Home Appliances,KitchenAid 5-Speed Blender,1,8219.96,8219.96,Credit Card,0,Zero stars if I could. The product is completely unusable and a total waste of money.
P2498,12498,2024-03-06,Sports,RumbleRoller Deep Tissue Roller,1,3895.71,3895.71,Credit Card,5,Brilliant product! Works perfectly and is incredibly well-made. Worth every penny.
P2499,12499,2024-06-22,Sports,Casio G-Shock DW-6900,1,9160.28,9160.28,PayPal,5,Top-notch quality and performance. This has become an essential part of my daily life.
P2500,12500,2024-06-13,Home Appliances,Bodum French Press,3,3011.16,9033.48,Debit Card,5,Absolutely love this product! Exceeded all my expectations and the quality is outstanding.
P2501,12501,2024-12-08,Sports,Nike Air Max 270,3,14760.33,44280.99,Debit Card,4,Good value for money. The product is well-made and serves its purpose perfectly.
P2502,12502,2024-06-26,Sports,Spalding NBA Street Basketball,1,2538.95,2538.95,Credit Card,4,I'm impressed with the quality. Not perfect but definitely worth the investment.
P2503,12503,2024-04-18,Books,1984 by George Orwell,3,999.10,2997.30,Debit Card,5,Five stars! The best purchase I've made this year. Would highly recommend to everyone.
P2504,12504,2024-04-13,Home Appliances,LEVOIT Core 300 Air Purifier,1,9637.06,9637.06,Credit Card,3,"Mixed feelings about this. Some features are good, others could use improvement."
P2505,12505,2024-09-24,Beauty Products,Morphe 35O Nature Glow Palette,2,2572.30,5144.60,Debit Card,3,It's fine. Does what it's supposed to do without any standout features.
P2506,12506,2024-01-11,Clothing,Everlane The Cashmere Crew,2,12113.69,24227.38,Debit Card,5,Incredible value for the price. The build quality is superb and it works flawlessly.
P2507,12507,2024-12-09,Electronics,Kindle Paperwhite,1,15138.19,15138.19,Debit Card,5,Exceptional product that delivers exactly what it promises. Couldn't be happier!
P2508,12508,2024-01-22,Electronics,Logitech MX Master 3S Mouse,2,9826.33,19652.66,Credit Card,4,High quality and durable. Would buy again without hesitation.
P2509,12509,2024-08-12,Home Appliances,Hamilton Beach 2-Slice Toaster,1,3044.44,3044.44,PayPal,5,Brilliant product! Works perfectly and is incredibly well-made. Worth every penny.
P2510,12510,2024-07-06,Electronics,Google Pixel 8 Pro,1,102099.06,102099.06,Apple Pay,5,Five stars! The best purchase I've made this year. Would highly recommend to everyone.
P2511,12511,2024-03-03,Clothing,Nike Dunk Low,2,11156.10,22312.20,PayPal,1,I regret buying this. It's of very low quality and not worth even a fraction of the price.
P2512,12512,2024-06-18,Sports,Apple Watch Series 9,2,41663.64,83327.28,Credit Card,0,The worst product I've ever owned. Nothing works and the quality is nonexistent.
P2513,12513,2024-04-06,Beauty Products,NARS Radiant Creamy Concealer,1,3186.91,3186.91,Debit Card,2,Not worth the money. The product feels cheap and doesn't perform as advertised.
P2514,12514,2024-03-21,Beauty Products,Fenty Beauty Foundation,2,3488.40,6976.80,Debit Card,3,Middle of the pack. Not disappointed but not impressed either.
P2515,12515,2024-08-16,Sports,Hydro Flask Standard Mouth Bottle,1,3238.13,3238.13,Credit Card,1,I regret buying this. It's of very low quality and not worth even a fraction of the price.
P2516,12516,2024-12-23,Books,Dune by Frank Herbert,1,1297.94,1297.94,PayPal,5,Outstanding quality and fantastic value. I'm so happy with this purchase.
P2517,12517,2024-01-17,Books,The Four Agreements by Don Miguel Ruiz,1,772.21,772.21,Credit Card,5,Life-changing product! I can't imagine going back to anything else now.
P2518,12518,2024-02-27,Electronics,Dell XPS 13 Laptop,3,99817.82,299453.46,PayPal,5,Exceptional product that delivers exactly what it promises. Couldn't be happier!
P2519,12519,2024-09-15,Clothing,Spanx Perfect Black Pant,1,9924.05,9924.05,Credit Card,5,Absolutely fantastic! The quality far surpasses what I expected at this price point.
P2520,12520,2024-07-10,Books,Dune by Frank Herbert,1,1310.32,1310.32,Apple Pay,4,Very satisfied customer. The product is well-designed and performs reliably.
P2521,12521,2024-07-15,Books,Dune by Frank Herbert,4,1258.19,5032.76,Credit Card,4,I'm impressed with the quality. Not perfect but definitely worth the investment.
P2522,12522,2024-07-02,Clothing,Madewell The Transport Tote,3,16329.29,48987.87,PayPal,5,Top-notch quality and performance. This has become an essential part of my daily life.
P2523,12523,2024-10-16,Clothing,Nike Air Max 270,1,15205.06,15205.06,Credit Card,4,Very satisfied customer. The product is well-designed and performs reliably.
P2524,12524,2024-03-15,Beauty Products,Augustinus Bader The Rich Cream,1,29144.24,29144.24,Credit Card,3,Works as described but nothing special. Fair value for what you pay.
P2525,12525,2024-09-13,Clothing,Uniqlo Ultra Light Down Jacket,1,7774.05,7774.05,Debit Card,4,Very good product overall. Works well and meets my expectations. Minor improvements possible.
P2526,12526,2024-03-12,Electronics,HP OfficeJet Pro 8025e,1,14597.03,14597.03,PayPal,3,Acceptable quality but there's room for improvement. I've seen better and worse.
P2527,12527,2024-05-03,Books,The Midnight Library by Matt Haig,2,1373.46,2746.92,Credit Card,2,Not satisfied with this purchase. The quality is noticeably lacking.
P2528,12528,2024-11-20,Beauty Products,The Ordinary Niacinamide 10%,1,582.27,582.27,PayPal,5,Top-notch quality and performance. This has become an essential part of my daily life.
P2529,12529,2024-11-28,Clothing,Columbia Newton Ridge Hiking Boots,2,8886.11,17772.22,Credit Card,2,Regret this purchase. The quality doesn't match the price tag at all.
P2530,12530,2024-09-13,Clothing,H&M Linen Blend Shirt,3,2943.80,8831.40,Credit Card,5,Best in its category! I've tried competitors and nothing comes close to this.
P2531,12531,2024-05-19,Clothing,Carhartt WIP Chase Beanie,4,2760.32,11041.28,Google Pay,3,Middle of the pack. Not disappointed but not impressed either.
P2532,12532,2024-03-08,Electronics,Sony WH-1000XM4 Headphones,2,34901.06,69802.12,PayPal,4,High quality and durable. Would buy again without hesitation.
P2533,12533,2024-10-07,Sports,Brooks Ghost 15 Running Shoes,2,14310.93,28621.86,Credit Card,2,Regret this purchase. The quality doesn't match the price tag at all.
P2534,12534,2024-02-06,Electronics,Sony Bravia 55 TV,5,164674.99,823374.95,Credit Card,4,Very good product overall. Works well and meets my expectations. Minor improvements possible.
P2535,12535,2024-10-04,Sports,Nike Air Max 270,3,14971.05,44913.15,Credit Card,1,Frustrating experience from start to finish. The product simply doesn't work.
P2536,12536,2024-06-10,Beauty Products,Olaplex No.4 Bond Maintenance Shampoo,1,2985.09,2985.09,Credit Card,5,Brilliant product! Works perfectly and is incredibly well-made. Worth every penny.
P2537,12537,2024-01-01,Electronics,Garmin Fenix 7,1,90259.70,90259.70,Credit Card,4,Solid quality and reliable performance. I'm satisfied with this purchase and would recommend it.
P2538,12538,2024-03-20,Clothing,Uniqlo Ultra Light Down Jacket,2,8144.83,16289.66,PayPal,1,Extremely dissatisfied. The product stopped working within the first week.
P2539,12539,2024-02-25,Electronics,Dyson V11 Vacuum,1,50989.14,50989.14,Debit Card,2,Subpar performance and build quality. I've had much better products in this category.
P2540,12540,2024-08-20,Beauty Products,Fenty Beauty Pro Filt'r Foundation,1,3607.74,3607.74,Apple Pay,0,Stay away from this product. It's a complete rip-off and doesn't work at all.
P2541,12541,2024-12-26,Electronics,Sony A7IV Camera,4,251541.60,1006166.40,Debit Card,5,Top-notch quality and performance. This has become an essential part of my daily life.
P2542,12542,2024-09-07,Clothing,Madewell Roadtripper Jumpsuit,2,9739.17,19478.34,Credit Card,5,Outstanding quality and fantastic value. I'm so happy with this purchase.
P2543,12543,2024-12-18,Books,The Seven Year Slip by Ashley Poston,1,1070.69,1070.69,PayPal,5,Incredible value for the price. The build quality is superb and it works flawlessly.
P2544,12544,2024-03-22,Home Appliances,KitchenAid Pasta Roller,1,14675.30,14675.30,Credit Card,4,Great product with excellent features. Just a few small things keep it from being perfect.
P2545,12545,2024-04-07,Electronics,Dyson Airwrap Multi-Styler,1,58936.77,58936.77,Apple Pay,3,Acceptable quality but there's room for improvement. I've seen better and worse.
P2546,12546,2024-08-23,Beauty Products,Supergoop! Unseen Sunscreen,3,3398.19,10194.57,Credit Card,5,Top-notch quality and performance. This has become an essential part of my daily life.
P2547,12547,2024-10-05,Clothing,Aritzia Super Puff Shorty,1,25023.35,25023.35,Credit Card,5,Five stars! The best purchase I've made this year. Would highly recommend to everyone.
P2548,12548,2024-10-16,Beauty Products,SK-II Facial Treatment Essence,4,11579.25,46317.00,Credit Card,5,Absolutely love this product! Exceeded all my expectations and the quality is outstanding.
P2549,12549,2024-05-27,Books,The Silent Patient by Alex Michaelides,1,973.87,973.87,Debit Card,1,Very disappointed. The item arrived damaged and customer service was unhelpful.
P2550,12550,2024-03-18,Clothing,Aritzia Super Puff Shorty,1,24658.48,24658.48,Apple Pay,3,Works as described but nothing special. Fair value for what you pay.
P2551,12551,2024-03-05,Sports,Apple Fitness+,5,997.34,4986.70,Credit Card,5,Absolutely love this product! Exceeded all my expectations and the quality is outstanding.
P2552,12552,2024-03-13,Electronics,Dyson Airwrap Multi-Styler,1,61257.87,61257.87,Credit Card,5,Outstanding quality and fantastic value. I'm so happy with this purchase.
P2553,12553,2024-04-15,Beauty Products,Augustinus Bader The Rich Cream,1,28818.65,28818.65,PayPal,2,Subpar performance and build quality. I've had much better products in this category.
P2554,12554,2024-12-01,Beauty Products,SK-II Facial Treatment Essence,3,11634.60,34903.80,Apple Pay,4,I'm impressed with the quality. Not perfect but definitely worth the investment.
P2555,12555,2024-11-11,Clothing,Zara High-Waisted Trousers,4,4467.91,17871.64,Credit Card,3,"Mixed feelings about this. Some features are good, others could use improvement."
P2556,12556,2024-01-06,Clothing,Lululemon Energy Bra,2,5819.53,11639.06,Credit Card,2,Not worth the money. The product feels cheap and doesn't perform as advertised.
P2557,12557,2024-04-07,Clothing,Carhartt WIP Chase Beanie,2,2875.73,5751.46,PayPal,5,Absolutely fantastic! The quality far surpasses what I expected at this price point.
P2558,12558,2024-05-03,Electronics,Google Pixel 8,1,70813.03,70813.03,PayPal,3,Works as described but nothing special. Fair value for what you pay.
P2559,12559,2024-05-12,Electronics,AirPods Max,1,56147.35,56147.35,PayPal,1,One of the worst purchases I've made. Cheap materials and poor craftsmanship.
P2560,12560,2024-10-18,Beauty Products,Summer Fridays Lip Butter Balm,2,2455.74,4911.48,Apple Pay,3,It's fine. Does what it's supposed to do without any standout features.
P2561,12561,2024-05-09,Beauty Products,Olaplex No.4 Bond Maintenance Shampoo,1,3041.43,3041.43,Credit Card,1,Very disappointed. The item arrived damaged and customer service was unhelpful.
P2562,12562,2024-12-02,Beauty Products,La Mer Moisturizing Cream,1,18947.20,18947.20,Google Pay,1,Returned this immediately. The product was defective and poorly made.
P2563,12563,2024-03-22,Beauty Products,Sol de Janeiro Bum Bum Cream,2,4446.76,8893.52,Debit Card,5,Top-notch quality and performance. This has become an essential part of my daily life.
P2564,12564,2024-09-26,Books,The Hobbit by J.R.R. Tolkien,1,1106.89,1106.89,Credit Card,3,Middle of the pack. Not disappointed but not impressed either.
P2565,12565,2024-11-05,Clothing,Zara Dress,1,8050.98,8050.98,Apple Pay,4,Solid quality and reliable performance. I'm satisfied with this purchase and would recommend it.
P2566,12566,2024-11-04,Home Appliances,KitchenAid Artisan Stand Mixer,1,44133.79,44133.79,Debit Card,4,Excellent product that does the job well. Only minor complaints.
P2567,12567,2024-01-23,Books,The Guest List by Lucy Foley,5,892.82,4464.10,Credit Card,5,Five stars! The best purchase I've made this year. Would highly recommend to everyone.
P2568,12568,2024-07-02,Sports,Nike Yoga Mat,1,6017.69,6017.69,Credit Card,4,I'm impressed with the quality. Not perfect but definitely worth the investment.
P2569,12569,2024-02-20,Clothing,Everlane The Cashmere Crew,2,11670.24,23340.48,Debit Card,3,Average quality. Meets basic expectations but doesn't stand out from competitors.
P2570,12570,2024-08-06,Home Appliances,LEVOIT Core 300 Air Purifier,1,9895.38,9895.38,PayPal,3,"Mixed feelings about this. Some features are good, others could use improvement."
P2571,12571,2024-04-15,Home Appliances,Bodum French Press,1,2965.01,2965.01,Credit Card,5,Five stars! The best purchase I've made this year. Would highly recommend to everyone.
P2572,12572,2024-06-13,Books,Educated by Tara Westover,2,1301.05,2602.10,PayPal,2,Poor experience overall. The product has multiple flaws that affect usability.
P2573,12573,2024-12-24,Electronics,iPhone 15 Pro Max,2,162018.97,324037.94,Credit Card,0,Do not waste your money. This is the worst product I have ever purchased.
P2574,12574,2024-05-27,Electronics,MacBook Pro 14 M3,1,203985.37,203985.37,Apple Pay,4,Very satisfied customer. The product is well-designed and performs reliably.
P2575,12575,2024-12-01,Clothing,Carhartt WIP Chase Beanie,1,2851.15,2851.15,Credit Card,2,Not satisfied with this purchase. The quality is noticeably lacking.
P2576,12576,2024-10-25,Sports,RumbleRoller Foam Roller,2,4861.67,9723.34,Debit Card,5,Best in its category! I've tried competitors and nothing comes close to this.
P2577,12577,2024-08-20,Home Appliances,Bodum French Press,1,3014.16,3014.16,Credit Card,5,Life-changing product! I can't imagine going back to anything else now.
P2578,12578,2024-11-14,Clothing,Lululemon Wunder Train Leggings,1,9771.98,9771.98,Apple Pay,4,Great product with excellent features. Just a few small things keep it from being perfect.
P2579,12579,2024-03-12,Sports,Apple Watch Series 9,1,41694.76,41694.76,PayPal,5,Five stars! The best purchase I've made this year. Would highly recommend to everyone.
P2580,12580,2024-03-20,Home Appliances,KitchenAid Food Processor,1,22719.85,22719.85,PayPal,5,Exceptional product that delivers exactly what it promises. Couldn't be happier!
P2581,12581,2024-02-11,Beauty Products,Olaplex No. 3 Hair Perfector,1,2731.68,2731.68,Debit Card,5,Life-changing product! I can't imagine going back to anything else now.
P2582,12582,2024-06-14,Clothing,H&M Linen Blend Shirt,1,3029.50,3029.50,PayPal,3,Works as described but nothing special. Fair value for what you pay.
P2583,12583,2024-11-24,Clothing,Re/Done Classic Stretch Jeans,2,19003.89,38007.78,Credit Card,4,Solid quality and reliable performance. I'm satisfied with this purchase and would recommend it.
P2584,12584,2024-05-09,Sports,Gaiam Premium Yoga Mat,1,2717.25,2717.25,Debit Card,5,Outstanding quality and fantastic value. I'm so happy with this purchase.
P2585,12585,2024-10-08,Sports,Under Armour Sportstyle Shorts,3,3393.77,10181.31,Credit Card,4,Really happy with this. Does exactly what it says and the quality is very good.
P2586,12586,2024-10-06,Electronics,Beats Studio Pro,3,34028.28,102084.84,PayPal,5,Brilliant product! Works perfectly and is incredibly well-made. Worth every penny.
P2587,12587,2024-11-12,Clothing,Re/Done Classic Stretch Jeans,1,18956.98,18956.98,Debit Card,3,Middle of the pack. Not disappointed but not impressed either.
P2588,12588,2024-03-14,Sports,Hydro Flask Standard Mouth Bottle,1,3289.90,3289.90,PayPal,5,Absolutely love this product! Exceeded all my expectations and the quality is outstanding.
P2589,12589,2024-02-19,Electronics,HP OfficeJet Pro 8025e,1,14687.36,14687.36,Google Pay,5,Exceptional product that delivers exactly what it promises. Couldn't be happier!
P2590,12590,2024-12-25,Home Appliances,KitchenAid Food Processor,3,23138.69,69416.07,Credit Card,2,Not worth the money. The product feels cheap and doesn't perform as advertised.
P2591,12591,2024-09-17,Sports,Peloton Bike+,1,249865.53,249865.53,Credit Card,2,The product has issues that shouldn't exist at this price point. Very underwhelming.
P2592,12592,2024-05-24,Beauty Products,La Mer Creme de la Mer,2,18159.07,36318.14,PayPal,3,Average quality. Meets basic expectations but doesn't stand out from competitors.
P2593,12593,2024-09-24,Home Appliances,KitchenAid Artisan Stand Mixer,1,43307.99,43307.99,Debit Card,4,Works great and looks good too. Very pleased with this purchase overall.
P2594,12594,2024-11-06,Electronics,GoPro HERO12 Black,1,43599.09,43599.09,Debit Card,5,Brilliant product! Works perfectly and is incredibly well-made. Worth every penny.
P2595,12595,2024-09-18,Clothing,Patagonia Retro-X Fleece,3,17484.11,52452.33,Apple Pay,1,I regret buying this. It's of very low quality and not worth even a fraction of the price.
P2596,12596,2024-11-23,Electronics,Dyson V15 Detect Vacuum,1,76529.98,76529.98,Apple Pay,5,Incredible value for the price. The build quality is superb and it works flawlessly.
P2597,12597,2024-09-20,Clothing,Reformation Odessa Dress,2,21835.11,43670.22,PayPal,4,Really happy with this. Does exactly what it says and the quality is very good.
P2598,12598,2024-02-18,Electronics,MacBook Air M3,1,117486.51,117486.51,PayPal,4,Great product with excellent features. Just a few small things keep it from being perfect.
P2599,12599,2024-10-02,Electronics,iPhone 14 Pro,1,127536.15,127536.15,PayPal,4,Really happy with this. Does exactly what it says and the quality is very good.
P2600,12600,2024-08-07,Electronics,Anker 737 Power Bank,1,10986.20,10986.20,Debit Card,2,Regret this purchase. The quality doesn't match the price tag at all.
P2601,12601,2024-04-17,Clothing,Arc'teryx Beta AR Jacket,1,58109.87,58109.87,Debit Card,4,Great product with excellent features. Just a few small things keep it from being perfect.
P2602,12602,2024-12-27,Home Appliances,Simplehuman Soap Dispenser,2,5009.33,10018.66,Credit Card,5,Best in its category! I've tried competitors and nothing comes close to this.
P2603,12603,2024-06-23,Beauty Products,CeraVe Hydrating Facial Cleanser,1,1486.19,1486.19,PayPal,1,Awful quality. Fell apart after minimal use. Would never recommend this to anyone.
P2604,12604,2024-03-18,Clothing,Adidas Ultraboost,4,17991.73,71966.92,PayPal,3,"Mixed feelings about this. Some features are good, others could use improvement."
P2605,12605,2024-04-16,Beauty Products,Charlotte Tilbury Pillow Talk Lipstick,4,3305.24,13220.96,Debit Card,3,Middle of the pack. Not disappointed but not impressed either.
P2606,12606,2024-12-25,Beauty Products,Drunk Elephant Protini Polypeptide Cream,1,6771.62,6771.62,Credit Card,4,Good value for money. The product is well-made and serves its purpose perfectly.
P2607,12607,2024-12-04,Electronics,iPhone 15 Pro Max,5,156041.38,780206.90,Google Pay,2,Poor experience overall. The product has multiple flaws that affect usability.
P2608,12608,2024-12-23,Home Appliances,Ninja Air Fryer XL,1,14936.26,14936.26,Google Pay,3,"Mixed feelings about this. Some features are good, others could use improvement."
P2609,12609,2024-06-06,Beauty Products,Summer Fridays Lip Butter Balm,2,2422.74,4845.48,Debit Card,4,I'm impressed with the quality. Not perfect but definitely worth the investment.
P2610,12610,2024-10-25,Electronics,MacBook Air M3,1,117627.63,117627.63,Apple Pay,4,Very good product overall. Works well and meets my expectations. Minor improvements possible.
P2611,12611,2024-07-21,Books,The Seven Year Slip by Ashley Poston,3,1068.22,3204.66,Google Pay,4,Good value for money. The product is well-made and serves its purpose perfectly.
P2612,12612,2024-04-03,Home Appliances,Ninja Foodi 10-in-1 XL,1,24817.22,24817.22,PayPal,5,Absolutely fantastic! The quality far surpasses what I expected at this price point.
P2613,12613,2024-10-12,Beauty Products,Laneige Lip Sleeping Mask,2,2194.37,4388.74,Credit Card,4,Good value for money. The product is well-made and serves its purpose perfectly.
P2614,12614,2024-06-16,Home Appliances,Lodge Cast Iron Skillet,2,2417.79,4835.58,PayPal,3,Acceptable quality but there's room for improvement. I've seen better and worse.
P2615,12615,2024-06-27,Beauty Products,La Roche-Posay Effaclar Duo,1,2529.40,2529.40,Credit Card,2,Not satisfied with this purchase. The quality is noticeably lacking.
P2616,12616,2024-11-05,Books,Circe by Madeline Miller,1,1275.14,1275.14,Google Pay,4,Great product with excellent features. Just a few small things keep it from being perfect.
P2617,12617,2024-05-08,Clothing,Carhartt Duck Vest,2,8051.49,16102.98,Credit Card,2,Regret this purchase. The quality doesn't match the price tag at all.
P2618,12618,2024-12-19,Electronics,MacBook Air M2,1,100663.65,100663.65,PayPal,2,Doesn't live up to the hype. Overpriced for what you actually get.
P2619,12619,2024-07-10,Electronics,Beats Studio Pro,3,35055.15,105165.45,PayPal,4,Excellent product that does the job well. Only minor complaints.
P2620,12620,2024-01-26,Beauty Products,Heritage Store Rosewater Facial Spray,1,1000.68,1000.68,Credit Card,4,Very satisfied customer. The product is well-designed and performs reliably.
P2621,12621,2024-12-10,Beauty Products,Drunk Elephant T.L.C. Framboos,1,9234.68,9234.68,Credit Card,2,The product has issues that shouldn't exist at this price point. Very underwhelming.
P2622,12622,2024-11-04,Beauty Products,Olaplex No. 3 Hair Perfector,1,2754.67,2754.67,Apple Pay,4,I'm impressed with the quality. Not perfect but definitely worth the investment.
P2623,12623,2024-04-24,Sports,Under Armour HOVR Sonic 5,3,10730.74,32192.22,PayPal,5,Life-changing product! I can't imagine going back to anything else now.
P2624,12624,2024-08-09,Clothing,L.L.Bean Wicked Good Slippers,1,6095.07,6095.07,PayPal,3,Middle of the pack. Not disappointed but not impressed either.
P2625,12625,2024-11-01,Books,Normal People by Sally Rooney,5,1016.18,5080.90,Credit Card,5,Brilliant product! Works perfectly and is incredibly well-made. Worth every penny.
P2626,12626,2024-12-02,Beauty Products,La Roche-Posay Anthelios Sunscreen,1,1996.31,1996.31,Credit Card,5,Absolutely fantastic! The quality far surpasses what I expected at this price point.
P2627,12627,2024-03-18,Clothing,Everlane The Weekender Bag,1,11227.02,11227.02,Credit Card,5,Absolutely fantastic! The quality far surpasses what I expected at this price point.
P2628,12628,2024-09-07,Electronics,Garmin Fenix 7,1,88848.82,88848.82,Google Pay,4,Very satisfied customer. The product is well-designed and performs reliably.
P2629,12629,2024-09-16,Clothing,Birkenstock Arizona Sandals,3,10044.65,30133.95,Debit Card,4,Works great and looks good too. Very pleased with this purchase overall.
P2630,12630,2024-12-08,Electronics,Google Pixel 8 Pro,1,102658.03,102658.03,Debit Card,1,Terrible product. Broke almost immediately and the quality is shockingly bad.
P2631,12631,2024-01-02,Books,Maybe You Should Talk to Someone by Lori Gottlieb,2,1259.33,2518.66,PayPal,5,Life-changing product! I can't imagine going back to anything else now.
P2632,12632,2024-06-07,Electronics,Google Pixel 8,4,71788.62,287154.48,PayPal,5,Absolutely fantastic! The quality far surpasses what I expected at this price point.
P2633,12633,2024-04-19,Home Appliances,Shark Steam Mop,3,12241.83,36725.49,Credit Card,4,Very satisfied customer. The product is well-designed and performs reliably.
P2634,12634,2024-01-25,Sports,Nike Air Max 270,4,15360.79,61443.16,Debit Card,4,Great product with excellent features. Just a few small things keep it from being perfect.
P2635,12635,2024-07-21,Electronics,iPad Mini,1,50292.28,50292.28,Credit Card,4,Solid quality and reliable performance. I'm satisfied with this purchase and would recommend it.
P2636,12636,2024-01-09,Clothing,Re/Done Classic Stretch Jeans,1,19020.51,19020.51,PayPal,4,Very good product overall. Works well and meets my expectations. Minor improvements possible.
P2637,12637,2024-06-09,Books,The Hobbit by J.R.R. Tolkien,5,1093.83,5469.15,PayPal,2,Subpar performance and build quality. I've had much better products in this category.
P2638,12638,2024-03-02,Books,Holly by Stephen King,1,1718.20,1718.20,Debit Card,5,Top-notch quality and performance. This has become an essential part of my daily life.
P2639,12639,2024-09-14,Beauty Products,Fresh Sugar Lip Treatment,1,2452.01,2452.01,PayPal,5,Brilliant product! Works perfectly and is incredibly well-made. Worth every penny.
P2640,12640,2024-02-01,Books,A Gentleman in Moscow by Amor Towles,1,1066.95,1066.95,Credit Card,4,Very good product overall. Works well and meets my expectations. Minor improvements possible.
P2641,12641,2024-04-10,Sports,Nike Air Max 270,4,14813.33,59253.32,Credit Card,3,Decent product for the price. Nothing to write home about but it works.
P2642,12642,2024-06-08,Beauty Products,Tatcha The Water Cream,1,6625.57,6625.57,Credit Card,4,I'm impressed with the quality. Not perfect but definitely worth the investment.
P2643,12643,2024-01-27,Electronics,Fujifilm Instax Mini 12,5,7394.49,36972.45,Debit Card,5,Brilliant product! Works perfectly and is incredibly well-made. Worth every penny.
P2644,12644,2024-10-28,Electronics,AirPods Pro 2nd Gen,1,24525.21,24525.21,PayPal,3,Average quality. Meets basic expectations but doesn't stand out from competitors.
P2645,12645,2024-12-03,Beauty Products,Dr. Jart+ Cicapair Tiger Grass Cream,1,5276.82,5276.82,PayPal,3,It's fine. Does what it's supposed to do without any standout features.
P2646,12646,2024-08-14,Clothing,Carhartt WIP Chase Beanie,1,2807.66,2807.66,Credit Card,4,Excellent product that does the job well. Only minor complaints.
P2647,12647,2024-05-22,Books,Educated by Tara Westover,2,1293.94,2587.88,Credit Card,3,Works as described but nothing special. Fair value for what you pay.
P2648,12648,2024-10-12,Home Appliances,Vitamix Immersion Blender,2,9788.70,19577.40,PayPal,5,Absolutely fantastic! The quality far surpasses what I expected at this price point.
P2649,12649,2024-05-12,Electronics,Xbox Series X,1,48566.89,48566.89,Credit Card,4,Very good product overall. Works well and meets my expectations. Minor improvements possible.
P2650,12650,2024-06-20,Electronics,Logitech MX Keys Keyboard,1,11867.23,11867.23,Credit Card,4,I'm impressed with the quality. Not perfect but definitely worth the investment.
P2651,12651,2024-10-12,Home Appliances,Breville Barista Express,1,71467.91,71467.91,Credit Card,5,Best in its category! I've tried competitors and nothing comes close to this.
P2652,12652,2024-02-19,Books,Sapiens by Yuval Noah Harari,2,1738.67,3477.34,Apple Pay,5,Exceptional product that delivers exactly what it promises. Couldn't be happier!
P2653,12653,2024-11-20,Clothing,Nike Tech Fleece Joggers,1,10812.86,10812.86,Google Pay,4,Really happy with this. Does exactly what it says and the quality is very good.
P2654,12654,2024-03-17,Clothing,Patagonia Retro-X Fleece,1,18301.51,18301.51,Debit Card,3,"Mixed feelings about this. Some features are good, others could use improvement."
P2655,12655,2024-11-17,Home Appliances,Bodum French Press,1,2907.02,2907.02,Apple Pay,4,Great product with excellent features. Just a few small things keep it from being perfect.
P2656,12656,2024-11-18,Electronics,Amazon Echo Show 8,1,14608.63,14608.63,Google Pay,4,Very good product overall. Works well and meets my expectations. Minor improvements possible.
P2657,12657,2024-05-18,Beauty Products,Paula's Choice 2% BHA Exfoliant,1,3225.27,3225.27,Debit Card,5,Best in its category! I've tried competitors and nothing comes close to this.
P2658,12658,2024-10-14,Books,Normal People by Sally Rooney,3,1022.07,3066.21,Debit Card,3,It's fine. Does what it's supposed to do without any standout features.
P2659,12659,2024-11-26,Sports,Manduka PRO Yoga Mat,1,11908.49,11908.49,Debit Card,5,Best in its category! I've tried competitors and nothing comes close to this.
P2660,12660,2024-03-09,Books,Britt-Marie Was Here by Fredrik Backman,1,1054.68,1054.68,Apple Pay,3,Works as described but nothing special. Fair value for what you pay.
P2661,12661,2024-09-13,Electronics,Amazon Echo Dot 5th Gen,5,4907.51,24537.55,PayPal,5,Life-changing product! I can't imagine going back to anything else now.
P2662,12662,2024-09-13,Beauty Products,Rare Beauty Liquid Blush,1,2345.79,2345.79,Credit Card,4,Very satisfied customer. The product is well-designed and performs reliably.
P2663,12663,2024-09-01,Electronics,Samsung Galaxy Tab S9,1,80054.68,80054.68,Google Pay,5,Outstanding quality and fantastic value. I'm so happy with this purchase.
P2664,12664,2024-09-18,Clothing,Lululemon Wunder Train Leggings,3,9908.05,29724.15,Debit Card,5,Five stars! The best purchase I've made this year. Would highly recommend to everyone.
P2665,12665,2024-08-14,Sports,Garmin inReach Mini 2,1,39391.25,39391.25,Credit Card,4,Excellent product that does the job well. Only minor complaints.
P2666,12666,2024-11-10,Beauty Products,Heritage Store Rosewater Facial Spray,2,986.32,1972.64,Google Pay,1,Extremely dissatisfied. The product stopped working within the first week.
P2667,12667,2024-11-16,Books,The Vanishing Half by Brit Bennett,2,1195.07,2390.14,Google Pay,5,Absolutely fantastic! The quality far surpasses what I expected at this price point.
P2668,12668,2024-11-27,Electronics,Bose QuietComfort Earbuds II,1,29131.19,29131.19,Credit Card,4,Excellent product that does the job well. Only minor complaints.
P2669,12669,2024-09-22,Electronics,Kindle Paperwhite Signature,3,18672.34,56017.02,Google Pay,5,Life-changing product! I can't imagine going back to anything else now.
P2670,12670,2024-12-15,Electronics,Fujifilm Instax Mini 12,1,7681.55,7681.55,Credit Card,4,Good value for money. The product is well-made and serves its purpose perfectly.
P2671,12671,2024-12-26,Electronics,Anker 733 Power Bank,3,10075.11,30225.33,Credit Card,4,Great product with excellent features. Just a few small things keep it from being perfect.
P2672,12672,2024-08-13,Sports,Garmin inReach Mini 2,1,39139.25,39139.25,Credit Card,3,"Mixed feelings about this. Some features are good, others could use improvement."
P2673,12673,2024-08-11,Beauty Products,Paula's Choice 2% BHA Exfoliant,3,3116.13,9348.39,Debit Card,4,Very satisfied customer. The product is well-designed and performs reliably.
P2674,12674,2024-12-16,Sports,Under Armour Sportstyle Shorts,1,3583.24,3583.24,Debit Card,4,Very good product overall. Works well and meets my expectations. Minor improvements possible.
P2675,12675,2024-11-20,Home Appliances,Ember Temperature Control Mug,3,14851.09,44553.27,Credit Card,5,Top-notch quality and performance. This has become an essential part of my daily life.
P2676,12676,2024-03-28,Beauty Products,Chanel Coco Mademoiselle,4,11548.74,46194.96,Credit Card,2,Subpar performance and build quality. I've had much better products in this category.
P2677,12677,2024-02-27,Books,The Midnight Library by Matt Haig,2,1343.09,2686.18,Credit Card,3,It's fine. Does what it's supposed to do without any standout features.
P2678,12678,2024-12-01,Books,The Silent Patient by Alex Michaelides,1,1000.30,1000.30,Credit Card,3,Average quality. Meets basic expectations but doesn't stand out from competitors.
P2679,12679,2024-02-08,Electronics,Sony A7IV Camera,1,256775.14,256775.14,Google Pay,5,Life-changing product! I can't imagine going back to anything else now.
P2680,12680,2024-12-10,Home Appliances,KitchenAid Food Processor,2,22646.01,45292.02,Debit Card,5,Incredible value for the price. The build quality is superb and it works flawlessly.
P2681,12681,2024-01-02,Sports,On Cloud 5,1,14019.39,14019.39,Debit Card,2,Below average. Several issues that make it hard to recommend to others.
P2682,12682,2024-01-11,Electronics,JBL Charge 5 Speaker,4,17684.49,70737.96,Apple Pay,5,Five stars! The best purchase I've made this year. Would highly recommend to everyone.
P2683,12683,2024-12-23,Sports,On Cloud 5,1,13888.53,13888.53,PayPal,5,Best in its category! I've tried competitors and nothing comes close to this.
P2684,12684,2024-02-23,Books,Pachinko by Min Jin Lee,1,1247.41,1247.41,Credit Card,5,Top-notch quality and performance. This has become an essential part of my daily life.
P2685,12685,2024-04-20,Electronics,JBL Flip 6 Speaker,2,12998.01,25996.02,Google Pay,5,Incredible value for the price. The build quality is superb and it works flawlessly.
P2686,12686,2024-02-21,Clothing,Columbia Newton Ridge Hiking Boots,1,8853.16,8853.16,Debit Card,2,Doesn't live up to the hype. Overpriced for what you actually get.
P2687,12687,2024-04-16,Sports,Apple Watch Series 9,1,41514.65,41514.65,Debit Card,5,Exceptional product that delivers exactly what it promises. Couldn't be happier!
P2688,12688,2024-04-22,Electronics,Garmin Fenix 7,2,91724.89,183449.78,Credit Card,4,Great product with excellent features. Just a few small things keep it from being perfect.
P2689,12689,2024-07-28,Home Appliances,Zojirushi Bread Maker,1,29759.75,29759.75,PayPal,4,I'm impressed with the quality. Not perfect but definitely worth the investment.
P2690,12690,2024-12-10,Home Appliances,Honeywell QuietClean Air Purifier,1,18761.32,18761.32,Credit Card,5,Incredible value for the price. The build quality is superb and it works flawlessly.
P2691,12691,2024-02-04,Beauty Products,Summer Fridays Lip Butter Balm,5,2364.67,11823.35,Credit Card,5,Exceptional product that delivers exactly what it promises. Couldn't be happier!
P2692,12692,2024-06-09,Electronics,Garmin Fenix 7,5,92399.23,461996.15,Credit Card,5,Absolutely fantastic! The quality far surpasses what I expected at this price point.
P2693,12693,2024-08-05,Sports,Spalding NBA Street Basketball,5,2416.54,12082.70,PayPal,4,Really happy with this. Does exactly what it says and the quality is very good.
P2694,12694,2024-07-28,Sports,RumbleRoller Deep Tissue Roller,4,3933.33,15733.32,Credit Card,3,It's fine. Does what it's supposed to do without any standout features.
P2695,12695,2024-02-25,Clothing,Lululemon Scuba Hoodie,2,12008.33,24016.66,Credit Card,4,Very satisfied customer. The product is well-designed and performs reliably.
P2696,12696,2024-11-14,Sports,Peloton Bike,1,146192.15,146192.15,Credit Card,3,It's an okay product. Does the basics but nothing extraordinary. Decent for the price.
P2697,12697,2024-09-06,Sports,Hyperice Venom 2 Back Massager,1,20327.69,20327.69,Credit Card,4,Good value for money. The product is well-made and serves its purpose perfectly.
P2698,12698,2024-12-25,Books,The Seven Husbands of Evelyn Hugo by Taylor Jenkins Reid,1,1154.15,1154.15,Debit Card,4,High quality and durable. Would buy again without hesitation.
P2699,12699,2024-03-16,Home Appliances,Instant Pot Duo 7-in-1,1,10222.73,10222.73,Credit Card,3,Acceptable quality but there's room for improvement. I've seen better and worse.
P2700,12700,2024-11-18,Home Appliances,Shark Robot Vacuum RV1001AE,3,30362.06,91086.18,Credit Card,2,Disappointing quality for the price. Expected much better based on the description.
P2701,12701,2024-04-07,Sports,Theragun Prime Percussive Device,3,30619.66,91858.98,Google Pay,4,Excellent product that does the job well. Only minor complaints.
P2702,12702,2024-07-21,Books,The Covenant of Water by Abraham Verghese,5,1661.86,8309.30,Credit Card,5,Exceptional product that delivers exactly what it promises. Couldn't be happier!
P2703,12703,2024-11-15,Electronics,Google Pixel 8 Pro,3,97468.19,292404.57,Credit Card,4,Very satisfied customer. The product is well-designed and performs reliably.
P2704,12704,2024-12-12,Home Appliances,Shark Steam Mop,1,11997.76,11997.76,PayPal,0,Zero stars if I could. The product is completely unusable and a total waste of money.
P2705,12705,2024-08-13,Home Appliances,KitchenAid Food Processor,1,23295.06,23295.06,Credit Card,1,Complete waste of money. The product doesn't work as advertised at all.
P2706,12706,2024-10-06,Clothing,Lululemon Wunder Train Leggings,4,9865.39,39461.56,Debit Card,4,Great product with excellent features. Just a few small things keep it from being perfect.
P2707,12707,2024-01-25,Clothing,Aritzia Super Puff Shorty,1,24237.56,24237.56,Apple Pay,3,"It does the job adequately. Not great, not terrible, just middle of the road."
P2708,12708,2024-02-07,Home Appliances,Zojirushi Bread Maker,1,30793.11,30793.11,Credit Card,2,Below average. Several issues that make it hard to recommend to others.
P2709,12709,2024-01-16,Books,Dune by Frank Herbert,1,1300.39,1300.39,PayPal,5,Exceptional product that delivers exactly what it promises. Couldn't be happier!
P2710,12710,2024-08-15,Electronics,Microsoft Surface Pro 9,2,117332.98,234665.96,Apple Pay,5,Incredible value for the price. The build quality is superb and it works flawlessly.
P2711,12711,2024-12-28,Beauty Products,Charlotte Tilbury Pillow Talk Lipstick,1,3324.39,3324.39,Debit Card,0,Do not waste your money. This is the worst product I have ever purchased.
P2712,12712,2024-11-06,Clothing,L.L.Bean Wicked Good Slippers,1,6109.46,6109.46,Credit Card,5,Five stars! The best purchase I've made this year. Would highly recommend to everyone.
P2713,12713,2024-02-27,Electronics,Bose QuietComfort Earbuds II,1,29551.03,29551.03,Google Pay,4,Works great and looks good too. Very pleased with this purchase overall.
P2714,12714,2024-04-16,Electronics,Samsung Galaxy S22,1,70769.06,70769.06,PayPal,5,Brilliant product! Works perfectly and is incredibly well-made. Worth every penny.
P2715,12715,2024-11-02,Books,The Four Agreements by Don Miguel Ruiz,3,777.51,2332.53,PayPal,3,Average quality. Meets basic expectations but doesn't stand out from competitors.
P2716,12716,2024-09-07,Beauty Products,Charlotte Tilbury Flawless Filter,5,4411.97,22059.85,Credit Card,5,Best in its category! I've tried competitors and nothing comes close to this.
P2717,12717,2024-09-01,Electronics,JBL Flip 6 Speaker,1,12701.39,12701.39,Debit Card,0,Unbelievably bad. The product arrived broken and nobody would help me resolve it.
P2718,12718,2024-12-01,Beauty Products,Summer Fridays Lip Butter Balm,1,2384.48,2384.48,Credit Card,3,It's an okay product. Does the basics but nothing extraordinary. Decent for the price.
P2719,12719,2024-10-06,Home Appliances,LG Smart Front Load Washer,1,83393.16,83393.16,PayPal,4,Excellent product that does the job well. Only minor complaints.
P2720,12720,2024-07-03,Beauty Products,Fenty Beauty Foundation,1,3522.29,3522.29,Credit Card,2,Regret this purchase. The quality doesn't match the price tag at all.
P2721,12721,2024-05-23,Clothing,Aritzia Super Puff Shorty,2,25336.77,50673.54,Apple Pay,5,Brilliant product! Works perfectly and is incredibly well-made. Worth every penny.
P2722,12722,2024-08-03,Beauty Products,Morphe 35O Nature Glow Palette,3,2582.97,7748.91,Credit Card,5,Absolutely love this product! Exceeded all my expectations and the quality is outstanding.
P2723,12723,2024-12-05,Clothing,Uniqlo Airism T-Shirt,3,1965.30,5895.90,PayPal,5,Brilliant product! Works perfectly and is incredibly well-made. Worth every penny.
P2724,12724,2024-02-13,Electronics,Google Pixel 8 Pro,1,97988.42,97988.42,Credit Card,5,Five stars! The best purchase I've made this year. Would highly recommend to everyone.
P2725,12725,2024-03-24,Electronics,Google Pixel 8,2,69082.55,138165.10,Apple Pay,2,Mediocre at best. I would not buy this again or recommend it to anyone.
P2726,12726,2024-12-13,Electronics,MacBook Air M2,1,97997.69,97997.69,Debit Card,5,Outstanding quality and fantastic value. I'm so happy with this purchase.
P2727,12727,2024-12-16,Beauty Products,Charlotte Tilbury Flawless Filter,1,4380.94,4380.94,Credit Card,3,It's an okay product. Does the basics but nothing extraordinary. Decent for the price.
P2728,12728,2024-12-22,Home Appliances,KitchenAid Food Processor,1,22686.96,22686.96,Debit Card,4,I'm impressed with the quality. Not perfect but definitely worth the investment.
P2729,12729,2024-02-02,Home Appliances,KitchenAid 5-Speed Blender,1,8025.94,8025.94,Debit Card,5,Absolutely fantastic! The quality far surpasses what I expected at this price point.
P2730,12730,2024-09-27,Electronics,Logitech MX Master 3S Mouse,1,9858.34,9858.34,PayPal,0,Do not waste your money. This is the worst product I have ever purchased.
P2731,12731,2024-11-26,Sports,Under Armour HOVR Sonic 5,4,10828.64,43314.56,Google Pay,4,Excellent product that does the job well. Only minor complaints.
P2732,12732,2024-10-05,Clothing,Patagonia Nano Puff Jacket,1,23585.80,23585.80,Credit Card,4,Good value for money. The product is well-made and serves its purpose perfectly.
P2733,12733,2024-05-09,Electronics,Dell XPS 13 Laptop,1,98285.94,98285.94,Google Pay,0,Unbelievably bad. The product arrived broken and nobody would help me resolve it.
P2734,12734,2024-02-02,Sports,Spalding NBA Street Basketball,1,2541.75,2541.75,PayPal,5,Exceptional product that delivers exactly what it promises. Couldn't be happier!
P2735,12735,2024-01-13,Sports,On Cloudrunning Shoes,4,15231.52,60926.08,Credit Card,4,Great product with excellent features. Just a few small things keep it from being perfect.
P2736,12736,2024-11-26,Books,The Song of Achilles by Madeline Miller,5,1174.19,5870.95,Credit Card,4,Good value for money. The product is well-made and serves its purpose perfectly.
P2737,12737,2024-07-02,Sports,Hyperice Venom 2 Back Massager,1,19570.46,19570.46,Google Pay,4,Good value for money. The product is well-made and serves its purpose perfectly.
P2738,12738,2024-07-05,Electronics,Samsung Galaxy S24 Ultra,1,133780.41,133780.41,Credit Card,3,It's fine. Does what it's supposed to do without any standout features.
P2739,12739,2024-10-24,Home Appliances,Keurig K-Elite Coffee Maker,3,12791.08,38373.24,Debit Card,5,Outstanding quality and fantastic value. I'm so happy with this purchase.
P2740,12740,2024-11-01,Electronics,JBL Charge 5 Speaker,1,17952.14,17952.14,PayPal,5,Exceptional product that delivers exactly what it promises. Couldn't be happier!
P2741,12741,2024-11-13,Beauty Products,Saie Glowy Super Skin Gel,1,3115.59,3115.59,Credit Card,5,Absolutely fantastic! The quality far surpasses what I expected at this price point.
P2742,12742,2024-09-25,Sports,Apple Watch Series 9,5,40947.99,204739.95,Debit Card,4,Very good product overall. Works well and meets my expectations. Minor improvements possible.
P2743,12743,2024-01-28,Electronics,Logitech MX Keys Keyboard,1,12080.62,12080.62,PayPal,2,Not worth the money. The product feels cheap and doesn't perform as advertised.
P2744,12744,2024-10-07,Beauty Products,Tower 28 SOS Rescue Facial Spray,2,1999.79,3999.58,Google Pay,1,I regret buying this. It's of very low quality and not worth even a fraction of the price.
P2745,12745,2024-11-24,Electronics,Garmin Forerunner 265,1,45012.55,45012.55,Debit Card,5,Five stars! The best purchase I've made this year. Would highly recommend to everyone.
P2746,12746,2024-12-28,Sports,Yeti Rambler 20 oz Tumbler,1,3594.69,3594.69,PayPal,5,Absolutely love this product! Exceeded all my expectations and the quality is outstanding.
P2747,12747,2024-01-20,Sports,Gaiam Premium Yoga Mat,1,2644.67,2644.67,PayPal,5,Five stars! The best purchase I've made this year. Would highly recommend to everyone.
P2748,12748,2024-10-08,Beauty Products,Glossier Boy Brow,1,1746.62,1746.62,Debit Card,5,Life-changing product! I can't imagine going back to anything else now.
P2749,12749,2024-09-12,Clothing,Madewell Roadtripper Jumpsuit,1,9589.21,9589.21,Credit Card,0,Do not waste your money. This is the worst product I have ever purchased.
P2750,12750,2024-03-01,Home Appliances,Weber Spirit II E-310 Gas Grill,2,55904.41,111808.82,Credit Card,5,Outstanding quality and fantastic value. I'm so happy with this purchase.
P2751,12751,2024-05-08,Clothing,Reformation Odessa Dress,1,21185.20,21185.20,Debit Card,5,Life-changing product! I can't imagine going back to anything else now.
P2752,12752,2024-09-09,Clothing,Spanx Perfect Black Pant,2,9919.98,19839.96,PayPal,4,Great product with excellent features. Just a few small things keep it from being perfect.
P2753,12753,2024-10-04,Electronics,AirPods Max,2,54132.49,108264.98,Credit Card,2,The product has issues that shouldn't exist at this price point. Very underwhelming.
P2754,12754,2024-12-23,Sports,RumbleRoller Foam Roller,1,4881.55,4881.55,Credit Card,4,Very satisfied customer. The product is well-designed and performs reliably.
P2755,12755,2024-12-10,Electronics,iPhone 15 Pro Max,1,162727.12,162727.12,PayPal,5,Top-notch quality and performance. This has become an essential part of my daily life.
P2756,12756,2024-08-03,Sports,Peloton Bike+,1,246876.68,246876.68,PayPal,4,I'm impressed with the quality. Not perfect but definitely worth the investment.
P2757,12757,2024-10-07,Beauty Products,Olaplex No. 3 Hair Perfector,1,2865.50,2865.50,Credit Card,5,Best in its category! I've tried competitors and nothing comes close to this.
P2758,12758,2024-01-10,Electronics,Nintendo Switch OLED,1,34051.30,34051.30,Google Pay,0,Stay away from this product. It's a complete rip-off and doesn't work at all.
P2759,12759,2024-10-04,Sports,Yeti Rambler 26 oz Bottle,1,3970.53,3970.53,Debit Card,3,Decent product for the price. Nothing to write home about but it works.
P2760,12760,2024-06-01,Clothing,Stuart Weitzman Lowland Boots,2,81371.05,162742.10,Debit Card,1,Terrible product. Broke almost immediately and the quality is shockingly bad.
P2761,12761,2024-07-06,Clothing,The North Face Aconcagua Jacket,1,19812.21,19812.21,Credit Card,5,Brilliant product! Works perfectly and is incredibly well-made. Worth every penny.
P2762,12762,2024-09-17,Home Appliances,Breville Smart Oven Air,1,38773.92,38773.92,PayPal,5,Brilliant product! Works perfectly and is incredibly well-made. Worth every penny.
P2763,12763,2024-09-21,Beauty Products,NARS Radiant Creamy Concealer,1,3111.44,3111.44,Credit Card,3,"It does the job adequately. Not great, not terrible, just middle of the road."
P2764,12764,2024-12-23,Books,"Tomorrow, and Tomorrow by Gabrielle Zevin",1,1470.48,1470.48,PayPal,3,"Mixed feelings about this. Some features are good, others could use improvement."
P2765,12765,2024-12-25,Clothing,Madewell Roadtripper Jumpsuit,1,9932.54,9932.54,Credit Card,3,Works as described but nothing special. Fair value for what you pay.
P2766,12766,2024-12-14,Clothing,The North Face Aconcagua Jacket,3,19661.02,58983.06,Credit Card,5,Five stars! The best purchase I've made this year. Would highly recommend to everyone.
P2767,12767,2024-05-01,Books,A Court of Thorns and Roses by Sarah J. Maas,1,1207.39,1207.39,Credit Card,0,Do not waste your money. This is the worst product I have ever purchased.
P2768,12768,2024-08-05,Clothing,Madewell Roadtripper Jumpsuit,1,9834.30,9834.30,PayPal,5,Incredible value for the price. The build quality is superb and it works flawlessly.
P2769,12769,2024-08-06,Books,Where the Crawdads Sing by Delia Owens,3,1106.31,3318.93,PayPal,2,Not worth the money. The product feels cheap and doesn't perform as advertised.
P2770,12770,2024-06-01,Sports,RumbleRoller Deep Tissue Roller,1,3970.44,3970.44,PayPal,1,Do not buy this. The quality is abysmal and it doesn't deliver on any promises.
P2771,12771,2024-12-28,Home Appliances,KitchenAid Artisan Stand Mixer,1,41810.14,41810.14,Credit Card,1,Do not buy this. The quality is abysmal and it doesn't deliver on any promises.
P2772,12772,2024-12-15,Sports,Yoga Mat Pro,3,4921.01,14763.03,Credit Card,5,Best in its category! I've tried competitors and nothing comes close to this.
P2773,12773,2024-11-22,Home Appliances,Zojirushi Bread Maker,2,30149.57,60299.14,Debit Card,5,Incredible value for the price. The build quality is superb and it works flawlessly.
P2774,12774,2024-12-04,Sports,Yoga Mat Pro,1,5009.65,5009.65,Credit Card,0,Zero stars if I could. The product is completely unusable and a total waste of money.
P2775,12775,2024-04-28,Clothing,Carhartt Duck Vest,3,7897.76,23693.28,Credit Card,3,Acceptable quality but there's room for improvement. I've seen better and worse.
P2776,12776,2024-08-04,Home Appliances,Cuisinart Air Fryer Toaster Oven,1,18212.14,18212.14,PayPal,2,Not satisfied with this purchase. The quality is noticeably lacking.
P2777,12777,2024-11-12,Home Appliances,Samsung Bespoke Refrigerator,1,291201.63,291201.63,PayPal,5,Incredible value for the price. The build quality is superb and it works flawlessly.
P2778,12778,2024-10-09,Clothing,Aritzia Tna Butter Hoodie,2,6339.30,12678.60,Debit Card,5,Life-changing product! I can't imagine going back to anything else now.
P2779,12779,2024-08-07,Sports,Hydro Flask Wide Mouth,2,4498.40,8996.80,Apple Pay,5,Incredible value for the price. The build quality is superb and it works flawlessly.
P2780,12780,2024-04-08,Books,The Power of Now by Eckhart Tolle,2,956.30,1912.60,Google Pay,1,Frustrating experience from start to finish. The product simply doesn't work.
P2781,12781,2024-11-24,Electronics,Amazon Echo Dot 5th Gen,1,4923.30,4923.30,PayPal,4,Works great and looks good too. Very pleased with this purchase overall.
P2782,12782,2024-06-28,Electronics,MacBook Pro 14 M3,1,195082.48,195082.48,Debit Card,0,Zero stars if I could. The product is completely unusable and a total waste of money.
P2783,12783,2024-02-27,Books,The Seven Year Slip by Ashley Poston,1,1100.24,1100.24,Credit Card,5,Brilliant product! Works perfectly and is incredibly well-made. Worth every penny.
P2784,12784,2024-04-01,Home Appliances,Shark Navigator Lift-Away Vacuum,2,22283.02,44566.04,Credit Card,3,Middle of the pack. Not disappointed but not impressed either.
P2785,12785,2024-07-27,Clothing,Canada Goose Expedition Parka,1,146306.72,146306.72,Google Pay,4,Very good product overall. Works well and meets my expectations. Minor improvements possible.
P2786,12786,2024-04-02,Clothing,Nike Dunk Low,1,10954.87,10954.87,Credit Card,3,It's an okay product. Does the basics but nothing extraordinary. Decent for the price.
P2787,12787,2024-02-26,Clothing,Vuori Ponto Performance Pant,1,8154.66,8154.66,Credit Card,1,Returned this immediately. The product was defective and poorly made.
P2788,12788,2024-11-08,Electronics,Amazon Fire TV Stick 4K,3,4988.92,14966.76,Debit Card,4,High quality and durable. Would buy again without hesitation.
P2789,12789,2024-11-18,Beauty Products,Glow Recipe Watermelon Glow,1,3440.69,3440.69,PayPal,1,Very disappointed. The item arrived damaged and customer service was unhelpful.
P2790,12790,2024-11-12,Electronics,Bose QuietComfort Earbuds II,2,29466.52,58933.04,Credit Card,3,It's fine. Does what it's supposed to do without any standout features.
P2791,12791,2024-11-11,Books,Spare by Prince Harry,4,1803.82,7215.28,Debit Card,5,Best in its category! I've tried competitors and nothing comes close to this.
P2792,12792,2024-05-11,Sports,On Cloud 5,1,13670.51,13670.51,Apple Pay,1,Frustrating experience from start to finish. The product simply doesn't work.
P2793,12793,2024-08-28,Beauty Products,Clinique Moisture Surge,1,4065.17,4065.17,PayPal,2,Not satisfied with this purchase. The quality is noticeably lacking.
P2794,12794,2024-11-23,Clothing,Lululemon Align Leggings,1,10061.95,10061.95,Debit Card,4,Excellent product that does the job well. Only minor complaints.
P2795,12795,2024-10-04,Beauty Products,Sol de Janeiro Bum Bum Cream,5,4396.96,21984.80,Credit Card,3,"Adequate for basic use. If you need something simple, this works fine."
P2796,12796,2024-09-13,Clothing,Everlane The Cashmere Crew,1,12096.27,12096.27,Google Pay,5,Top-notch quality and performance. This has become an essential part of my daily life.
P2797,12797,2024-11-02,Beauty Products,Glossier Cloud Paint,4,1997.12,7988.48,Debit Card,1,Terrible product. Broke almost immediately and the quality is shockingly bad.
P2798,12798,2024-03-10,Sports,Yeti Rambler 20 oz Tumbler,1,3536.65,3536.65,Google Pay,5,Top-notch quality and performance. This has become an essential part of my daily life.
P2799,12799,2024-07-17,Electronics,iPad Air,1,70534.69,70534.69,Credit Card,5,Brilliant product! Works perfectly and is incredibly well-made. Worth every penny.
P2800,12800,2024-04-13,Home Appliances,Black+Decker 20V Cordless Drill,1,7125.99,7125.99,PayPal,4,Works great and looks good too. Very pleased with this purchase overall.
P2801,12801,2024-09-25,Books,Britt-Marie Was Here by Fredrik Backman,2,1061.65,2123.30,Credit Card,4,High quality and durable. Would buy again without hesitation.
P2802,12802,2024-01-26,Beauty Products,IT Cosmetics CC+ Cream,2,4352.20,8704.40,PayPal,4,Solid quality and reliable performance. I'm satisfied with this purchase and would recommend it.
P2803,12803,2024-04-28,Books,Spare by Prince Harry,2,1837.21,3674.42,PayPal,5,Absolutely love this product! Exceeded all my expectations and the quality is outstanding.
P2804,12804,2024-11-27,Beauty Products,Charlotte Tilbury Pillow Talk Lipstick,4,3455.79,13823.16,PayPal,5,Best in its category! I've tried competitors and nothing comes close to this.
P2805,12805,2024-12-07,Clothing,Nike Air Max 270,1,15421.02,15421.02,Google Pay,2,Not worth the money. The product feels cheap and doesn't perform as advertised.
P2806,12806,2024-05-07,Electronics,Dyson V15 Detect Vacuum,2,76543.47,153086.94,Credit Card,5,Absolutely fantastic! The quality far surpasses what I expected at this price point.
P2807,12807,2024-12-17,Electronics,Amazon Echo Dot 5th Gen,1,4843.36,4843.36,Debit Card,3,"Adequate for basic use. If you need something simple, this works fine."
P2808,12808,2024-11-03,Electronics,Google Pixel 8 Pro,1,98273.43,98273.43,PayPal,5,Five stars! The best purchase I've made this year. Would highly recommend to everyone.
P2809,12809,2024-06-24,Books,Spare by Prince Harry,3,1813.02,5439.06,PayPal,3,Acceptable quality but there's room for improvement. I've seen better and worse.
P2810,12810,2024-10-08,Clothing,Lululemon Energy Bra,2,5951.63,11903.26,Debit Card,5,Absolutely fantastic! The quality far surpasses what I expected at this price point.
P2811,12811,2024-02-01,Books,The Song of Achilles by Madeline Miller,1,1162.76,1162.76,Credit Card,1,Do not buy this. The quality is abysmal and it doesn't deliver on any promises.
P2812,12812,2024-04-05,Sports,Spalding NBA Street Basketball,1,2536.07,2536.07,PayPal,2,Below average. Several issues that make it hard to recommend to others.
P2813,12813,2024-05-08,Sports,Yeti Tundra 45 Cooler,1,38039.89,38039.89,Debit Card,5,Five stars! The best purchase I've made this year. Would highly recommend to everyone.
P2814,12814,2024-12-16,Books,The Vanishing Half by Brit Bennett,3,1163.87,3491.61,Credit Card,5,Life-changing product! I can't imagine going back to anything else now.
P2815,12815,2024-08-04,Books,"Thinking, Fast and Slow by Daniel Kahneman",1,1948.78,1948.78,Credit Card,2,Not satisfied with this purchase. The quality is noticeably lacking.
P2816,12816,2024-07-08,Beauty Products,Neutrogena Skincare Set,1,8879.77,8879.77,Credit Card,4,I'm impressed with the quality. Not perfect but definitely worth the investment.
P2817,12817,2024-11-14,Beauty Products,Summer Fridays Lip Butter Balm,1,2323.56,2323.56,Debit Card,4,Very good product overall. Works well and meets my expectations. Minor improvements possible.
P2818,12818,2024-07-02,Sports,Barbell Weight Set,1,29651.81,29651.81,Credit Card,3,It's fine. Does what it's supposed to do without any standout features.
P2819,12819,2024-08-21,Clothing,Lululemon Scuba Hoodie,1,11957.64,11957.64,Credit Card,5,Top-notch quality and performance. This has become an essential part of my daily life.
P2820,12820,2024-05-08,Sports,On Cloud 5,1,13726.19,13726.19,Apple Pay,5,Five stars! The best purchase I've made this year. Would highly recommend to everyone.
P2821,12821,2024-11-17,Books,The Song of Achilles by Madeline Miller,2,1202.26,2404.52,PayPal,5,Life-changing product! I can't imagine going back to anything else now.
P2822,12822,2024-03-09,Beauty Products,The Ordinary Niacinamide 10%,2,586.56,1173.12,PayPal,1,Very disappointed. The item arrived damaged and customer service was unhelpful.
P2823,12823,2024-09-27,Books,Sapiens by Yuval Noah Harari,5,1684.80,8424.00,PayPal,5,Absolutely love this product! Exceeded all my expectations and the quality is outstanding.
P2824,12824,2024-07-13,Clothing,Adidas Ultraboost,1,18470.98,18470.98,Credit Card,1,Awful quality. Fell apart after minimal use. Would never recommend this to anyone.
P2825,12825,2024-11-13,Beauty Products,Anastasia Beverly Hills Brow Wiz,1,2240.31,2240.31,Credit Card,5,Absolutely fantastic! The quality far surpasses what I expected at this price point.
P2826,12826,2024-07-17,Beauty Products,Anastasia Beverly Hills Brow Wiz,2,2277.14,4554.28,Credit Card,2,The product has issues that shouldn't exist at this price point. Very underwhelming.
P2827,12827,2024-12-17,Beauty Products,The Ordinary Niacinamide 10%,2,580.57,1161.14,Credit Card,3,Decent product for the price. Nothing to write home about but it works.
P2828,12828,2024-11-09,Electronics,iPhone 15,1,77624.76,77624.76,Google Pay,1,I regret buying this. It's of very low quality and not worth even a fraction of the price.
P2829,12829,2024-11-16,Clothing,Nike Air Force 1 Sneakers,2,12164.24,24328.48,Debit Card,4,High quality and durable. Would buy again without hesitation.
P2830,12830,2024-07-09,Electronics,Samsung Galaxy S24 Ultra,1,131317.04,131317.04,Debit Card,4,Very good product overall. Works well and meets my expectations. Minor improvements possible.
P2831,12831,2024-11-17,Beauty Products,Summer Fridays Jet Lag Mask,1,2763.05,2763.05,Credit Card,5,Five stars! The best purchase I've made this year. Would highly recommend to everyone.
P2832,12832,2024-09-28,Electronics,Microsoft Surface Pro 9,1,117651.46,117651.46,Credit Card,5,Brilliant product! Works perfectly and is incredibly well-made. Worth every penny.
P2833,12833,2024-07-28,Beauty Products,Drunk Elephant Protini Polypeptide Cream,2,6639.36,13278.72,Credit Card,5,Brilliant product! Works perfectly and is incredibly well-made. Worth every penny.
P2834,12834,2024-03-21,Home Appliances,Keurig K-Elite Coffee Maker,1,12595.37,12595.37,Debit Card,2,Subpar performance and build quality. I've had much better products in this category.
P2835,12835,2024-10-16,Beauty Products,NARS Radiant Creamy Concealer,2,3279.71,6559.42,Debit Card,4,Very good product overall. Works well and meets my expectations. Minor improvements possible.
P2836,12836,2024-11-06,Sports,Hydro Flask Standard Mouth Bottle,1,3248.34,3248.34,Google Pay,4,Excellent product that does the job well. Only minor complaints.
P2837,12837,2024-04-12,Home Appliances,LEVOIT Core 300 Air Purifier,4,10099.31,40397.24,Credit Card,5,Life-changing product! I can't imagine going back to anything else now.
P2838,12838,2024-12-06,Home Appliances,Black+Decker 20V Cordless Drill,1,6855.87,6855.87,PayPal,0,Unbelievably bad. The product arrived broken and nobody would help me resolve it.
P2839,12839,2024-11-01,Electronics,Logitech C920x Webcam,5,8085.09,40425.45,PayPal,3,"It does the job adequately. Not great, not terrible, just middle of the road."
P2840,12840,2024-08-03,Electronics,JBL Charge 5 Speaker,1,17390.14,17390.14,Debit Card,4,Very good product overall. Works well and meets my expectations. Minor improvements possible.
P2841,12841,2024-12-26,Electronics,Fujifilm Instax Mini 12,1,7352.49,7352.49,Credit Card,1,Terrible product. Broke almost immediately and the quality is shockingly bad.
P2842,12842,2024-12-10,Clothing,Nike Air Max 270,1,14911.99,14911.99,Apple Pay,5,Exceptional product that delivers exactly what it promises. Couldn't be happier!
P2843,12843,2024-06-08,Electronics,Dyson V15 Detect Vacuum,3,74632.92,223898.76,Credit Card,5,Best in its category! I've tried competitors and nothing comes close to this.
P2844,12844,2024-07-08,Sports,Coleman Sundome 4-Person Tent,1,8840.20,8840.20,Credit Card,5,Incredible value for the price. The build quality is superb and it works flawlessly.
P2845,12845,2024-11-11,Clothing,Dr. Martens 1460 Boots,1,15240.59,15240.59,Credit Card,3,Middle of the pack. Not disappointed but not impressed either.
P2846,12846,2024-05-23,Clothing,The North Face Aconcagua Jacket,2,19571.49,39142.98,Apple Pay,3,It's fine. Does what it's supposed to do without any standout features.
P2847,12847,2024-03-28,Electronics,Nintendo Switch OLED,1,35052.01,35052.01,PayPal,5,Absolutely love this product! Exceeded all my expectations and the quality is outstanding.
P2848,12848,2024-05-25,Sports,JBL Endurance RUN Earphones,3,2910.97,8732.91,PayPal,3,It's fine. Does what it's supposed to do without any standout features.
P2849,12849,2024-06-11,Home Appliances,Simplehuman Soap Dispenser,1,4890.06,4890.06,Credit Card,5,Outstanding quality and fantastic value. I'm so happy with this purchase.
P2850,12850,2024-09-09,Books,"Tomorrow, and Tomorrow by Gabrielle Zevin",1,1469.38,1469.38,Google Pay,2,Doesn't live up to the hype. Overpriced for what you actually get.
P2851,12851,2024-05-01,Beauty Products,Laneige Lip Sleeping Mask,2,2254.87,4509.74,PayPal,2,Disappointing quality for the price. Expected much better based on the description.
P2852,12852,2024-03-18,Electronics,Samsung Galaxy S23,2,81924.82,163849.64,Credit Card,0,Zero stars if I could. The product is completely unusable and a total waste of money.
P2853,12853,2024-09-06,Home Appliances,Black+Decker 20V Cordless Drill,3,7159.49,21478.47,Credit Card,1,Awful quality. Fell apart after minimal use. Would never recommend this to anyone.
P2854,12854,2024-09-09,Clothing,Madewell Roadtripper Jumpsuit,1,10043.36,10043.36,Credit Card,5,Brilliant product! Works perfectly and is incredibly well-made. Worth every penny.
P2855,12855,2024-06-07,Clothing,Zara Dress,1,7753.45,7753.45,PayPal,5,Five stars! The best purchase I've made this year. Would highly recommend to everyone.
P2856,12856,2024-01-26,Books,"Tomorrow, and Tomorrow by Gabrielle Zevin",4,1476.57,5906.28,Debit Card,2,Disappointing quality for the price. Expected much better based on the description.
P2857,12857,2024-02-24,Clothing,Uniqlo Airism T-Shirt,5,1964.17,9820.85,Credit Card,5,Incredible value for the price. The build quality is superb and it works flawlessly.
P2858,12858,2024-09-27,Sports,Yeti Hopper M30 Soft Cooler,3,34538.29,103614.87,Credit Card,3,"Mixed feelings about this. Some features are good, others could use improvement."
P2859,12859,2024-03-06,Clothing,J.Crew Tippi Sweater,3,7750.45,23251.35,PayPal,4,Great product with excellent features. Just a few small things keep it from being perfect.
P2860,12860,2024-01-18,Electronics,Microsoft Surface Laptop 5,1,123703.79,123703.79,Google Pay,0,Horrible experience. The item never arrived properly and support was useless.
P2861,12861,2024-02-27,Clothing,Champion Reverse Weave Hoodie,3,6340.28,19020.84,Credit Card,5,Top-notch quality and performance. This has become an essential part of my daily life.
P2862,12862,2024-11-13,Books,The Midnight Library by Matt Haig,4,1348.98,5395.92,Credit Card,5,Absolutely love this product! Exceeded all my expectations and the quality is outstanding.
P2863,12863,2024-02-08,Sports,Peloton Bike+,1,243141.55,243141.55,Apple Pay,5,Top-notch quality and performance. This has become an essential part of my daily life.
P2864,12864,2024-05-03,Electronics,Google Pixel 8 Pro,1,100471.21,100471.21,Credit Card,3,"Adequate for basic use. If you need something simple, this works fine."
P2865,12865,2024-04-15,Books,The Hobbit by J.R.R. Tolkien,2,1109.41,2218.82,Credit Card,5,Incredible value for the price. The build quality is superb and it works flawlessly.
P2866,12866,2024-07-23,Clothing,Lululemon Scuba Hoodie,1,11709.64,11709.64,PayPal,5,Incredible value for the price. The build quality is superb and it works flawlessly.
P2867,12867,2024-12-09,Beauty Products,Morphe 35O Nature Glow Palette,1,2616.07,2616.07,Google Pay,3,Acceptable quality but there's room for improvement. I've seen better and worse.
P2868,12868,2024-04-04,Home Appliances,Breville Barista Express,2,71537.15,143074.30,PayPal,5,Outstanding quality and fantastic value. I'm so happy with this purchase.
P2869,12869,2024-01-19,Home Appliances,Zojirushi Bread Maker,2,30580.57,61161.14,Credit Card,5,Brilliant product! Works perfectly and is incredibly well-made. Worth every penny.
P2870,12870,2024-05-07,Home Appliances,Ember Temperature Control Mug,2,14509.14,29018.28,Credit Card,2,Subpar performance and build quality. I've had much better products in this category.
P2871,12871,2024-01-04,Clothing,Carhartt WIP Chase Beanie,1,2845.68,2845.68,Debit Card,4,Solid quality and reliable performance. I'm satisfied with this purchase and would recommend it.
P2872,12872,2024-05-22,Electronics,Bose QuietComfort 45 Headphones,1,32784.75,32784.75,Credit Card,4,Great product with excellent features. Just a few small things keep it from being perfect.
P2873,12873,2024-04-20,Home Appliances,Ninja Foodi 8-in-1 Pressure Cooker,1,20188.05,20188.05,PayPal,5,Five stars! The best purchase I've made this year. Would highly recommend to everyone.
P2874,12874,2024-08-08,Clothing,Madewell High-Rise Skinny Jeans,2,8993.67,17987.34,Google Pay,2,Not satisfied with this purchase. The quality is noticeably lacking.
P2875,12875,2024-03-01,Books,The Da Vinci Code by Dan Brown,3,1588.39,4765.17,Credit Card,4,Works great and looks good too. Very pleased with this purchase overall.
P2876,12876,2024-11-07,Clothing,Adidas Ultraboost Light,4,19192.07,76768.28,Credit Card,4,Excellent product that does the job well. Only minor complaints.
P2877,12877,2024-07-04,Books,The Covenant of Water by Abraham Verghese,4,1734.90,6939.60,PayPal,5,Absolutely fantastic! The quality far surpasses what I expected at this price point.
P2878,12878,2024-10-14,Clothing,Vuori Performance Joggers,1,8810.44,8810.44,Google Pay,2,Subpar performance and build quality. I've had much better products in this category.
P2879,12879,2024-11-17,Home Appliances,Shark Steam Mop,3,11929.62,35788.86,Debit Card,3,It's fine. Does what it's supposed to do without any standout features.
P2880,12880,2024-03-26,Home Appliances,Simplehuman Dish Rack,1,8904.23,8904.23,PayPal,4,Very satisfied customer. The product is well-designed and performs reliably.
P2881,12881,2024-11-12,Books,1984 by George Orwell,4,1011.52,4046.08,Debit Card,3,Average quality. Meets basic expectations but doesn't stand out from competitors.
P2882,12882,2024-11-13,Home Appliances,Simplehuman Sensor Mirror Pro,2,24410.88,48821.76,Debit Card,5,Five stars! The best purchase I've made this year. Would highly recommend to everyone.
P2883,12883,2024-08-12,Beauty Products,Drunk Elephant T.L.C. Framboos,1,9196.55,9196.55,Credit Card,4,Excellent product that does the job well. Only minor complaints.
P2884,12884,2024-06-19,Clothing,Everlane The Cashmere Crew,4,12004.33,48017.32,Debit Card,2,Not worth the money. The product feels cheap and doesn't perform as advertised.
P2885,12885,2024-11-08,Clothing,Vuori Performance Joggers,1,8836.82,8836.82,PayPal,4,Very good product overall. Works well and meets my expectations. Minor improvements possible.
P2886,12886,2024-09-21,Beauty Products,Glow Recipe Avocado Melt Retinol Eye Cream,1,4273.33,4273.33,Apple Pay,5,Incredible value for the price. The build quality is superb and it works flawlessly.
P2887,12887,2024-06-09,Books,The Hobbit by J.R.R. Tolkien,3,1060.74,3182.22,Credit Card,5,Outstanding quality and fantastic value. I'm so happy with this purchase.
P2888,12888,2024-03-16,Clothing,Spanx Perfect Black Pant,2,9517.03,19034.06,Credit Card,4,Very good product overall. Works well and meets my expectations. Minor improvements possible.
P2889,12889,2024-11-03,Clothing,The North Face Aconcagua Jacket,1,20214.04,20214.04,Google Pay,4,Great product with excellent features. Just a few small things keep it from being perfect.
P2890,12890,2024-03-27,Beauty Products,Summer Fridays Jet Lag Mask,1,2865.27,2865.27,Credit Card,4,Very good product overall. Works well and meets my expectations. Minor improvements possible.
P2891,12891,2024-10-14,Electronics,MacBook Air M3,4,112442.75,449771.00,Apple Pay,3,Decent product for the price. Nothing to write home about but it works.
P2892,12892,2024-06-13,Electronics,HP OfficeJet Pro 8025e,4,15122.04,60488.16,Credit Card,4,Works great and looks good too. Very pleased with this purchase overall.
P2893,12893,2024-12-13,Clothing,Aritzia Tna Butter Hoodie,1,6510.03,6510.03,Debit Card,5,Life-changing product! I can't imagine going back to anything else now.
P2894,12894,2024-05-15,Home Appliances,Simplehuman Dish Rack,1,8859.23,8859.23,Apple Pay,2,Not worth the money. The product feels cheap and doesn't perform as advertised.
P2895,12895,2024-12-22,Electronics,HP OfficeJet Pro 8025e,1,15228.41,15228.41,Credit Card,2,Below average. Several issues that make it hard to recommend to others.
P2896,12896,2024-01-26,Clothing,Madewell Roadtripper Jumpsuit,1,9560.77,9560.77,PayPal,5,Outstanding quality and fantastic value. I'm so happy with this purchase.
P2897,12897,2024-10-13,Books,Pachinko by Min Jin Lee,1,1263.59,1263.59,Debit Card,1,Awful quality. Fell apart after minimal use. Would never recommend this to anyone.
P2898,12898,2024-07-15,Beauty Products,Sol de Janeiro Bum Bum Cream,2,4459.92,8919.84,Debit Card,4,Works great and looks good too. Very pleased with this purchase overall.
P2899,12899,2024-12-25,Electronics,iPad Air,1,70707.54,70707.54,Credit Card,4,Great product with excellent features. Just a few small things keep it from being perfect.
P2900,12900,2024-09-02,Clothing,Reformation Odessa Dress,4,22203.98,88815.92,Apple Pay,5,Top-notch quality and performance. This has become an essential part of my daily life.
P2901,12901,2024-02-18,Beauty Products,Augustinus Bader The Rich Cream,1,27783.24,27783.24,Apple Pay,4,Very satisfied customer. The product is well-designed and performs reliably.
P2902,12902,2024-03-10,Home Appliances,Bodum French Press,1,2930.56,2930.56,Google Pay,5,Exceptional product that delivers exactly what it promises. Couldn't be happier!
P2903,12903,2024-04-09,Electronics,Canon EOS R50 Camera,3,66548.32,199644.96,Credit Card,5,Top-notch quality and performance. This has become an essential part of my daily life.
P2904,12904,2024-11-17,Beauty Products,Fenty Beauty Foundation,2,3578.94,7157.88,Credit Card,5,Exceptional product that delivers exactly what it promises. Couldn't be happier!
P2905,12905,2024-11-12,Clothing,Uniqlo Airism T-Shirt,1,2021.17,2021.17,PayPal,4,Very good product overall. Works well and meets my expectations. Minor improvements possible.
P2906,12906,2024-05-15,Home Appliances,Simplehuman Dish Rack,1,8864.69,8864.69,Credit Card,5,Absolutely love this product! Exceeded all my expectations and the quality is outstanding.
P2907,12907,2024-12-01,Books,The Alchemist by Paulo Coelho,1,909.99,909.99,Debit Card,4,Good value for money. The product is well-made and serves its purpose perfectly.
P2908,12908,2024-03-13,Clothing,Reformation Odessa Dress,1,22166.54,22166.54,Credit Card,5,Absolutely love this product! Exceeded all my expectations and the quality is outstanding.
P2909,12909,2024-09-08,Beauty Products,Fresh Sugar Lip Treatment,1,2355.85,2355.85,PayPal,5,Best in its category! I've tried competitors and nothing comes close to this.
P2910,12910,2024-11-21,Beauty Products,Olaplex No. 3 Hair Perfector,2,2755.45,5510.90,Apple Pay,4,Excellent product that does the job well. Only minor complaints.
P2911,12911,2024-04-07,Beauty Products,Heritage Store Rosewater Facial Spray,1,1003.53,1003.53,Debit Card,4,High quality and durable. Would buy again without hesitation.
P2912,12912,2024-11-28,Books,The Seven Husbands of Evelyn Hugo by Taylor Jenkins Reid,4,1123.34,4493.36,PayPal,2,Not worth the money. The product feels cheap and doesn't perform as advertised.
P2913,12913,2024-10-13,Clothing,Lululemon Wunder Train Leggings,1,10049.67,10049.67,Debit Card,5,Exceptional product that delivers exactly what it promises. Couldn't be happier!
P2914,12914,2024-12-03,Sports,Fitbit Charge 5,1,15005.77,15005.77,Credit Card,4,Very good product overall. Works well and meets my expectations. Minor improvements possible.
P2915,12915,2024-03-16,Home Appliances,Ember Temperature Control Mug,2,14551.34,29102.68,Google Pay,5,Absolutely love this product! Exceeded all my expectations and the quality is outstanding.
P2916,12916,2024-10-21,Sports,Stance NBA Socks,1,1569.97,1569.97,Credit Card,5,Incredible value for the price. The build quality is superb and it works flawlessly.
P2917,12917,2024-01-02,Clothing,Lululemon Align Leggings,2,9767.19,19534.38,PayPal,4,Really happy with this. Does exactly what it says and the quality is very good.
P2918,12918,2024-04-13,Sports,Nike Alphafly 2,2,28773.54,57547.08,Credit Card,2,Mediocre at best. I would not buy this again or recommend it to anyone.
P2919,12919,2024-10-04,Sports,Yeti Rambler 20 oz Tumbler,4,3423.63,13694.52,PayPal,4,High quality and durable. Would buy again without hesitation.
P2920,12920,2024-12-21,Clothing,Aritzia Super Puff Shorty,3,25070.78,75212.34,Google Pay,4,Excellent product that does the job well. Only minor complaints.
P2921,12921,2024-07-07,Sports,Theragun Prime Percussive Device,3,30216.20,90648.60,Credit Card,4,Really happy with this. Does exactly what it says and the quality is very good.
P2922,12922,2024-09-07,Books,To Kill a Mockingbird by Harper Lee,2,1264.39,2528.78,Google Pay,3,Middle of the pack. Not disappointed but not impressed either.
P2923,12923,2024-11-13,Electronics,Dell XPS 13 Laptop,2,98790.59,197581.18,Debit Card,2,Regret this purchase. The quality doesn't match the price tag at all.
P2924,12924,2024-09-05,Home Appliances,Shark Navigator Lift-Away Vacuum,2,22293.63,44587.26,Google Pay,4,Solid quality and reliable performance. I'm satisfied with this purchase and would recommend it.
P2925,12925,2024-08-13,Beauty Products,IT Cosmetics CC+ Cream,1,4361.22,4361.22,PayPal,2,Below average. Several issues that make it hard to recommend to others.
P2926,12926,2024-06-06,Electronics,Google Pixel 8 Pro,1,102558.37,102558.37,Credit Card,4,Excellent product that does the job well. Only minor complaints.
P2927,12927,2024-11-03,Sports,Apple Watch Series 9,3,42982.25,128946.75,Apple Pay,5,Brilliant product! Works perfectly and is incredibly well-made. Worth every penny.
P2928,12928,2024-07-11,Clothing,Nike Tech Fleece Joggers,3,10814.19,32442.57,Debit Card,4,Very good product overall. Works well and meets my expectations. Minor improvements possible.
P2929,12929,2024-08-27,Books,The Great Gatsby by F. Scott Fitzgerald,2,970.49,1940.98,Credit Card,5,Absolutely love this product! Exceeded all my expectations and the quality is outstanding.
P2930,12930,2024-04-23,Sports,Under Armour HOVR Sonic 5,2,11098.71,22197.42,Debit Card,3,"Mixed feelings about this. Some features are good, others could use improvement."
P2931,12931,2024-12-10,Electronics,MacBook Pro 14 M3,1,198206.36,198206.36,Credit Card,4,Works great and looks good too. Very pleased with this purchase overall.
P2932,12932,2024-07-13,Home Appliances,Lodge Cast Iron Skillet,1,2466.09,2466.09,Google Pay,4,Very good product overall. Works well and meets my expectations. Minor improvements possible.
P2933,12933,2024-06-20,Sports,On Cloud 5,1,14409.15,14409.15,Credit Card,4,Excellent product that does the job well. Only minor complaints.
P2934,12934,2024-11-09,Clothing,H&M Linen Blend Shirt,3,3025.41,9076.23,Debit Card,4,Excellent product that does the job well. Only minor complaints.
P2935,12935,2024-02-16,Sports,Theragun Prime Percussive Device,3,29013.01,87039.03,PayPal,0,Do not waste your money. This is the worst product I have ever purchased.
P2936,12936,2024-10-22,Electronics,Dyson V11 Vacuum,1,50334.73,50334.73,Credit Card,2,Disappointing quality for the price. Expected much better based on the description.
P2937,12937,2024-02-21,Clothing,Everlane The Weekender Bag,4,11555.83,46223.32,PayPal,1,Frustrating experience from start to finish. The product simply doesn't work.
P2938,12938,2024-02-01,Clothing,Nike Air Force 1 Sneakers,4,12187.63,48750.52,Debit Card,4,Very satisfied customer. The product is well-designed and performs reliably.
P2939,12939,2024-12-14,Books,Atomic Habits by James Clear,1,1217.12,1217.12,Credit Card,5,Absolutely fantastic! The quality far surpasses what I expected at this price point.
P2940,12940,2024-01-21,Electronics,Amazon Echo Dot 5th Gen,1,4960.69,4960.69,Google Pay,5,Incredible value for the price. The build quality is superb and it works flawlessly.
P2941,12941,2024-08-21,Clothing,Re/Done Classic Stretch Jeans,3,18880.12,56640.36,Debit Card,3,It's an okay product. Does the basics but nothing extraordinary. Decent for the price.
P2942,12942,2024-10-01,Beauty Products,Heritage Store Rosewater Facial Spray,1,990.45,990.45,Credit Card,0,Unbelievably bad. The product arrived broken and nobody would help me resolve it.
P2943,12943,2024-03-21,Beauty Products,Ilia Limitless Lash Mascara,2,2721.17,5442.34,PayPal,4,Works great and looks good too. Very pleased with this purchase overall.
P2944,12944,2024-12-22,Electronics,Dyson V15 Detect Vacuum,2,76628.21,153256.42,PayPal,2,Not worth the money. The product feels cheap and doesn't perform as advertised.
P2945,12945,2024-11-13,Beauty Products,Fenty Beauty Pro Filt'r Foundation,1,3602.38,3602.38,Google Pay,5,Absolutely love this product! Exceeded all my expectations and the quality is outstanding.
P2946,12946,2024-04-04,Beauty Products,Tower 28 SOS Rescue Facial Spray,1,2020.73,2020.73,PayPal,0,A total failure. I had to throw it away after one use. Absolutely unacceptable.
P2947,12947,2024-03-09,Clothing,Aritzia Super Puff Shorty,1,24640.14,24640.14,Credit Card,4,Great product with excellent features. Just a few small things keep it from being perfect.
P2948,12948,2024-10-11,Sports,Garmin inReach Mini 2,2,40797.86,81595.72,Credit Card,5,Absolutely love this product! Exceeded all my expectations and the quality is outstanding.
P2949,12949,2024-11-10,Home Appliances,Breville Smart Oven Air,1,40277.36,40277.36,Debit Card,5,Life-changing product! I can't imagine going back to anything else now.
P2950,12950,2024-01-03,Home Appliances,Philips Airfryer XXL,5,34813.16,174065.80,Credit Card,5,Absolutely fantastic! The quality far surpasses what I expected at this price point.
P2951,12951,2024-12-19,Beauty Products,Kosas Cloud Set Powder,1,3556.25,3556.25,Credit Card,5,Incredible value for the price. The build quality is superb and it works flawlessly.
P2952,12952,2024-10-15,Electronics,iPhone 15 Pro Max,1,161425.21,161425.21,Credit Card,5,Brilliant product! Works perfectly and is incredibly well-made. Worth every penny.
P2953,12953,2024-11-23,Books,The Great Gatsby by F. Scott Fitzgerald,1,981.38,981.38,PayPal,5,Five stars! The best purchase I've made this year. Would highly recommend to everyone.
P2954,12954,2024-10-27,Beauty Products,Augustinus Bader The Rich Cream,3,28966.73,86900.19,Credit Card,3,"Mixed feelings about this. Some features are good, others could use improvement."
P2955,12955,2024-12-27,Clothing,Carhartt Duck Vest,3,8181.21,24543.63,Google Pay,5,Top-notch quality and performance. This has become an essential part of my daily life.
P2956,12956,2024-12-19,Beauty Products,Kosas Cloud Set Powder,5,3437.39,17186.95,Debit Card,5,Incredible value for the price. The build quality is superb and it works flawlessly.
P2957,12957,2024-06-07,Home Appliances,Ninja Foodi 10-in-1 XL,1,24210.43,24210.43,PayPal,2,Not satisfied with this purchase. The quality is noticeably lacking.
P2958,12958,2024-11-17,Beauty Products,Charlotte Tilbury Pillow Talk Lipstick,1,3303.29,3303.29,Debit Card,4,Very satisfied customer. The product is well-designed and performs reliably.
P2959,12959,2024-11-28,Home Appliances,LEVOIT Core 300 Air Purifier,1,9633.00,9633.00,Credit Card,5,Absolutely fantastic! The quality far surpasses what I expected at this price point.
P2960,12960,2024-06-06,Beauty Products,Olaplex No. 3 Hair Perfector,2,2727.86,5455.72,PayPal,4,Solid quality and reliable performance. I'm satisfied with this purchase and would recommend it.
P2961,12961,2024-12-19,Beauty Products,Charlotte Tilbury Pillow Talk Lipstick,1,3469.84,3469.84,PayPal,4,Very satisfied customer. The product is well-designed and performs reliably.
P2962,12962,2024-12-20,Home Appliances,Philips Airfryer XXL,2,35396.77,70793.54,Google Pay,5,Top-notch quality and performance. This has become an essential part of my daily life.
P2963,12963,2024-11-24,Beauty Products,Fresh Sugar Lip Treatment,3,2375.63,7126.89,Google Pay,4,High quality and durable. Would buy again without hesitation.
P2964,12964,2024-07-06,Books,The Woman in Me by Britney Spears,4,1683.29,6733.16,Credit Card,5,Exceptional product that delivers exactly what it promises. Couldn't be happier!
P2965,12965,2024-08-02,Sports,Garmin inReach Mini 2,4,40636.11,162544.44,Credit Card,2,Below average. Several issues that make it hard to recommend to others.
P2966,12966,2024-05-20,Sports,On Cloudrunning Shoes,2,15418.16,30836.32,Credit Card,5,Brilliant product! Works perfectly and is incredibly well-made. Worth every penny.
P2967,12967,2024-06-01,Electronics,iPhone 14 Pro,4,128260.09,513040.36,Credit Card,3,It's fine. Does what it's supposed to do without any standout features.
P2968,12968,2024-12-05,Electronics,Amazon Echo Show 8,5,14725.63,73628.15,Credit Card,2,Regret this purchase. The quality doesn't match the price tag at all.
P2969,12969,2024-11-19,Electronics,Kindle Paperwhite,1,14558.68,14558.68,Credit Card,4,Very satisfied customer. The product is well-designed and performs reliably.
P2970,12970,2024-08-05,Sports,Hydro Flask Standard Mouth Bottle,1,3197.85,3197.85,Credit Card,4,I'm impressed with the quality. Not perfect but definitely worth the investment.
P2971,12971,2024-11-13,Books,Atomic Habits by James Clear,1,1210.41,1210.41,PayPal,5,Absolutely love this product! Exceeded all my expectations and the quality is outstanding.
P2972,12972,2024-05-23,Home Appliances,Cuisinart Air Fryer Toaster Oven,1,17559.17,17559.17,Debit Card,2,Disappointing quality for the price. Expected much better based on the description.
P2973,12973,2024-09-16,Beauty Products,NARS Radiant Creamy Concealer,1,3274.68,3274.68,Debit Card,3,"It does the job adequately. Not great, not terrible, just middle of the road."
P2974,12974,2024-09-20,Beauty Products,La Roche-Posay Cicaplast Baume,1,1734.38,1734.38,Google Pay,1,Terrible product. Broke almost immediately and the quality is shockingly bad.
P2975,12975,2024-10-28,Books,The Seven Year Slip by Ashley Poston,1,1065.91,1065.91,Credit Card,5,Top-notch quality and performance. This has become an essential part of my daily life.
P2976,12976,2024-04-01,Beauty Products,Glossier Cloud Paint,2,1979.14,3958.28,Google Pay,4,I'm impressed with the quality. Not perfect but definitely worth the investment.
P2977,12977,2024-12-05,Clothing,L.L.Bean Wicked Good Slippers,3,5812.72,17438.16,Credit Card,2,Regret this purchase. The quality doesn't match the price tag at all.
P2978,12978,2024-08-04,Home Appliances,Samsung Bespoke Refrigerator,1,297977.17,297977.17,Credit Card,4,Very satisfied customer. The product is well-designed and performs reliably.
P2979,12979,2024-05-13,Electronics,Anker 737 Power Bank,1,10897.52,10897.52,Apple Pay,5,Brilliant product! Works perfectly and is incredibly well-made. Worth every penny.
P2980,12980,2024-02-12,Electronics,JBL Charge 5 Speaker,1,17455.54,17455.54,Credit Card,2,Not worth the money. The product feels cheap and doesn't perform as advertised.
P2981,12981,2024-12-05,Books,The Invisible Life of Addie LaRue by V.E. Schwab,3,1004.51,3013.53,Credit Card,4,Solid quality and reliable performance. I'm satisfied with this purchase and would recommend it.
P2982,12982,2024-09-17,Sports,Nike Alphafly 2,1,28420.98,28420.98,Credit Card,5,Brilliant product! Works perfectly and is incredibly well-made. Worth every penny.
P2983,12983,2024-11-28,Books,Dune by Frank Herbert,1,1286.02,1286.02,Google Pay,4,Good value for money. The product is well-made and serves its purpose perfectly.
P2984,12984,2024-08-01,Beauty Products,Clinique Moisture Surge,2,4198.68,8397.36,PayPal,2,Subpar performance and build quality. I've had much better products in this category.
P2985,12985,2024-12-01,Beauty Products,Sol de Janeiro Bum Bum Cream,1,4375.83,4375.83,Credit Card,5,Best in its category! I've tried competitors and nothing comes close to this.
P2986,12986,2024-09-23,Sports,REI Co-op Trailbreak 30 Backpack,3,8217.71,24653.13,Debit Card,4,Really happy with this. Does exactly what it says and the quality is very good.
P2987,12987,2024-12-06,Sports,Under Armour Sportstyle Shorts,2,3401.73,6803.46,Debit Card,4,Good value for money. The product is well-made and serves its purpose perfectly.
P2988,12988,2024-01-27,Electronics,Kindle Paperwhite Signature,2,18734.46,37468.92,Credit Card,5,Absolutely fantastic! The quality far surpasses what I expected at this price point.
P2989,12989,2024-11-24,Electronics,Logitech C920x Webcam,1,8058.87,8058.87,Credit Card,5,Life-changing product! I can't imagine going back to anything else now.
P2990,12990,2024-06-12,Clothing,Zara High-Waisted Trousers,2,4484.51,8969.02,PayPal,5,Best in its category! I've tried competitors and nothing comes close to this.
P2991,12991,2024-11-01,Electronics,Bose QuietComfort 45 Headphones,1,33073.38,33073.38,Credit Card,3,Decent product for the price. Nothing to write home about but it works.
P2992,12992,2024-12-04,Sports,Hoka Clifton 9,1,14071.28,14071.28,Credit Card,4,Excellent product that does the job well. Only minor complaints.
P2993,12993,2024-03-03,Sports,Hoka Clifton 9,1,14237.01,14237.01,PayPal,4,Great product with excellent features. Just a few small things keep it from being perfect.
P2994,12994,2024-11-24,Electronics,Apple Watch Ultra 2,1,79285.15,79285.15,Google Pay,4,Good value for money. The product is well-made and serves its purpose perfectly.
P2995,12995,2024-09-23,Electronics,MacBook Air M3,2,115135.62,230271.24,Credit Card,5,Top-notch quality and performance. This has become an essential part of my daily life.
P2996,12996,2024-03-23,Books,The Alchemist by Paulo Coelho,1,911.43,911.43,Credit Card,3,"Adequate for basic use. If you need something simple, this works fine."
P2997,12997,2024-04-07,Clothing,Arc'teryx Atom LT Hoody,1,25771.83,25771.83,Credit Card,5,Outstanding quality and fantastic value. I'm so happy with this purchase.
P2998,12998,2024-09-15,Books,Sapiens by Yuval Noah Harari,1,1641.40,1641.40,Google Pay,1,Do not buy this. The quality is abysmal and it doesn't deliver on any promises.
P2999,12999,2024-08-17,Sports,REI Co-op Trailbreak 30 Backpack,1,8214.75,8214.75,Credit Card,5,Five stars! The best purchase I've made this year. Would highly recommend to everyone.
P3000,13000,2024-09-20,Electronics,Logitech MX Keys Keyboard,1,12059.14,12059.14,Credit Card,2,Below average. Several issues that make it hard to recommend to others.
P3001,13001,2024-02-22,Home Appliances,Nespresso Vertuo Next,3,15784.16,47352.48,Debit Card,5,Exceptional product that delivers exactly what it promises. Couldn't be happier!
P3002,13002,2024-09-18,Electronics,Sony WH-1000XM4 Headphones,1,35528.92,35528.92,Credit Card,5,Five stars! The best purchase I've made this year. Would highly recommend to everyone.
P3003,13003,2024-02-21,Beauty Products,Drunk Elephant Protini Polypeptide Cream,1,6991.34,6991.34,PayPal,5,Top-notch quality and performance. This has become an essential part of my daily life.
P3004,13004,2024-04-16,Electronics,iPhone 15,1,82066.76,82066.76,Debit Card,3,"It does the job adequately. Not great, not terrible, just middle of the road."
P3005,13005,2024-07-23,Electronics,AirPods Max,3,55489.28,166467.84,PayPal,1,Awful quality. Fell apart after minimal use. Would never recommend this to anyone.
P3006,13006,2024-02-25,Electronics,Beats Studio Pro,1,35414.91,35414.91,Credit Card,4,Really happy with this. Does exactly what it says and the quality is very good.
P3007,13007,2024-09-14,Sports,Nike Yoga Mat,3,6374.88,19124.64,PayPal,1,Very disappointed. The item arrived damaged and customer service was unhelpful.
P3008,13008,2024-04-23,Books,The Heaven & Earth Grocery Store by James McBride,4,1477.78,5911.12,Credit Card,5,Incredible value for the price. The build quality is superb and it works flawlessly.
P3009,13009,2024-02-18,Books,The Da Vinci Code by Dan Brown,1,1577.98,1577.98,Google Pay,1,Terrible product. Broke almost immediately and the quality is shockingly bad.
P3010,13010,2024-04-13,Sports,Gaiam Yoga Block,1,1078.92,1078.92,Credit Card,4,Very good product overall. Works well and meets my expectations. Minor improvements possible.
P3011,13011,2024-06-08,Beauty Products,Paula's Choice 2% BHA Exfoliant,3,3165.30,9495.90,PayPal,3,Average quality. Meets basic expectations but doesn't stand out from competitors.
P3012,13012,2024-10-14,Clothing,Allbirds Tree Runners,3,9570.59,28711.77,Credit Card,5,Outstanding quality and fantastic value. I'm so happy with this purchase.
P3013,13013,2024-09-19,Home Appliances,Shark Navigator Lift-Away Vacuum,5,22293.66,111468.30,Credit Card,3,Works as described but nothing special. Fair value for what you pay.
P3014,13014,2024-06-01,Clothing,Birkenstock Arizona Sandals,1,10012.00,10012.00,Apple Pay,3,"Adequate for basic use. If you need something simple, this works fine."
P3015,13015,2024-07-20,Books,A Court of Thorns and Roses by Sarah J. Maas,1,1162.30,1162.30,PayPal,0,Absolute garbage. The product was broken on arrival and the company refused a refund.
P3016,13016,2024-01-23,Sports,Brooks Adrenaline GTS 22,1,13681.98,13681.98,Apple Pay,5,Best in its category! I've tried competitors and nothing comes close to this.
P3017,13017,2024-12-22,Books,Educated by Tara Westover,1,1302.05,1302.05,Credit Card,0,Absolute garbage. The product was broken on arrival and the company refused a refund.
P3018,13018,2024-05-24,Sports,REI Co-op Trailbreak 30 Backpack,5,7885.26,39426.30,Credit Card,1,Awful quality. Fell apart after minimal use. Would never recommend this to anyone.
P3019,13019,2024-08-04,Sports,REI Co-op Trailbreak 30 Backpack,1,8019.27,8019.27,Google Pay,4,I'm impressed with the quality. Not perfect but definitely worth the investment.
P3020,13020,2024-09-17,Clothing,Patagonia Better Sweater Fleece,1,14182.70,14182.70,Credit Card,2,Doesn't live up to the hype. Overpriced for what you actually get.
P3021,13021,2024-12-06,Home Appliances,Ember Temperature Control Mug,2,15066.13,30132.26,PayPal,5,Life-changing product! I can't imagine going back to anything else now.
P3022,13022,2024-08-11,Beauty Products,Charlotte Tilbury Pillow Talk Lipstick,1,3336.04,3336.04,PayPal,5,Incredible value for the price. The build quality is superb and it works flawlessly.
P3023,13023,2024-11-10,Sports,Hydro Flask 32 oz Water Bottle,1,4475.90,4475.90,Credit Card,4,Great product with excellent features. Just a few small things keep it from being perfect.
P3024,13024,2024-11-13,Electronics,Google Pixel 8,1,69284.82,69284.82,Debit Card,5,Top-notch quality and performance. This has become an essential part of my daily life.
P3025,13025,2024-01-12,Clothing,Nike Air Max 270,2,14601.33,29202.66,Credit Card,3,Average quality. Meets basic expectations but doesn't stand out from competitors.
P3026,13026,2024-07-26,Electronics,Logitech C920x Webcam,1,7688.58,7688.58,Google Pay,4,Very good product overall. Works well and meets my expectations. Minor improvements possible.
P3027,13027,2024-06-06,Clothing,Madewell High-Rise Skinny Jeans,1,8744.71,8744.71,Credit Card,5,Best in its category! I've tried competitors and nothing comes close to this.
P3028,13028,2024-09-02,Books,The Heaven & Earth Grocery Store by James McBride,5,1510.73,7553.65,Debit Card,5,Top-notch quality and performance. This has become an essential part of my daily life.
P3029,13029,2024-10-15,Electronics,Bose SoundLink Revolve,1,19852.52,19852.52,Credit Card,1,Complete waste of money. The product doesn't work as advertised at all.
P3030,13030,2024-11-17,Sports,Brooks Ghost 15 Running Shoes,1,14379.84,14379.84,Credit Card,2,Doesn't live up to the hype. Overpriced for what you actually get.
P3031,13031,2024-09-14,Books,A Gentleman in Moscow by Amor Towles,1,1016.48,1016.48,Credit Card,5,Top-notch quality and performance. This has become an essential part of my daily life.
P3032,13032,2024-10-16,Clothing,Ray-Ban Aviator Classic Sunglasses,2,15254.32,30508.64,PayPal,4,Very good product overall. Works well and meets my expectations. Minor improvements possible.
P3033,13033,2024-06-15,Electronics,Bose QuietComfort 45 Headphones,3,33828.90,101486.70,Apple Pay,2,Below average. Several issues that make it hard to recommend to others.
P3034,13034,2024-08-08,Electronics,iPhone 15,3,77983.65,233950.95,PayPal,5,Life-changing product! I can't imagine going back to anything else now.
P3035,13035,2024-06-16,Clothing,Canada Goose HyBridge Base Hoody,1,40330.23,40330.23,PayPal,3,"Adequate for basic use. If you need something simple, this works fine."
P3036,13036,2024-10-07,Home Appliances,KitchenAid Food Processor,1,23584.65,23584.65,PayPal,5,Absolutely love this product! Exceeded all my expectations and the quality is outstanding.
P3037,13037,2024-03-18,Home Appliances,KitchenAid Food Processor,1,23261.48,23261.48,PayPal,1,Returned this immediately. The product was defective and poorly made.
P3038,13038,2024-06-28,Home Appliances,Black+Decker 20V Cordless Drill,1,6964.54,6964.54,Credit Card,3,Works as described but nothing special. Fair value for what you pay.
P3039,13039,2024-04-18,Books,The Alchemist by Paulo Coelho,2,865.80,1731.60,Credit Card,3,It's an okay product. Does the basics but nothing extraordinary. Decent for the price.
P3040,13040,2024-09-09,Electronics,iPhone 15 Pro Max,1,160114.72,160114.72,Credit Card,2,Not worth the money. The product feels cheap and doesn't perform as advertised.
P3041,13041,2024-08-10,Home Appliances,Vitamix 5200 Blender,1,44352.91,44352.91,Debit Card,4,Excellent product that does the job well. Only minor complaints.
P3042,13042,2024-03-20,Electronics,Samsung Galaxy S24 Ultra,3,129769.62,389308.86,Debit Card,2,Subpar performance and build quality. I've had much better products in this category.
P3043,13043,2024-11-23,Books,The Hobbit by J.R.R. Tolkien,1,1082.74,1082.74,Apple Pay,5,Life-changing product! I can't imagine going back to anything else now.
P3044,13044,2024-10-20,Electronics,Google Nest Hub,1,10172.88,10172.88,Debit Card,5,Incredible value for the price. The build quality is superb and it works flawlessly.
P3045,13045,2024-11-08,Clothing,Patagonia Nano Puff Jacket,2,22466.24,44932.48,PayPal,0,Zero stars if I could. The product is completely unusable and a total waste of money.
P3046,13046,2024-12-16,Beauty Products,Kosas Revealer Concealer,1,2742.85,2742.85,Debit Card,4,Excellent product that does the job well. Only minor complaints.
P3047,13047,2024-10-02,Beauty Products,La Roche-Posay Anthelios Sunscreen,1,1965.97,1965.97,Apple Pay,5,Best in its category! I've tried competitors and nothing comes close to this.
P3048,13048,2024-01-18,Books,The Housemaid by Freida McFadden,1,982.78,982.78,Credit Card,5,Top-notch quality and performance. This has become an essential part of my daily life.
P3049,13049,2024-03-17,Books,To Kill a Mockingbird by Harper Lee,1,1273.57,1273.57,Credit Card,3,"It does the job adequately. Not great, not terrible, just middle of the road."
P3050,13050,2024-11-05,Sports,Peloton Bike,1,146020.70,146020.70,PayPal,4,I'm impressed with the quality. Not perfect but definitely worth the investment.
P3051,13051,2024-08-14,Beauty Products,Saie Glowy Super Skin Gel,1,3165.36,3165.36,Credit Card,2,Doesn't live up to the hype. Overpriced for what you actually get.
P3052,13052,2024-11-01,Electronics,Apple Watch Ultra 2,1,79443.79,79443.79,Google Pay,3,Decent product for the price. Nothing to write home about but it works.
P3053,13053,2024-09-26,Beauty Products,Drunk Elephant Protini Polypeptide Cream,4,6910.37,27641.48,PayPal,3,"It does the job adequately. Not great, not terrible, just middle of the road."
P3054,13054,2024-09-09,Books,Klara and the Sun by Kazuo Ishiguro,2,1402.15,2804.30,Credit Card,5,Outstanding quality and fantastic value. I'm so happy with this purchase.
P3055,13055,2024-12-23,Sports,Nike Yoga Mat,2,6315.77,12631.54,Credit Card,2,Not satisfied with this purchase. The quality is noticeably lacking.
P3056,13056,2024-11-09,Sports,RumbleRoller Foam Roller,1,5016.73,5016.73,Credit Card,1,Extremely dissatisfied. The product stopped working within the first week.
P3057,13057,2024-01-10,Clothing,Adidas Ultraboost Light,1,18805.82,18805.82,PayPal,5,Brilliant product! Works perfectly and is incredibly well-made. Worth every penny.
P3058,13058,2024-03-08,Clothing,Madewell The Transport Tote,4,16398.24,65592.96,Debit Card,5,Absolutely fantastic! The quality far surpasses what I expected at this price point.
P3059,13059,2024-09-18,Electronics,GoPro HERO12 Black,2,46005.16,92010.32,Debit Card,4,Excellent product that does the job well. Only minor complaints.
P3060,13060,2024-12-08,Clothing,Everlane The Cashmere Crew,1,12042.66,12042.66,PayPal,3,Acceptable quality but there's room for improvement. I've seen better and worse.
P3061,13061,2024-11-06,Home Appliances,Vitamix 5200 Blender,4,45752.98,183011.92,Google Pay,3,"It does the job adequately. Not great, not terrible, just middle of the road."
P3062,13062,2024-12-10,Home Appliances,Simplehuman Dish Rack,3,9129.16,27387.48,PayPal,5,Best in its category! I've tried competitors and nothing comes close to this.
P3063,13063,2024-11-23,Sports,Spalding NBA Street Basketball,1,2492.00,2492.00,Google Pay,4,Great product with excellent features. Just a few small things keep it from being perfect.
P3064,13064,2024-04-17,Sports,Hydro Flask Wide Mouth,2,4370.87,8741.74,Google Pay,0,Do not waste your money. This is the worst product I have ever purchased.
P3065,13065,2024-01-17,Electronics,Bose QuietComfort 45 Headphones,1,32065.07,32065.07,Credit Card,3,"It does the job adequately. Not great, not terrible, just middle of the road."
P3066,13066,2024-09-12,Beauty Products,La Roche-Posay Cicaplast Baume,1,1715.11,1715.11,Credit Card,4,Good value for money. The product is well-made and serves its purpose perfectly.
P3067,13067,2024-06-25,Books,The Song of Achilles by Madeline Miller,1,1203.33,1203.33,Credit Card,5,Incredible value for the price. The build quality is superb and it works flawlessly.
P3068,13068,2024-03-22,Sports,Hydro Flask 32 oz Water Bottle,1,4356.30,4356.30,Credit Card,2,Mediocre at best. I would not buy this again or recommend it to anyone.
P3069,13069,2024-03-13,Home Appliances,Shark Robot Vacuum RV1001AE,1,29977.15,29977.15,Credit Card,1,Do not buy this. The quality is abysmal and it doesn't deliver on any promises.
P3070,13070,2024-02-13,Home Appliances,KitchenAid 5-Speed Blender,1,7951.02,7951.02,Debit Card,1,Returned this immediately. The product was defective and poorly made.
P3071,13071,2024-10-14,Clothing,Reformation Odessa Dress,1,22016.49,22016.49,Google Pay,1,Extremely dissatisfied. The product stopped working within the first week.
P3072,13072,2024-05-25,Books,The Covenant of Water by Abraham Verghese,4,1675.00,6700.00,PayPal,5,Incredible value for the price. The build quality is superb and it works flawlessly.
P3073,13073,2024-05-01,Electronics,Bose QuietComfort Earbuds II,1,29803.86,29803.86,Google Pay,2,Doesn't live up to the hype. Overpriced for what you actually get.
P3074,13074,2024-11-28,Home Appliances,KitchenAid 5-Speed Blender,1,7777.86,7777.86,Debit Card,4,I'm impressed with the quality. Not perfect but definitely worth the investment.
P3075,13075,2024-04-04,Home Appliances,Ninja Air Fryer XL,1,14682.48,14682.48,Credit Card,5,Absolutely fantastic! The quality far surpasses what I expected at this price point.
P3076,13076,2024-09-16,Clothing,Re/Done Classic Stretch Jeans,1,18834.86,18834.86,Credit Card,5,Incredible value for the price. The build quality is superb and it works flawlessly.
P3077,13077,2024-12-14,Electronics,Google Pixel 8,1,68781.80,68781.80,Debit Card,2,Disappointing quality for the price. Expected much better based on the description.
P3078,13078,2024-11-15,Electronics,MacBook Air M3,5,114267.19,571335.95,Credit Card,1,One of the worst purchases I've made. Cheap materials and poor craftsmanship.
P3079,13079,2024-11-09,Home Appliances,Ninja Air Fryer XL,4,14911.35,59645.40,PayPal,5,Absolutely love this product! Exceeded all my expectations and the quality is outstanding.
P3080,13080,2024-11-11,Electronics,Sony WH-1000XM4 Headphones,1,35393.94,35393.94,Credit Card,5,Life-changing product! I can't imagine going back to anything else now.
P3081,13081,2024-11-09,Electronics,Google Nest Hub,1,9999.78,9999.78,Credit Card,4,Works great and looks good too. Very pleased with this purchase overall.
P3082,13082,2024-10-27,Beauty Products,Anastasia Beverly Hills Brow Wiz,2,2340.56,4681.12,Credit Card,1,Very disappointed. The item arrived damaged and customer service was unhelpful.
P3083,13083,2024-11-11,Home Appliances,Ninja Air Fryer XL,2,14550.91,29101.82,Debit Card,4,Good value for money. The product is well-made and serves its purpose perfectly.
P3084,13084,2024-08-10,Books,Where the Crawdads Sing by Delia Owens,4,1087.65,4350.60,Debit Card,3,Acceptable quality but there's room for improvement. I've seen better and worse.
P3085,13085,2024-11-16,Books,Sapiens by Yuval Noah Harari,5,1738.03,8690.15,Credit Card,4,High quality and durable. Would buy again without hesitation.
P3086,13086,2024-10-08,Clothing,Everlane The Cashmere Crew,2,12177.23,24354.46,Credit Card,2,The product has issues that shouldn't exist at this price point. Very underwhelming.
P3087,13087,2024-01-22,Beauty Products,CeraVe Hydrating Facial Cleanser,1,1509.42,1509.42,Credit Card,5,Absolutely love this product! Exceeded all my expectations and the quality is outstanding.
P3088,13088,2024-11-03,Books,Fourth Wing by Rebecca Yarros,4,1297.78,5191.12,PayPal,5,Exceptional product that delivers exactly what it promises. Couldn't be happier!
P3089,13089,2024-09-28,Electronics,Google Pixel 8,1,71344.35,71344.35,PayPal,5,Five stars! The best purchase I've made this year. Would highly recommend to everyone.
P3090,13090,2024-09-15,Beauty Products,First Aid Beauty KP Bump Eraser,1,2795.46,2795.46,Apple Pay,5,Top-notch quality and performance. This has become an essential part of my daily life.
P3091,13091,2024-12-04,Books,Dune by Frank Herbert,1,1320.91,1320.91,Credit Card,0,Stay away from this product. It's a complete rip-off and doesn't work at all.
P3092,13092,2024-10-07,Electronics,iPhone 15 Pro,1,136960.85,136960.85,PayPal,2,Subpar performance and build quality. I've had much better products in this category.
P3093,13093,2024-11-17,Beauty Products,Supergoop! Unseen Sunscreen,2,3452.24,6904.48,Credit Card,5,Incredible value for the price. The build quality is superb and it works flawlessly.
P3094,13094,2024-03-21,Clothing,The North Face Aconcagua Jacket,1,20367.45,20367.45,Credit Card,3,Decent product for the price. Nothing to write home about but it works.
P3095,13095,2024-10-13,Clothing,Aritzia Super Puff Shorty,1,24780.47,24780.47,Apple Pay,5,Absolutely fantastic! The quality far surpasses what I expected at this price point.
P3096,13096,2024-04-28,Beauty Products,Clinique Moisture Surge,1,4064.93,4064.93,PayPal,5,Life-changing product! I can't imagine going back to anything else now.
P3097,13097,2024-04-21,Electronics,Nintendo Switch OLED,1,35908.73,35908.73,Google Pay,1,Complete waste of money. The product doesn't work as advertised at all.
P3098,13098,2024-07-17,Home Appliances,OXO Brew Conical Burr Grinder,1,9690.13,9690.13,PayPal,2,Subpar performance and build quality. I've had much better products in this category.
P3099,13099,2024-09-14,Sports,Yeti Rambler 20 oz Tumbler,2,3390.20,6780.40,PayPal,1,Awful quality. Fell apart after minimal use. Would never recommend this to anyone.
P3100,13100,2024-03-24,Home Appliances,Breville Smart Oven Air,1,39837.17,39837.17,Apple Pay,3,"Adequate for basic use. If you need something simple, this works fine."
P3101,13101,2024-01-05,Home Appliances,Simplehuman Soap Dispenser,1,5043.69,5043.69,Credit Card,5,Incredible value for the price. The build quality is superb and it works flawlessly.
P3102,13102,2024-05-09,Sports,Hydro Flask 32 oz Water Bottle,2,4476.00,8952.00,Google Pay,5,Best in its category! I've tried competitors and nothing comes close to this.
P3103,13103,2024-12-19,Books,Circe by Madeline Miller,2,1256.76,2513.52,Apple Pay,4,I'm impressed with the quality. Not perfect but definitely worth the investment.
P3104,13104,2024-05-19,Sports,Garmin Venu 3,1,45758.16,45758.16,Google Pay,4,Very good product overall. Works well and meets my expectations. Minor improvements possible.
P3105,13105,2024-11-24,Clothing,Adidas Samba OG,1,9730.05,9730.05,Credit Card,5,Best in its category! I've tried competitors and nothing comes close to this.
P3106,13106,2024-09-18,Books,The Da Vinci Code by Dan Brown,1,1636.51,1636.51,PayPal,5,Absolutely fantastic! The quality far surpasses what I expected at this price point.
P3107,13107,2024-04-09,Sports,Yeti Rambler 26 oz Bottle,1,3968.70,3968.70,Google Pay,5,Brilliant product! Works perfectly and is incredibly well-made. Worth every penny.
P3108,13108,2024-12-22,Sports,Nike Air Max 270,1,14676.05,14676.05,Credit Card,4,Solid quality and reliable performance. I'm satisfied with this purchase and would recommend it.
P3109,13109,2024-03-21,Electronics,Microsoft Surface Pro 9,2,114544.83,229089.66,Debit Card,4,Excellent product that does the job well. Only minor complaints.
P3110,13110,2024-02-19,Sports,Hoka Clifton 9,1,14391.73,14391.73,Debit Card,4,Great product with excellent features. Just a few small things keep it from being perfect.
P3111,13111,2024-11-01,Sports,Wilson Evolution Basketball,1,5954.70,5954.70,Credit Card,5,Five stars! The best purchase I've made this year. Would highly recommend to everyone.
P3112,13112,2024-01-19,Home Appliances,KitchenAid 5-Speed Blender,1,8123.91,8123.91,Credit Card,4,Works great and looks good too. Very pleased with this purchase overall.
P3113,13113,2024-09-08,Clothing,Uniqlo Ultra Light Down Jacket,1,8088.97,8088.97,PayPal,3,"Adequate for basic use. If you need something simple, this works fine."
P3114,13114,2024-12-02,Clothing,H&M Hoodie,2,2421.91,4843.82,Apple Pay,5,Absolutely fantastic! The quality far surpasses what I expected at this price point.
P3115,13115,2024-09-28,Sports,Fitbit Charge 5,3,15318.31,45954.93,Credit Card,5,Best in its category! I've tried competitors and nothing comes close to this.
P3116,13116,2024-01-16,Beauty Products,IT Cosmetics CC+ Cream,1,4285.05,4285.05,PayPal,2,Poor experience overall. The product has multiple flaws that affect usability.
P3117,13117,2024-02-11,Books,"Thinking, Fast and Slow by Daniel Kahneman",2,2011.65,4023.30,Debit Card,4,Very good product overall. Works well and meets my expectations. Minor improvements possible.
P3118,13118,2024-06-21,Electronics,Logitech MX Keys Keyboard,1,11984.16,11984.16,Credit Card,4,Good value for money. The product is well-made and serves its purpose perfectly.
P3119,13119,2024-04-10,Books,Happy Place by Emily Henry,5,1142.56,5712.80,Debit Card,0,Do not waste your money. This is the worst product I have ever purchased.
P3120,13120,2024-01-16,Electronics,Bose QuietComfort Earbuds II,2,30261.60,60523.20,PayPal,1,Extremely dissatisfied. The product stopped working within the first week.
P3121,13121,2024-12-07,Beauty Products,La Roche-Posay Cicaplast Baume,1,1684.32,1684.32,Debit Card,3,Acceptable quality but there's room for improvement. I've seen better and worse.
P3122,13122,2024-11-25,Sports,Brooks Adrenaline GTS 22,2,14194.52,28389.04,Credit Card,3,It's fine. Does what it's supposed to do without any standout features.
P3123,13123,2024-09-18,Electronics,Bose SoundLink Revolve,4,19472.70,77890.80,Credit Card,2,Regret this purchase. The quality doesn't match the price tag at all.
P3124,13124,2024-06-17,Clothing,Columbia Newton Ridge Hiking Boots,1,9246.93,9246.93,Credit Card,2,Disappointing quality for the price. Expected much better based on the description.
P3125,13125,2024-12-08,Beauty Products,Dior Lip Glow Oil,2,3773.46,7546.92,Credit Card,2,Below average. Several issues that make it hard to recommend to others.
P3126,13126,2024-07-05,Books,The Silent Patient by Alex Michaelides,1,1005.35,1005.35,Google Pay,3,Average quality. Meets basic expectations but doesn't stand out from competitors.
P3127,13127,2024-06-16,Books,A Court of Thorns and Roses by Sarah J. Maas,1,1219.77,1219.77,Credit Card,1,Very disappointed. The item arrived damaged and customer service was unhelpful.
P3128,13128,2024-10-08,Electronics,Sony Bravia 55 TV,1,164329.86,164329.86,Credit Card,3,Works as described but nothing special. Fair value for what you pay.
P3129,13129,2024-09-03,Books,A Gentleman in Moscow by Amor Towles,2,1066.32,2132.64,Credit Card,3,"Mixed feelings about this. Some features are good, others could use improvement."
P3130,13130,2024-04-10,Electronics,Logitech MX Master 3S Mouse,1,10192.64,10192.64,Debit Card,5,Top-notch quality and performance. This has become an essential part of my daily life.
P3131,13131,2024-09-09,Sports,Under Armour Sportstyle Shorts,1,3475.94,3475.94,PayPal,5,Best in its category! I've tried competitors and nothing comes close to this.
P3132,13132,2024-12-10,Clothing,Columbia Newton Ridge Hiking Boots,3,9176.93,27530.79,Credit Card,4,Solid quality and reliable performance. I'm satisfied with this purchase and would recommend it.
P3133,13133,2024-06-21,Books,Demon Copperhead by Barbara Kingsolver,1,1352.08,1352.08,Apple Pay,5,Life-changing product! I can't imagine going back to anything else now.
P3134,13134,2024-02-03,Beauty Products,IT Cosmetics CC+ Cream,1,4261.76,4261.76,PayPal,1,Complete waste of money. The product doesn't work as advertised at all.
P3135,13135,2024-08-04,Beauty Products,Drunk Elephant T.L.C. Framboos,2,8759.03,17518.06,Credit Card,1,Complete waste of money. The product doesn't work as advertised at all.
P3136,13136,2024-04-25,Books,Sapiens by Yuval Noah Harari,3,1707.00,5121.00,PayPal,3,It's an okay product. Does the basics but nothing extraordinary. Decent for the price.
P3137,13137,2024-10-09,Sports,Stance NBA Socks,1,1588.75,1588.75,Apple Pay,5,Brilliant product! Works perfectly and is incredibly well-made. Worth every penny.
P3138,13138,2024-09-24,Home Appliances,Ninja Foodi 8-in-1 Pressure Cooker,1,19647.61,19647.61,Credit Card,0,Absolute garbage. The product was broken on arrival and the company refused a refund.
P3139,13139,2024-11-14,Books,Pachinko by Min Jin Lee,5,1258.53,6292.65,Credit Card,3,"Adequate for basic use. If you need something simple, this works fine."
P3140,13140,2024-06-27,Home Appliances,Black+Decker 20V Cordless Drill,1,7153.86,7153.86,PayPal,5,Best in its category! I've tried competitors and nothing comes close to this.
P3141,13141,2024-02-24,Books,Holly by Stephen King,5,1681.27,8406.35,Debit Card,5,Top-notch quality and performance. This has become an essential part of my daily life.
P3142,13142,2024-11-08,Clothing,Reformation Odessa Dress,1,22388.77,22388.77,Credit Card,5,Brilliant product! Works perfectly and is incredibly well-made. Worth every penny.
P3143,13143,2024-03-23,Clothing,The North Face Aconcagua Jacket,1,20005.53,20005.53,Credit Card,5,Outstanding quality and fantastic value. I'm so happy with this purchase.
P3144,13144,2024-11-14,Sports,Yeti Hopper M30 Soft Cooler,1,34824.10,34824.10,Debit Card,4,Very good product overall. Works well and meets my expectations. Minor improvements possible.
P3145,13145,2024-02-28,Beauty Products,Kosas Cloud Set Powder,2,3453.86,6907.72,Credit Card,5,Incredible value for the price. The build quality is superb and it works flawlessly.
P3146,13146,2024-02-10,Electronics,Microsoft Surface Laptop 5,2,119788.37,239576.74,Debit Card,5,Exceptional product that delivers exactly what it promises. Couldn't be happier!
P3147,13147,2024-12-12,Beauty Products,Paula's Choice 2% BHA Exfoliant,4,3121.12,12484.48,PayPal,2,Below average. Several issues that make it hard to recommend to others.
P3148,13148,2024-08-08,Sports,Wilson Evolution Basketball,3,5946.73,17840.19,Debit Card,4,I'm impressed with the quality. Not perfect but definitely worth the investment.
P3149,13149,2024-11-21,Books,Britt-Marie Was Here by Fredrik Backman,4,1048.34,4193.36,Debit Card,4,Great product with excellent features. Just a few small things keep it from being perfect.
P3150,13150,2024-10-16,Beauty Products,SK-II Facial Treatment Essence,1,12161.66,12161.66,Debit Card,5,Absolutely love this product! Exceeded all my expectations and the quality is outstanding.
P3151,13151,2024-01-28,Sports,Yeti Rambler 20 oz Tumbler,1,3589.00,3589.00,Debit Card,5,Outstanding quality and fantastic value. I'm so happy with this purchase.
P3152,13152,2024-11-26,Clothing,Carhartt WIP Chase Beanie,3,2871.46,8614.38,Credit Card,1,Do not buy this. The quality is abysmal and it doesn't deliver on any promises.
P3153,13153,2024-07-06,Sports,Brooks Adrenaline GTS 22,4,13762.27,55049.08,Credit Card,5,Outstanding quality and fantastic value. I'm so happy with this purchase.
P3154,13154,2024-12-03,Clothing,Everlane The Weekender Bag,4,11345.44,45381.76,Debit Card,5,Best in its category! I've tried competitors and nothing comes close to this.
P3155,13155,2024-05-27,Clothing,Nike Air Max 270,1,14623.76,14623.76,Credit Card,3,"Adequate for basic use. If you need something simple, this works fine."
P3156,13156,2024-07-17,Beauty Products,ILIA Super Serum Skin Tint,2,4737.35,9474.70,Debit Card,5,Absolutely love this product! Exceeded all my expectations and the quality is outstanding.
P3157,13157,2024-05-19,Books,Educated by Tara Westover,1,1315.31,1315.31,PayPal,4,Excellent product that does the job well. Only minor complaints.
P3158,13158,2024-03-23,Sports,On Cloudrunning Shoes,3,14991.84,44975.52,Credit Card,5,Absolutely fantastic! The quality far surpasses what I expected at this price point.
P3159,13159,2024-07-08,Electronics,Xbox Series X,1,50146.40,50146.40,Debit Card,5,Five stars! The best purchase I've made this year. Would highly recommend to everyone.
P3160,13160,2024-04-14,Sports,Nike Metcon 8,1,12733.45,12733.45,Debit Card,1,Terrible product. Broke almost immediately and the quality is shockingly bad.
P3161,13161,2024-08-18,Electronics,Canon EOS R50 Camera,1,66259.47,66259.47,Credit Card,3,Middle of the pack. Not disappointed but not impressed either.
P3162,13162,2024-05-10,Home Appliances,Ninja Foodi 10-in-1 XL,1,24831.49,24831.49,Credit Card,4,Excellent product that does the job well. Only minor complaints.
P3163,13163,2024-10-01,Home Appliances,Breville Smart Oven Air,3,40670.79,122012.37,Credit Card,5,Five stars! The best purchase I've made this year. Would highly recommend to everyone.
P3164,13164,2024-06-09,Home Appliances,Lodge Cast Iron Skillet,2,2444.61,4889.22,PayPal,5,Brilliant product! Works perfectly and is incredibly well-made. Worth every penny.
P3165,13165,2024-03-06,Sports,Theragun Prime Percussive Device,1,29604.42,29604.42,Debit Card,1,Terrible product. Broke almost immediately and the quality is shockingly bad.
P3166,13166,2024-10-27,Home Appliances,Vitamix 5200 Blender,1,45548.99,45548.99,Debit Card,5,Brilliant product! Works perfectly and is incredibly well-made. Worth every penny.
P3167,13167,2024-01-14,Sports,Nike Air Max 270,1,14823.64,14823.64,Credit Card,5,Life-changing product! I can't imagine going back to anything else now.
P3168,13168,2024-09-01,Electronics,Logitech C920x Webcam,5,7853.45,39267.25,Credit Card,5,Absolutely fantastic! The quality far surpasses what I expected at this price point.
P3169,13169,2024-03-05,Home Appliances,KitchenAid Pasta Roller,1,14481.17,14481.17,Debit Card,5,Life-changing product! I can't imagine going back to anything else now.
P3170,13170,2024-02-22,Home Appliances,Honeywell QuietClean Air Purifier,1,18761.40,18761.40,Credit Card,5,Life-changing product! I can't imagine going back to anything else now.
P3171,13171,2024-11-28,Electronics,GoPro HERO12 Black,1,44112.64,44112.64,Google Pay,5,Outstanding quality and fantastic value. I'm so happy with this purchase.
P3172,13172,2024-09-07,Clothing,Lululemon Align Leggings,2,9719.81,19439.62,Google Pay,5,Five stars! The best purchase I've made this year. Would highly recommend to everyone.
P3173,13173,2024-11-06,Clothing,H&M Hoodie,2,2453.27,4906.54,PayPal,3,Decent product for the price. Nothing to write home about but it works.
P3174,13174,2024-02-10,Home Appliances,Black+Decker 20V Cordless Drill,1,6905.45,6905.45,Credit Card,4,Works great and looks good too. Very pleased with this purchase overall.
P3175,13175,2024-11-06,Clothing,Ray-Ban Aviator Classic Sunglasses,2,15136.20,30272.40,Credit Card,5,Absolutely love this product! Exceeded all my expectations and the quality is outstanding.
P3176,13176,2024-11-19,Books,Demon Copperhead by Barbara Kingsolver,1,1360.13,1360.13,Apple Pay,3,"Mixed feelings about this. Some features are good, others could use improvement."
P3177,13177,2024-05-19,Sports,Yeti Rambler 26 oz Bottle,2,3956.61,7913.22,Credit Card,4,Really happy with this. Does exactly what it says and the quality is very good.
P3178,13178,2024-06-27,Electronics,Logitech MX Keys Keyboard,1,11669.78,11669.78,PayPal,0,A total failure. I had to throw it away after one use. Absolutely unacceptable.
P3179,13179,2024-06-11,Sports,JBL Endurance RUN Earphones,3,2948.29,8844.87,PayPal,0,Completely defective. The product doesn't function at all and feels like a toy.
P3180,13180,2024-11-28,Sports,Yoga Mat Pro,1,5114.59,5114.59,PayPal,5,Exceptional product that delivers exactly what it promises. Couldn't be happier!
P3181,13181,2024-07-12,Clothing,The North Face Aconcagua Jacket,1,20316.70,20316.70,Debit Card,5,Best in its category! I've tried competitors and nothing comes close to this.
P3182,13182,2024-11-09,Beauty Products,The Ordinary Niacinamide 10%,1,583.55,583.55,Credit Card,5,Absolutely fantastic! The quality far surpasses what I expected at this price point.
P3183,13183,2024-09-23,Beauty Products,Charlotte Tilbury Pillow Talk Lipstick,1,3417.21,3417.21,Credit Card,4,I'm impressed with the quality. Not perfect but definitely worth the investment.
P3184,13184,2024-11-05,Clothing,L.L.Bean Wicked Good Slippers,1,6137.64,6137.64,PayPal,4,Very satisfied customer. The product is well-designed and performs reliably.
P3185,13185,2024-03-04,Books,The Alchemist by Paulo Coelho,1,871.67,871.67,Apple Pay,2,Doesn't live up to the hype. Overpriced for what you actually get.
P3186,13186,2024-12-24,Sports,Yeti Rambler 20 oz Tumbler,4,3453.14,13812.56,Credit Card,1,One of the worst purchases I've made. Cheap materials and poor craftsmanship.
P3187,13187,2024-06-11,Sports,Barbell Weight Set,2,29444.95,58889.90,Credit Card,5,Five stars! The best purchase I've made this year. Would highly recommend to everyone.
P3188,13188,2024-06-18,Home Appliances,Keurig K-Elite Coffee Maker,1,12877.08,12877.08,Credit Card,4,Excellent product that does the job well. Only minor complaints.
P3189,13189,2024-11-03,Beauty Products,Glow Recipe Watermelon Glow,1,3463.31,3463.31,Google Pay,5,Incredible value for the price. The build quality is superb and it works flawlessly.
P3190,13190,2024-12-17,Clothing,Levi's 501 Jeans,2,6817.37,13634.74,Credit Card,5,Outstanding quality and fantastic value. I'm so happy with this purchase.
P3191,13191,2024-07-13,Electronics,JBL Flip 6 Speaker,1,12641.52,12641.52,Credit Card,1,One of the worst purchases I've made. Cheap materials and poor craftsmanship.
P3192,13192,2024-08-14,Sports,Nike Metcon 8,5,13304.75,66523.75,Credit Card,4,Great product with excellent features. Just a few small things keep it from being perfect.
P3193,13193,2024-06-09,Clothing,Adidas Ultraboost Light,1,19443.43,19443.43,Credit Card,4,Really happy with this. Does exactly what it says and the quality is very good.
P3194,13194,2024-09-10,Beauty Products,IT Cosmetics CC+ Cream,1,4343.46,4343.46,Credit Card,2,Not satisfied with this purchase. The quality is noticeably lacking.
P3195,13195,2024-12-21,Home Appliances,GE Profile Opal Ice Maker,1,55567.14,55567.14,Debit Card,3,"Mixed feelings about this. Some features are good, others could use improvement."
P3196,13196,2024-12-07,Electronics,Dyson Airwrap Multi-Styler,1,60791.50,60791.50,Credit Card,2,Not satisfied with this purchase. The quality is noticeably lacking.
P3197,13197,2024-09-10,Electronics,Samsung Galaxy S23,1,81437.24,81437.24,Credit Card,4,Solid quality and reliable performance. I'm satisfied with this purchase and would recommend it.
P3198,13198,2024-12-04,Home Appliances,T-fal Non-Stick Frying Pan,2,2520.26,5040.52,PayPal,3,"Adequate for basic use. If you need something simple, this works fine."
P3199,13199,2024-07-20,Beauty Products,Charlotte Tilbury Flawless Filter,1,4435.37,4435.37,PayPal,3,Middle of the pack. Not disappointed but not impressed either.
P3200,13200,2024-04-11,Clothing,The North Face Aconcagua Jacket,2,19342.24,38684.48,PayPal,5,Top-notch quality and performance. This has become an essential part of my daily life.
P3201,13201,2024-11-19,Electronics,Microsoft Surface Pro 9,1,117615.47,117615.47,Credit Card,4,Good value for money. The product is well-made and serves its purpose perfectly.
P3202,13202,2024-11-02,Electronics,Fujifilm Instax Mini 12,1,7369.39,7369.39,Credit Card,5,Incredible value for the price. The build quality is superb and it works flawlessly.
P3203,13203,2024-11-22,Clothing,Adidas Ultraboost,5,17745.66,88728.30,Debit Card,5,Life-changing product! I can't imagine going back to anything else now.
P3204,13204,2024-08-23,Clothing,Ray-Ban Aviator Classic Sunglasses,1,14800.61,14800.61,Debit Card,2,Mediocre at best. I would not buy this again or recommend it to anyone.
P3205,13205,2024-09-02,Electronics,Kindle Paperwhite Signature,5,19363.48,96817.40,Debit Card,5,Absolutely love this product! Exceeded all my expectations and the quality is outstanding.
P3206,13206,2024-12-19,Electronics,PlayStation 5 Console,3,48545.40,145636.20,Credit Card,3,Works as described but nothing special. Fair value for what you pay.
P3207,13207,2024-12-02,Home Appliances,Cuisinart Air Fryer Toaster Oven,1,18255.27,18255.27,PayPal,2,Below average. Several issues that make it hard to recommend to others.
P3208,13208,2024-06-18,Electronics,iPad Air,2,68106.45,136212.90,Credit Card,4,Really happy with this. Does exactly what it says and the quality is very good.
P3209,13209,2024-05-04,Clothing,Nike Air Force 1 Sneakers,1,12274.39,12274.39,Debit Card,5,Exceptional product that delivers exactly what it promises. Couldn't be happier!
P3210,13210,2024-12-02,Clothing,Adidas Samba OG,1,9735.07,9735.07,Credit Card,3,"Adequate for basic use. If you need something simple, this works fine."
P3211,13211,2024-12-04,Sports,Nike Yoga Mat,3,6349.01,19047.03,Debit Card,5,Absolutely fantastic! The quality far surpasses what I expected at this price point.
P3212,13212,2024-06-03,Books,Circe by Madeline Miller,3,1258.95,3776.85,Debit Card,2,Below average. Several issues that make it hard to recommend to others.
P3213,13213,2024-04-05,Electronics,Anker 733 Power Bank,2,9786.81,19573.62,Credit Card,0,Do not waste your money. This is the worst product I have ever purchased.
P3214,13214,2024-12-22,Electronics,iPhone 14 Pro,1,133273.65,133273.65,Google Pay,2,Below average. Several issues that make it hard to recommend to others.
P3215,13215,2024-05-04,Home Appliances,KitchenAid 5-Speed Blender,3,7970.53,23911.59,Credit Card,5,Best in its category! I've tried competitors and nothing comes close to this.
P3216,13216,2024-12-03,Clothing,Patagonia Nano Puff Jacket,5,22867.62,114338.10,Google Pay,5,Incredible value for the price. The build quality is superb and it works flawlessly.
P3217,13217,2024-05-14,Home Appliances,Weber Spirit II E-310 Gas Grill,2,54039.75,108079.50,Debit Card,5,Best in its category! I've tried competitors and nothing comes close to this.
P3218,13218,2024-05-04,Books,The Thursday Murder Club by Richard Osman,1,1296.01,1296.01,Credit Card,5,Brilliant product! Works perfectly and is incredibly well-made. Worth every penny.
P3219,13219,2024-02-10,Electronics,Sony WH-1000XM4 Headphones,1,34350.26,34350.26,Debit Card,5,Absolutely love this product! Exceeded all my expectations and the quality is outstanding.
P3220,13220,2024-06-22,Beauty Products,CeraVe Hydrating Facial Cleanser,5,1461.89,7309.45,Debit Card,4,Good value for money. The product is well-made and serves its purpose perfectly.
P3221,13221,2024-11-11,Home Appliances,Ember Temperature Control Mug,5,14609.90,73049.50,Apple Pay,3,Average quality. Meets basic expectations but doesn't stand out from competitors.
P3222,13222,2024-01-21,Books,Spare by Prince Harry,1,1813.70,1813.70,Debit Card,1,Returned this immediately. The product was defective and poorly made.
P3223,13223,2024-09-20,Clothing,Vuori Ponto Performance Pant,1,8609.11,8609.11,Debit Card,4,Very satisfied customer. The product is well-designed and performs reliably.
P3224,13224,2024-05-19,Clothing,The North Face Recon Backpack,5,9621.19,48105.95,Debit Card,4,I'm impressed with the quality. Not perfect but definitely worth the investment.
P3225,13225,2024-07-12,Beauty Products,La Roche-Posay Cicaplast Baume,1,1676.22,1676.22,Google Pay,5,Brilliant product! Works perfectly and is incredibly well-made. Worth every penny.
P3226,13226,2024-12-06,Beauty Products,Glossier Cloud Paint,2,1940.62,3881.24,PayPal,4,Great product with excellent features. Just a few small things keep it from being perfect.
P3227,13227,2024-11-12,Beauty Products,Drunk Elephant T.L.C. Framboos,1,8860.00,8860.00,Credit Card,4,Very good product overall. Works well and meets my expectations. Minor improvements possible.
P3228,13228,2024-02-28,Clothing,Vuori Performance Joggers,1,8653.47,8653.47,PayPal,4,Works great and looks good too. Very pleased with this purchase overall.
P3229,13229,2024-12-09,Electronics,Apple Watch Ultra 2,3,79957.29,239871.87,Debit Card,1,Terrible product. Broke almost immediately and the quality is shockingly bad.
P3230,13230,2024-12-27,Beauty Products,Olaplex No. 3 Hair Perfector,1,2806.66,2806.66,Credit Card,0,Worst purchase ever. Nothing about this product works as described. Total scam.
P3231,13231,2024-08-18,Home Appliances,Breville Barista Express,1,69512.66,69512.66,Credit Card,4,Solid quality and reliable performance. I'm satisfied with this purchase and would recommend it.
P3232,13232,2024-02-28,Home Appliances,LG Smart Front Load Washer,1,83080.55,83080.55,PayPal,5,Absolutely fantastic! The quality far surpasses what I expected at this price point.
P3233,13233,2024-03-01,Sports,Under Armour HOVR Sonic 5,1,10875.75,10875.75,PayPal,4,I'm impressed with the quality. Not perfect but definitely worth the investment.
P3234,13234,2024-12-19,Books,Atomic Habits by James Clear,1,1173.79,1173.79,Credit Card,3,Middle of the pack. Not disappointed but not impressed either.
P3235,13235,2024-04-20,Home Appliances,iRobot Roomba j7+,1,61301.33,61301.33,Debit Card,3,"Mixed feelings about this. Some features are good, others could use improvement."
P3236,13236,2024-06-01,Books,The Midnight Library by Matt Haig,1,1377.56,1377.56,Apple Pay,1,Very disappointed. The item arrived damaged and customer service was unhelpful.
P3237,13237,2024-11-17,Home Appliances,KitchenAid 5-Speed Blender,4,7753.97,31015.88,PayPal,5,Top-notch quality and performance. This has become an essential part of my daily life.
P3238,13238,2024-12-18,Electronics,Apple Watch Ultra 2,2,79729.15,159458.30,Credit Card,5,Absolutely fantastic! The quality far surpasses what I expected at this price point.
P3239,13239,2024-01-03,Electronics,Dell XPS 13 Laptop,4,97516.35,390065.40,Credit Card,1,Extremely dissatisfied. The product stopped working within the first week.
P3240,13240,2024-04-03,Books,The Invisible Life of Addie LaRue by V.E. Schwab,4,967.80,3871.20,Google Pay,2,Below average. Several issues that make it hard to recommend to others.
P3241,13241,2024-12-09,Clothing,Steve Madden Troopa Boots,1,8941.45,8941.45,Apple Pay,5,Brilliant product! Works perfectly and is incredibly well-made. Worth every penny.
P3242,13242,2024-08-06,Electronics,Xbox Series X,2,50421.36,100842.72,Credit Card,5,Incredible value for the price. The build quality is superb and it works flawlessly.
P3243,13243,2024-04-12,Sports,Peloton Bike+,5,250386.90,1251934.50,Credit Card,3,"Mixed feelings about this. Some features are good, others could use improvement."
P3244,13244,2024-07-19,Home Appliances,iRobot Roomba j7+,2,58452.86,116905.72,Credit Card,3,It's fine. Does what it's supposed to do without any standout features.
P3245,13245,2024-04-08,Beauty Products,Drunk Elephant Protini Polypeptide Cream,2,6591.90,13183.80,Debit Card,4,I'm impressed with the quality. Not perfect but definitely worth the investment.
P3246,13246,2024-12-26,Books,The Woman in Me by Britney Spears,2,1670.33,3340.66,Credit Card,4,Good value for money. The product is well-made and serves its purpose perfectly.
P3247,13247,2024-03-24,Electronics,iPhone 15 Pro Max,3,159980.17,479940.51,PayPal,4,Very good product overall. Works well and meets my expectations. Minor improvements possible.
P3248,13248,2024-10-12,Home Appliances,Ninja Air Fryer XL,1,15169.10,15169.10,PayPal,5,Five stars! The best purchase I've made this year. Would highly recommend to everyone.
P3249,13249,2024-11-13,Books,A Gentleman in Moscow by Amor Towles,1,1023.81,1023.81,Apple Pay,3,Decent product for the price. Nothing to write home about but it works.
P3250,13250,2024-07-02,Electronics,PlayStation 5 Console,1,48833.84,48833.84,PayPal,5,Outstanding quality and fantastic value. I'm so happy with this purchase.
P3251,13251,2024-07-18,Electronics,Google Nest Hub,1,10136.96,10136.96,Credit Card,5,Outstanding quality and fantastic value. I'm so happy with this purchase.
P3252,13252,2024-10-17,Clothing,Aritzia Super Puff Shorty,1,25232.99,25232.99,Credit Card,4,Very satisfied customer. The product is well-designed and performs reliably.
P3253,13253,2024-12-10,Clothing,Champion Reverse Weave Hoodie,1,6606.81,6606.81,Apple Pay,2,Not worth the money. The product feels cheap and doesn't perform as advertised.
P3254,13254,2024-05-26,Electronics,Samsung Galaxy S24 Ultra,1,131266.38,131266.38,Credit Card,3,"It does the job adequately. Not great, not terrible, just middle of the road."
P3255,13255,2024-03-10,Sports,Manduka PRO Yoga Mat,1,11565.78,11565.78,Debit Card,4,Great product with excellent features. Just a few small things keep it from being perfect.
P3256,13256,2024-05-24,Books,A Gentleman in Moscow by Amor Towles,1,1067.60,1067.60,PayPal,4,I'm impressed with the quality. Not perfect but definitely worth the investment.
P3257,13257,2024-08-11,Beauty Products,Heritage Store Rosewater Facial Spray,1,1017.13,1017.13,Credit Card,4,High quality and durable. Would buy again without hesitation.
P3258,13258,2024-09-13,Electronics,Google Pixel 8 Pro,1,97889.27,97889.27,Apple Pay,5,Outstanding quality and fantastic value. I'm so happy with this purchase.
P3259,13259,2024-04-05,Books,The Alchemist by Paulo Coelho,2,878.85,1757.70,PayPal,1,Complete waste of money. The product doesn't work as advertised at all.
P3260,13260,2024-05-18,Home Appliances,Vitamix Immersion Blender,1,9737.46,9737.46,Credit Card,5,Brilliant product! Works perfectly and is incredibly well-made. Worth every penny.
P3261,13261,2024-09-13,Home Appliances,Hamilton Beach 2-Slice Toaster,4,3024.11,12096.44,Credit Card,5,Brilliant product! Works perfectly and is incredibly well-made. Worth every penny.
P3262,13262,2024-02-10,Home Appliances,Zojirushi Neuro Fuzzy Rice Cooker,2,25391.86,50783.72,Credit Card,5,Incredible value for the price. The build quality is superb and it works flawlessly.
P3263,13263,2024-07-25,Home Appliances,Honeywell QuietClean Air Purifier,4,18740.31,74961.24,Credit Card,4,Works great and looks good too. Very pleased with this purchase overall.
P3264,13264,2024-06-07,Beauty Products,Anastasia Beverly Hills Brow Wiz,3,2335.92,7007.76,PayPal,5,Brilliant product! Works perfectly and is incredibly well-made. Worth every penny.
P3265,13265,2024-11-25,Electronics,iPad Air,5,68310.94,341554.70,Credit Card,4,Excellent product that does the job well. Only minor complaints.
P3266,13266,2024-01-18,Books,The Covenant of Water by Abraham Verghese,1,1654.63,1654.63,PayPal,5,Life-changing product! I can't imagine going back to anything else now.
P3267,13267,2024-01-19,Clothing,Canada Goose Expedition Parka,2,147306.55,294613.10,Credit Card,5,Life-changing product! I can't imagine going back to anything else now.
P3268,13268,2024-08-20,Electronics,JBL Charge 5 Speaker,1,18056.94,18056.94,PayPal,3,Decent product for the price. Nothing to write home about but it works.
P3269,13269,2024-07-13,Home Appliances,Nespresso Vertuo Next,1,15747.85,15747.85,Credit Card,3,Average quality. Meets basic expectations but doesn't stand out from competitors.
P3270,13270,2024-08-12,Books,Fourth Wing by Rebecca Yarros,5,1275.22,6376.10,Apple Pay,4,Very satisfied customer. The product is well-designed and performs reliably.
P3271,13271,2024-11-05,Clothing,Lululemon Align Leggings,1,9972.83,9972.83,Debit Card,3,"Mixed feelings about this. Some features are good, others could use improvement."
P3272,13272,2024-03-08,Electronics,PlayStation 5 Console,5,50351.76,251758.80,Apple Pay,4,Excellent product that does the job well. Only minor complaints.
P3273,13273,2024-11-10,Books,A Gentleman in Moscow by Amor Towles,1,1036.32,1036.32,Credit Card,2,Mediocre at best. I would not buy this again or recommend it to anyone.
P3274,13274,2024-01-24,Home Appliances,Shark Navigator Lift-Away Vacuum,2,23511.40,47022.80,Debit Card,5,Life-changing product! I can't imagine going back to anything else now.
P3275,13275,2024-10-04,Electronics,Fujifilm Instax Mini 12,2,7703.03,15406.06,PayPal,0,A total failure. I had to throw it away after one use. Absolutely unacceptable.
P3276,13276,2024-05-12,Home Appliances,Honeywell QuietClean Air Purifier,2,19067.95,38135.90,PayPal,5,Absolutely love this product! Exceeded all my expectations and the quality is outstanding.
P3277,13277,2024-11-06,Sports,Yeti Hopper M30 Soft Cooler,1,35410.50,35410.50,Debit Card,4,Very good product overall. Works well and meets my expectations. Minor improvements possible.
P3278,13278,2024-06-03,Electronics,JBL Flip 6 Speaker,1,12703.33,12703.33,Debit Card,4,Excellent product that does the job well. Only minor complaints.
P3279,13279,2024-10-15,Electronics,Dell XPS 13 Laptop,1,101853.48,101853.48,PayPal,5,Outstanding quality and fantastic value. I'm so happy with this purchase.
P3280,13280,2024-03-07,Sports,Nike Yoga Mat,1,6136.42,6136.42,PayPal,5,Brilliant product! Works perfectly and is incredibly well-made. Worth every penny.
P3281,13281,2024-06-21,Sports,Gaiam Yoga Block,2,1099.62,2199.24,Debit Card,4,High quality and durable. Would buy again without hesitation.
P3282,13282,2024-02-10,Home Appliances,Cuisinart Air Fryer Toaster Oven,2,17569.81,35139.62,Credit Card,5,Outstanding quality and fantastic value. I'm so happy with this purchase.
P3283,13283,2024-07-11,Clothing,H&M Linen Blend Shirt,2,2996.79,5993.58,PayPal,1,Complete waste of money. The product doesn't work as advertised at all.
P3284,13284,2024-04-09,Beauty Products,Tatcha The Water Cream,1,6854.66,6854.66,Google Pay,2,Doesn't live up to the hype. Overpriced for what you actually get.
P3285,13285,2024-09-05,Sports,Nike Air Max 270,3,15021.81,45065.43,Credit Card,5,Absolutely fantastic! The quality far surpasses what I expected at this price point.
P3286,13286,2024-04-22,Sports,Peloton Bike+,1,250549.77,250549.77,Debit Card,1,Frustrating experience from start to finish. The product simply doesn't work.
P3287,13287,2024-03-04,Electronics,Anker 733 Power Bank,3,9999.38,29998.14,Credit Card,2,Subpar performance and build quality. I've had much better products in this category.
P3288,13288,2024-03-14,Beauty Products,The Ordinary Niacinamide 10%,1,587.56,587.56,Credit Card,1,Extremely dissatisfied. The product stopped working within the first week.
P3289,13289,2024-01-05,Sports,Adidas Copa Sense Soccer Ball,1,5417.42,5417.42,Debit Card,5,Outstanding quality and fantastic value. I'm so happy with this purchase.
P3290,13290,2024-08-27,Books,A Court of Thorns and Roses by Sarah J. Maas,2,1176.72,2353.44,PayPal,4,Works great and looks good too. Very pleased with this purchase overall.
P3291,13291,2024-04-15,Sports,Yoga Mat Pro,1,4967.80,4967.80,PayPal,5,Life-changing product! I can't imagine going back to anything else now.
P3292,13292,2024-05-12,Home Appliances,Shark Robot Vacuum RV1001AE,1,29732.79,29732.79,PayPal,5,Incredible value for the price. The build quality is superb and it works flawlessly.
P3293,13293,2024-09-19,Beauty Products,Laneige Lip Sleeping Mask,1,2194.45,2194.45,Debit Card,2,Not worth the money. The product feels cheap and doesn't perform as advertised.
P3294,13294,2024-11-02,Beauty Products,Dior Addict Lip Glow,3,3542.50,10627.50,PayPal,3,Works as described but nothing special. Fair value for what you pay.
P3295,13295,2024-09-08,Books,The Silent Patient by Alex Michaelides,2,996.77,1993.54,Credit Card,2,Regret this purchase. The quality doesn't match the price tag at all.
P3296,13296,2024-10-09,Home Appliances,Vitamix 5200 Blender,1,45103.47,45103.47,Credit Card,4,I'm impressed with the quality. Not perfect but definitely worth the investment.
P3297,13297,2024-12-06,Home Appliances,Keurig K-Elite Coffee Maker,3,12739.56,38218.68,Apple Pay,4,Very good product overall. Works well and meets my expectations. Minor improvements possible.
P3298,13298,2024-05-12,Sports,Spalding TF-1000 Basketball,2,6475.84,12951.68,PayPal,5,Absolutely fantastic! The quality far surpasses what I expected at this price point.
P3299,13299,2024-05-21,Electronics,Bose QuietComfort Earbuds II,1,29368.28,29368.28,Credit Card,4,Solid quality and reliable performance. I'm satisfied with this purchase and would recommend it.
P3300,13300,2024-05-18,Home Appliances,Breville Smart Oven Air,3,39165.20,117495.60,PayPal,3,"Adequate for basic use. If you need something simple, this works fine."
P3301,13301,2024-10-09,Books,Where the Crawdads Sing by Delia Owens,1,1117.63,1117.63,Apple Pay,4,High quality and durable. Would buy again without hesitation.
P3302,13302,2024-01-07,Beauty Products,Charlotte Tilbury Pillow Talk Lipstick,2,3424.76,6849.52,Google Pay,4,Very good product overall. Works well and meets my expectations. Minor improvements possible.
P3303,13303,2024-02-05,Home Appliances,Cuisinart Air Fryer Toaster Oven,1,18382.39,18382.39,Credit Card,1,Frustrating experience from start to finish. The product simply doesn't work.
P3304,13304,2024-05-09,Home Appliances,Ninja Foodi 8-in-1 Pressure Cooker,1,19605.23,19605.23,Google Pay,5,Outstanding quality and fantastic value. I'm so happy with this purchase.
P3305,13305,2024-07-15,Books,Britt-Marie Was Here by Fredrik Backman,1,1058.09,1058.09,PayPal,1,Frustrating experience from start to finish. The product simply doesn't work.
P3306,13306,2024-09-16,Electronics,Xbox Series X,2,49544.28,99088.56,Debit Card,3,"It does the job adequately. Not great, not terrible, just middle of the road."
P3307,13307,2024-09-10,Beauty Products,Paula's Choice 2% BHA Exfoliant,4,3209.02,12836.08,Credit Card,4,I'm impressed with the quality. Not perfect but definitely worth the investment.
P3308,13308,2024-12-09,Sports,Apple Watch Series 9,2,40773.72,81547.44,Credit Card,5,Life-changing product! I can't imagine going back to anything else now.
P3309,13309,2024-06-28,Electronics,Logitech MX Keys Keyboard,4,12207.40,48829.60,Debit Card,5,Absolutely love this product! Exceeded all my expectations and the quality is outstanding.
P3310,13310,2024-02-11,Clothing,Columbia Newton Ridge Hiking Boots,1,8976.62,8976.62,Google Pay,3,It's an okay product. Does the basics but nothing extraordinary. Decent for the price.
P3311,13311,2024-08-02,Clothing,Patagonia Baggies Shorts,5,4968.72,24843.60,Credit Card,3,It's an okay product. Does the basics but nothing extraordinary. Decent for the price.
P3312,13312,2024-05-21,Electronics,Amazon Echo Show 8,1,14507.92,14507.92,Credit Card,5,Incredible value for the price. The build quality is superb and it works flawlessly.
P3313,13313,2024-06-17,Books,"Thinking, Fast and Slow by Daniel Kahneman",1,1955.80,1955.80,Debit Card,5,Five stars! The best purchase I've made this year. Would highly recommend to everyone.
P3314,13314,2024-05-21,Clothing,Patagonia Retro-X Fleece,1,17854.98,17854.98,Debit Card,4,Really happy with this. Does exactly what it says and the quality is very good.
P3315,13315,2024-01-21,Electronics,Samsung Galaxy S22,1,70785.97,70785.97,Debit Card,4,High quality and durable. Would buy again without hesitation.
P3316,13316,2024-02-27,Beauty Products,Kosas Revealer Concealer,1,2712.34,2712.34,Credit Card,5,Best in its category! I've tried competitors and nothing comes close to this.
P3317,13317,2024-11-22,Electronics,Samsung 55 The Frame TV,1,150856.15,150856.15,Google Pay,3,"Mixed feelings about this. Some features are good, others could use improvement."
P3318,13318,2024-08-04,Beauty Products,Tatcha The Water Cream,1,6735.33,6735.33,PayPal,4,Excellent product that does the job well. Only minor complaints.
P3319,13319,2024-12-04,Electronics,Xbox Series X,2,49810.25,99620.50,PayPal,4,Very satisfied customer. The product is well-designed and performs reliably.
P3320,13320,2024-11-17,Clothing,Nike Dunk Low,2,10765.69,21531.38,Debit Card,4,Very good product overall. Works well and meets my expectations. Minor improvements possible.
P3321,13321,2024-10-28,Electronics,Microsoft Surface Pro 9,1,119024.47,119024.47,Credit Card,5,Exceptional product that delivers exactly what it promises. Couldn't be happier!
P3322,13322,2024-06-18,Electronics,Amazon Echo Show 8,2,14830.25,29660.50,Apple Pay,3,Middle of the pack. Not disappointed but not impressed either.
P3323,13323,2024-06-12,Clothing,Canada Goose Expedition Parka,5,150606.05,753030.25,Credit Card,2,The product has issues that shouldn't exist at this price point. Very underwhelming.
P3324,13324,2024-03-06,Beauty Products,La Mer Creme de la Mer,1,18004.80,18004.80,Apple Pay,1,Returned this immediately. The product was defective and poorly made.
P3325,13325,2024-05-02,Electronics,Amazon Echo Show 8,2,14935.25,29870.50,Credit Card,1,Do not buy this. The quality is abysmal and it doesn't deliver on any promises.
P3326,13326,2024-08-20,Clothing,Adidas Ultraboost Light,1,19325.22,19325.22,Credit Card,5,Absolutely fantastic! The quality far surpasses what I expected at this price point.
P3327,13327,2024-05-06,Beauty Products,Summer Fridays Lip Butter Balm,1,2426.42,2426.42,PayPal,4,Really happy with this. Does exactly what it says and the quality is very good.
P3328,13328,2024-04-03,Books,The Seven Year Slip by Ashley Poston,3,1103.74,3311.22,PayPal,5,Absolutely fantastic! The quality far surpasses what I expected at this price point.
P3329,13329,2024-06-10,Beauty Products,NARS Radiant Creamy Concealer,1,3139.96,3139.96,Google Pay,4,Really happy with this. Does exactly what it says and the quality is very good.
P3330,13330,2024-12-01,Sports,Under Armour HOVR Sonic 5,4,11269.49,45077.96,PayPal,1,Terrible product. Broke almost immediately and the quality is shockingly bad.
P3331,13331,2024-10-25,Clothing,Uniqlo Ultra Light Down Jacket,2,8093.08,16186.16,PayPal,0,The worst product I've ever owned. Nothing works and the quality is nonexistent.
P3332,13332,2024-07-24,Home Appliances,iRobot Roomba j7+,1,60834.28,60834.28,Credit Card,5,Brilliant product! Works perfectly and is incredibly well-made. Worth every penny.
P3333,13333,2024-10-16,Sports,Hyperice Venom 2 Back Massager,4,19539.91,78159.64,Credit Card,5,Best in its category! I've tried competitors and nothing comes close to this.
P3334,13334,2024-12-05,Electronics,Kindle Paperwhite Signature,1,18493.52,18493.52,Credit Card,5,Exceptional product that delivers exactly what it promises. Couldn't be happier!
P3335,13335,2024-10-16,Clothing,Patagonia Baggies Shorts,4,5036.51,20146.04,Debit Card,3,It's fine. Does what it's supposed to do without any standout features.
P3336,13336,2024-12-23,Beauty Products,Glossier Boy Brow,5,1746.39,8731.95,Credit Card,2,Doesn't live up to the hype. Overpriced for what you actually get.
P3337,13337,2024-12-22,Beauty Products,Anastasia Beverly Hills Brow Wiz,1,2271.42,2271.42,Credit Card,4,Works great and looks good too. Very pleased with this purchase overall.
P3338,13338,2024-06-15,Beauty Products,Charlotte Tilbury Pillow Talk Lipstick,1,3411.82,3411.82,PayPal,4,Really happy with this. Does exactly what it says and the quality is very good.
P3339,13339,2024-03-25,Clothing,Allbirds Tree Runners,1,9565.55,9565.55,Debit Card,5,Exceptional product that delivers exactly what it promises. Couldn't be happier!
P3340,13340,2024-12-22,Books,The Thursday Murder Club by Richard Osman,2,1279.51,2559.02,Apple Pay,3,Works as described but nothing special. Fair value for what you pay.
P3341,13341,2024-02-03,Electronics,GoPro HERO12 Black,3,44210.01,132630.03,Credit Card,3,It's fine. Does what it's supposed to do without any standout features.
P3342,13342,2024-01-23,Clothing,Spanx Perfect Black Pant,1,9649.03,9649.03,Credit Card,2,Subpar performance and build quality. I've had much better products in this category.
P3343,13343,2024-08-21,Electronics,Dyson V11 Vacuum,1,51231.38,51231.38,Credit Card,3,Average quality. Meets basic expectations but doesn't stand out from competitors.
P3344,13344,2024-01-13,Home Appliances,Cuisinart Air Fryer Toaster Oven,1,17396.00,17396.00,Credit Card,5,Top-notch quality and performance. This has become an essential part of my daily life.
P3345,13345,2024-09-23,Clothing,Adidas Ultraboost Light,2,19290.88,38581.76,Debit Card,4,Excellent product that does the job well. Only minor complaints.
P3346,13346,2024-12-07,Clothing,The North Face Aconcagua Jacket,1,19909.07,19909.07,Credit Card,5,Five stars! The best purchase I've made this year. Would highly recommend to everyone.
P3347,13347,2024-09-04,Clothing,Spanx Perfect Black Pant,2,9783.53,19567.06,Debit Card,2,Doesn't live up to the hype. Overpriced for what you actually get.
P3348,13348,2024-04-23,Sports,Hyperice Venom 2 Back Massager,4,20479.03,81916.12,PayPal,2,Poor experience overall. The product has multiple flaws that affect usability.
P3349,13349,2024-11-01,Clothing,Adidas Ultraboost Light,1,19461.23,19461.23,Apple Pay,3,Acceptable quality but there's room for improvement. I've seen better and worse.
P3350,13350,2024-07-05,Sports,Fitbit Charge 5,1,14893.63,14893.63,Debit Card,5,Life-changing product! I can't imagine going back to anything else now.
P3351,13351,2024-12-24,Sports,Bowflex SelectTech 552 Dumbbells,2,42359.71,84719.42,Credit Card,2,Not worth the money. The product feels cheap and doesn't perform as advertised.
P3352,13352,2024-01-13,Electronics,Bose QuietComfort 45 Headphones,1,33228.75,33228.75,PayPal,2,Subpar performance and build quality. I've had much better products in this category.
P3353,13353,2024-02-01,Sports,Patagonia Black Hole Duffel 40L,3,13716.36,41149.08,PayPal,4,Solid quality and reliable performance. I'm satisfied with this purchase and would recommend it.
P3354,13354,2024-06-21,Clothing,Nike Dunk Low,2,11239.98,22479.96,Credit Card,0,Completely defective. The product doesn't function at all and feels like a toy.
P3355,13355,2024-12-28,Clothing,Patagonia Retro-X Fleece,1,18128.51,18128.51,Credit Card,2,Below average. Several issues that make it hard to recommend to others.
P3356,13356,2024-12-02,Electronics,Apple Watch Series 9,2,41966.18,83932.36,Credit Card,4,Solid quality and reliable performance. I'm satisfied with this purchase and would recommend it.
P3357,13357,2024-09-17,Electronics,Dyson V11 Vacuum,2,50826.77,101653.54,Credit Card,2,The product has issues that shouldn't exist at this price point. Very underwhelming.
P3358,13358,2024-12-06,Sports,TRX All-in-One Suspension Kit,2,15393.25,30786.50,Debit Card,3,"It does the job adequately. Not great, not terrible, just middle of the road."
P3359,13359,2024-01-18,Home Appliances,T-fal Non-Stick Frying Pan,2,2422.86,4845.72,Credit Card,5,Exceptional product that delivers exactly what it promises. Couldn't be happier!
P3360,13360,2024-10-21,Beauty Products,Clinique Moisture Surge,1,4086.55,4086.55,PayPal,4,Excellent product that does the job well. Only minor complaints.
P3361,13361,2024-12-01,Sports,Manduka PRO Yoga Mat,3,11601.80,34805.40,PayPal,3,Acceptable quality but there's room for improvement. I've seen better and worse.
P3362,13362,2024-08-12,Books,To Kill a Mockingbird by Harper Lee,3,1320.51,3961.53,Credit Card,2,Disappointing quality for the price. Expected much better based on the description.
P3363,13363,2024-12-23,Clothing,The North Face Aconcagua Jacket,1,20291.88,20291.88,Debit Card,5,Top-notch quality and performance. This has become an essential part of my daily life.
P3364,13364,2024-10-07,Clothing,H&M Linen Blend Shirt,1,3010.25,3010.25,Apple Pay,1,I regret buying this. It's of very low quality and not worth even a fraction of the price.
P3365,13365,2024-07-17,Clothing,L.L.Bean Wicked Good Slippers,5,5844.32,29221.60,Credit Card,0,Do not waste your money. This is the worst product I have ever purchased.
P3366,13366,2024-03-14,Clothing,Lululemon Wunder Train Leggings,1,9746.02,9746.02,Debit Card,3,Average quality. Meets basic expectations but doesn't stand out from competitors.
P3367,13367,2024-06-16,Beauty Products,NARS Radiant Creamy Concealer,1,3260.20,3260.20,Google Pay,4,Works great and looks good too. Very pleased with this purchase overall.
P3368,13368,2024-12-05,Sports,On Cloud 5,1,14374.61,14374.61,PayPal,1,Do not buy this. The quality is abysmal and it doesn't deliver on any promises.
P3369,13369,2024-08-22,Books,The Covenant of Water by Abraham Verghese,1,1713.19,1713.19,PayPal,1,Very disappointed. The item arrived damaged and customer service was unhelpful.
P3370,13370,2024-07-13,Home Appliances,Simplehuman Dish Rack,2,8731.30,17462.60,PayPal,4,Excellent product that does the job well. Only minor complaints.
P3371,13371,2024-11-17,Electronics,Samsung Galaxy S23,2,80800.25,161600.50,Apple Pay,3,Average quality. Meets basic expectations but doesn't stand out from competitors.
P3372,13372,2024-12-27,Books,The Song of Achilles by Madeline Miller,1,1193.59,1193.59,Credit Card,3,Middle of the pack. Not disappointed but not impressed either.
P3373,13373,2024-12-01,Beauty Products,Summer Fridays Jet Lag Mask,1,2804.02,2804.02,Debit Card,4,Solid quality and reliable performance. I'm satisfied with this purchase and would recommend it.
P3374,13374,2024-03-11,Beauty Products,Fresh Sugar Lip Treatment,1,2340.14,2340.14,Debit Card,0,The worst product I've ever owned. Nothing works and the quality is nonexistent.
P3375,13375,2024-06-01,Sports,Yeti Rambler 26 oz Bottle,3,4088.67,12266.01,Debit Card,0,Stay away from this product. It's a complete rip-off and doesn't work at all.
P3376,13376,2024-01-01,Electronics,Kindle Paperwhite Signature,4,19400.31,77601.24,Credit Card,5,Best in its category! I've tried competitors and nothing comes close to this.
P3377,13377,2024-02-25,Beauty Products,La Mer Creme de la Mer,1,18456.79,18456.79,Credit Card,4,Great product with excellent features. Just a few small things keep it from being perfect.
P3378,13378,2024-09-28,Books,Lessons in Chemistry by Bonnie Garmus,3,1377.57,4132.71,Debit Card,4,High quality and durable. Would buy again without hesitation.
P3379,13379,2024-02-04,Books,The Great Gatsby by F. Scott Fitzgerald,1,962.64,962.64,Debit Card,2,Disappointing quality for the price. Expected much better based on the description.
P3380,13380,2024-10-06,Clothing,Birkenstock Arizona Sandals,1,10021.18,10021.18,PayPal,4,High quality and durable. Would buy again without hesitation.
P3381,13381,2024-09-16,Books,Pachinko by Min Jin Lee,2,1276.64,2553.28,Credit Card,3,Works as described but nothing special. Fair value for what you pay.
P3382,13382,2024-09-01,Home Appliances,Instant Pot Duo 7-in-1,1,10216.09,10216.09,Debit Card,3,Average quality. Meets basic expectations but doesn't stand out from competitors.
P3383,13383,2024-10-13,Electronics,Samsung Galaxy Tab S9,1,78322.37,78322.37,Credit Card,4,Very satisfied customer. The product is well-designed and performs reliably.
P3384,13384,2024-05-06,Home Appliances,LG Smart Front Load Washer,1,83315.93,83315.93,Credit Card,5,Five stars! The best purchase I've made this year. Would highly recommend to everyone.
P3385,13385,2024-09-01,Beauty Products,Neutrogena Skincare Set,1,8742.87,8742.87,Apple Pay,3,It's an okay product. Does the basics but nothing extraordinary. Decent for the price.
P3386,13386,2024-12-26,Clothing,Dr. Martens 1460 Boots,3,15261.80,45785.40,PayPal,5,Life-changing product! I can't imagine going back to anything else now.
P3387,13387,2024-07-08,Beauty Products,Sol de Janeiro Bum Bum Cream,4,4553.25,18213.00,Credit Card,0,Completely defective. The product doesn't function at all and feels like a toy.
P3388,13388,2024-08-26,Electronics,Logitech MX Keys Keyboard,3,12087.53,36262.59,Credit Card,4,Very satisfied customer. The product is well-designed and performs reliably.
P3389,13389,2024-06-14,Sports,Peloton Bike,1,146410.53,146410.53,Google Pay,1,Awful quality. Fell apart after minimal use. Would never recommend this to anyone.
P3390,13390,2024-06-10,Clothing,Everlane The Weekender Bag,4,11306.02,45224.08,Debit Card,3,"It does the job adequately. Not great, not terrible, just middle of the road."
P3391,13391,2024-06-14,Sports,Yeti Rambler 26 oz Bottle,5,4028.94,20144.70,PayPal,5,Absolutely fantastic! The quality far surpasses what I expected at this price point.
P3392,13392,2024-03-24,Clothing,Champion Reverse Weave Hoodie,1,6611.75,6611.75,Google Pay,3,"Mixed feelings about this. Some features are good, others could use improvement."
P3393,13393,2024-10-12,Sports,Yeti Rambler 20 oz Tumbler,4,3517.22,14068.88,PayPal,2,Poor experience overall. The product has multiple flaws that affect usability.
P3394,13394,2024-07-13,Books,Sapiens by Yuval Noah Harari,1,1663.67,1663.67,Credit Card,2,Mediocre at best. I would not buy this again or recommend it to anyone.
P3395,13395,2024-07-17,Beauty Products,Dr. Jart+ Cicapair Tiger Grass Cream,1,5192.46,5192.46,Credit Card,5,Brilliant product! Works perfectly and is incredibly well-made. Worth every penny.
P3396,13396,2024-11-21,Beauty Products,Charlotte Tilbury Flawless Filter,3,4419.00,13257.00,Credit Card,3,"It does the job adequately. Not great, not terrible, just middle of the road."
P3397,13397,2024-05-28,Beauty Products,Rare Beauty Liquid Blush,5,2316.18,11580.90,Google Pay,5,Absolutely love this product! Exceeded all my expectations and the quality is outstanding.
P3398,13398,2024-11-26,Books,1984 by George Orwell,1,963.84,963.84,Credit Card,4,Excellent product that does the job well. Only minor complaints.
P3399,13399,2024-05-15,Home Appliances,GE Profile Opal Ice Maker,2,53279.98,106559.96,Apple Pay,5,Brilliant product! Works perfectly and is incredibly well-made. Worth every penny.
P3400,13400,2024-12-25,Clothing,Levi's 501 Jeans,2,7072.60,14145.20,Apple Pay,5,Best in its category! I've tried competitors and nothing comes close to this.
P3401,13401,2024-12-28,Books,Klara and the Sun by Kazuo Ishiguro,1,1414.06,1414.06,Debit Card,3,It's an okay product. Does the basics but nothing extraordinary. Decent for the price.
P3402,13402,2024-04-01,Electronics,Beats Studio Pro,1,34554.66,34554.66,Debit Card,5,Absolutely love this product! Exceeded all my expectations and the quality is outstanding.
P3403,13403,2024-10-23,Electronics,iPhone 14 Pro,1,128680.21,128680.21,PayPal,0,Worst purchase ever. Nothing about this product works as described. Total scam.
P3404,13404,2024-05-11,Clothing,Lululemon Align Leggings,4,9587.89,38351.56,Apple Pay,4,Really happy with this. Does exactly what it says and the quality is very good.
P3405,13405,2024-11-25,Sports,Spalding NBA Street Basketball,2,2539.67,5079.34,Debit Card,5,Five stars! The best purchase I've made this year. Would highly recommend to everyone.
P3406,13406,2024-02-08,Books,Lessons in Chemistry by Bonnie Garmus,2,1371.22,2742.44,PayPal,4,Great product with excellent features. Just a few small things keep it from being perfect.
P3407,13407,2024-12-27,Clothing,Ray-Ban Aviator Classic Sunglasses,1,15139.93,15139.93,PayPal,1,Extremely dissatisfied. The product stopped working within the first week.
P3408,13408,2024-02-02,Sports,Garmin Venu 3,1,44154.96,44154.96,Credit Card,4,I'm impressed with the quality. Not perfect but definitely worth the investment.
P3409,13409,2024-06-11,Electronics,Fujifilm Instax Mini 12,1,7605.32,7605.32,Credit Card,2,Below average. Several issues that make it hard to recommend to others.
P3410,13410,2024-09-11,Electronics,Logitech C920x Webcam,1,7978.48,7978.48,Credit Card,5,Top-notch quality and performance. This has become an essential part of my daily life.
P3411,13411,2024-05-22,Clothing,The North Face Aconcagua Jacket,2,20137.05,40274.10,PayPal,5,Brilliant product! Works perfectly and is incredibly well-made. Worth every penny.
P3412,13412,2024-08-04,Beauty Products,Glow Recipe Watermelon Glow,1,3338.63,3338.63,Credit Card,4,Great product with excellent features. Just a few small things keep it from being perfect.
P3413,13413,2024-11-22,Books,Where the Crawdads Sing by Delia Owens,3,1081.80,3245.40,PayPal,3,Works as described but nothing special. Fair value for what you pay.
P3414,13414,2024-11-09,Electronics,Apple AirTag 4 Pack,1,9855.04,9855.04,Google Pay,5,Five stars! The best purchase I've made this year. Would highly recommend to everyone.
P3415,13415,2024-08-26,Beauty Products,IT Cosmetics CC+ Cream,1,4262.02,4262.02,Credit Card,1,Do not buy this. The quality is abysmal and it doesn't deliver on any promises.
P3416,13416,2024-09-03,Beauty Products,Rare Beauty Liquid Blush,1,2329.86,2329.86,Credit Card,1,I regret buying this. It's of very low quality and not worth even a fraction of the price.
P3417,13417,2024-05-03,Beauty Products,Tatcha The Water Cream,2,6969.67,13939.34,Credit Card,5,Top-notch quality and performance. This has become an essential part of my daily life.
P3418,13418,2024-10-27,Sports,Hoka Clifton 9,1,14768.98,14768.98,PayPal,4,Solid quality and reliable performance. I'm satisfied with this purchase and would recommend it.
P3419,13419,2024-12-25,Clothing,Patagonia Baggies Shorts,1,4820.37,4820.37,Google Pay,1,Frustrating experience from start to finish. The product simply doesn't work.
P3420,13420,2024-12-10,Sports,Theragun Prime Percussive Device,1,30681.75,30681.75,Credit Card,3,It's an okay product. Does the basics but nothing extraordinary. Decent for the price.
P3421,13421,2024-03-20,Clothing,H&M Hoodie,1,2470.02,2470.02,PayPal,4,Really happy with this. Does exactly what it says and the quality is very good.
P3422,13422,2024-02-09,Home Appliances,KitchenAid 5-Speed Blender,1,8118.05,8118.05,Apple Pay,5,Brilliant product! Works perfectly and is incredibly well-made. Worth every penny.
P3423,13423,2024-09-03,Electronics,HP OfficeJet Pro 8025e,2,14714.77,29429.54,Credit Card,3,"It does the job adequately. Not great, not terrible, just middle of the road."
P3424,13424,2024-03-03,Sports,Apple Fitness+,3,972.37,2917.11,Credit Card,5,Life-changing product! I can't imagine going back to anything else now.
P3425,13425,2024-06-26,Electronics,Xbox Series X,4,50455.91,201823.64,PayPal,3,"Adequate for basic use. If you need something simple, this works fine."
P3426,13426,2024-08-04,Electronics,Amazon Fire TV Stick 4K,1,4962.46,4962.46,Credit Card,5,Best in its category! I've tried competitors and nothing comes close to this.
P3427,13427,2024-09-13,Books,The Alchemist by Paulo Coelho,3,911.88,2735.64,Credit Card,2,The product has issues that shouldn't exist at this price point. Very underwhelming.
P3428,13428,2024-02-14,Home Appliances,Breville Barista Express,2,68152.70,136305.40,Credit Card,3,It's fine. Does what it's supposed to do without any standout features.
P3429,13429,2024-04-20,Home Appliances,Philips Airfryer XXL,1,35096.22,35096.22,Credit Card,4,Solid quality and reliable performance. I'm satisfied with this purchase and would recommend it.
P3430,13430,2024-11-15,Clothing,Patagonia Retro-X Fleece,2,17830.35,35660.70,Apple Pay,5,Absolutely love this product! Exceeded all my expectations and the quality is outstanding.
P3431,13431,2024-06-19,Sports,Gaiam Premium Yoga Mat,2,2687.95,5375.90,Apple Pay,3,Decent product for the price. Nothing to write home about but it works.
P3432,13432,2024-12-24,Electronics,Fujifilm Instax Mini 12,1,7353.61,7353.61,Credit Card,5,Absolutely love this product! Exceeded all my expectations and the quality is outstanding.
P3433,13433,2024-01-06,Electronics,iPhone 15,1,80600.89,80600.89,Google Pay,5,Best in its category! I've tried competitors and nothing comes close to this.
P3434,13434,2024-09-02,Clothing,Patagonia Nano Puff Jacket,2,22638.50,45277.00,Debit Card,1,Very disappointed. The item arrived damaged and customer service was unhelpful.
P3435,13435,2024-09-17,Beauty Products,La Roche-Posay Effaclar Duo,1,2474.55,2474.55,Credit Card,3,It's an okay product. Does the basics but nothing extraordinary. Decent for the price.
P3436,13436,2024-05-20,Clothing,Adidas Ultraboost,1,18189.52,18189.52,Apple Pay,3,"It does the job adequately. Not great, not terrible, just middle of the road."
P3437,13437,2024-09-18,Home Appliances,Nespresso Vertuo Next,1,15827.46,15827.46,Google Pay,5,Five stars! The best purchase I've made this year. Would highly recommend to everyone.
P3438,13438,2024-12-27,Sports,Yeti Rambler 26 oz Bottle,2,3977.17,7954.34,Debit Card,5,Top-notch quality and performance. This has become an essential part of my daily life.
P3439,13439,2024-02-08,Clothing,Aritzia Super Puff Shorty,1,24303.22,24303.22,Credit Card,5,Absolutely love this product! Exceeded all my expectations and the quality is outstanding.
P3440,13440,2024-02-18,Sports,Yeti Rambler 20 oz Tumbler,1,3552.00,3552.00,PayPal,5,Absolutely fantastic! The quality far surpasses what I expected at this price point.
P3441,13441,2024-11-22,Electronics,Canon EOS R50 Camera,4,68601.21,274404.84,Google Pay,5,Incredible value for the price. The build quality is superb and it works flawlessly.
P3442,13442,2024-04-27,Electronics,Samsung Galaxy S24 Ultra,1,130409.26,130409.26,Debit Card,3,It's fine. Does what it's supposed to do without any standout features.
P3443,13443,2024-12-24,Books,The Thursday Murder Club by Richard Osman,2,1287.36,2574.72,Google Pay,4,Good value for money. The product is well-made and serves its purpose perfectly.
P3444,13444,2024-10-14,Sports,Nike Metcon 8,1,12633.61,12633.61,Debit Card,5,Exceptional product that delivers exactly what it promises. Couldn't be happier!
P3445,13445,2024-10-04,Electronics,Bose QuietComfort 45 Headphones,5,33715.90,168579.50,Apple Pay,5,Outstanding quality and fantastic value. I'm so happy with this purchase.
P3446,13446,2024-05-12,Electronics,Microsoft Surface Pro 9,3,116888.10,350664.30,Credit Card,5,Brilliant product! Works perfectly and is incredibly well-made. Worth every penny.
P3447,13447,2024-04-01,Sports,On Cloudrunning Shoes,1,15228.11,15228.11,Credit Card,3,"Adequate for basic use. If you need something simple, this works fine."
P3448,13448,2024-04-21,Books,To Kill a Mockingbird by Harper Lee,1,1323.65,1323.65,PayPal,4,Great product with excellent features. Just a few small things keep it from being perfect.
P3449,13449,2024-09-12,Books,The Alchemist by Paulo Coelho,1,869.43,869.43,PayPal,4,High quality and durable. Would buy again without hesitation.
P3450,13450,2024-02-15,Beauty Products,Glossier Boy Brow,2,1823.39,3646.78,Google Pay,4,Great product with excellent features. Just a few small things keep it from being perfect.
P3451,13451,2024-11-08,Books,Fourth Wing by Rebecca Yarros,1,1261.71,1261.71,PayPal,2,Doesn't live up to the hype. Overpriced for what you actually get.
P3452,13452,2024-12-15,Sports,Hydro Flask Standard Mouth Bottle,1,3196.29,3196.29,Debit Card,4,High quality and durable. Would buy again without hesitation.
P3453,13453,2024-02-18,Sports,Garmin Venu 3,1,44324.82,44324.82,Credit Card,5,Brilliant product! Works perfectly and is incredibly well-made. Worth every penny.
P3454,13454,2024-04-21,Clothing,Steve Madden Troopa Boots,2,9238.89,18477.78,Credit Card,5,Incredible value for the price. The build quality is superb and it works flawlessly.
P3455,13455,2024-12-06,Sports,Peloton Bike,1,146472.61,146472.61,Credit Card,5,Five stars! The best purchase I've made this year. Would highly recommend to everyone.
P3456,13456,2024-02-15,Beauty Products,Glow Recipe Avocado Melt Retinol Eye Cream,3,4236.31,12708.93,PayPal,3,Average quality. Meets basic expectations but doesn't stand out from competitors.
P3457,13457,2024-06-10,Sports,Yoga Mat Pro,1,5020.23,5020.23,Google Pay,3,"Mixed feelings about this. Some features are good, others could use improvement."
P3458,13458,2024-12-14,Clothing,Birkenstock Arizona Sandals,1,10102.98,10102.98,PayPal,5,Absolutely fantastic! The quality far surpasses what I expected at this price point.
P3459,13459,2024-12-13,Sports,Yoga Mat Pro,4,5117.84,20471.36,Credit Card,5,Absolutely fantastic! The quality far surpasses what I expected at this price point.
P3460,13460,2024-11-08,Electronics,iPhone 15 Pro,1,135234.15,135234.15,Apple Pay,3,"Mixed feelings about this. Some features are good, others could use improvement."
P3461,13461,2024-06-08,Electronics,Sony A7IV Camera,3,251049.34,753148.02,PayPal,3,Works as described but nothing special. Fair value for what you pay.
P3462,13462,2024-11-23,Electronics,Dyson V11 Vacuum,2,48905.00,97810.00,Credit Card,4,Very satisfied customer. The product is well-designed and performs reliably.
P3463,13463,2024-04-03,Electronics,Garmin Forerunner 265,4,43687.38,174749.52,PayPal,4,Solid quality and reliable performance. I'm satisfied with this purchase and would recommend it.
P3464,13464,2024-08-06,Home Appliances,Ninja Foodi 10-in-1 XL,1,24572.46,24572.46,Debit Card,4,Very good product overall. Works well and meets my expectations. Minor improvements possible.
P3465,13465,2024-02-04,Beauty Products,Glossier Boy Brow,2,1819.29,3638.58,PayPal,3,It's fine. Does what it's supposed to do without any standout features.
P3466,13466,2024-05-15,Sports,TRX All-in-One Suspension Kit,2,15250.88,30501.76,Google Pay,3,"Adequate for basic use. If you need something simple, this works fine."
P3467,13467,2024-07-10,Beauty Products,Glossier Cloud Paint,2,1937.09,3874.18,PayPal,1,Very disappointed. The item arrived damaged and customer service was unhelpful.
P3468,13468,2024-02-04,Electronics,HP OfficeJet Pro 8025e,1,15216.18,15216.18,Debit Card,0,Completely defective. The product doesn't function at all and feels like a toy.
P3469,13469,2024-08-04,Sports,Yeti Hopper M30 Soft Cooler,2,35332.01,70664.02,Credit Card,4,High quality and durable. Would buy again without hesitation.
P3470,13470,2024-04-26,Books,The Midnight Library by Matt Haig,1,1319.36,1319.36,PayPal,5,Five stars! The best purchase I've made this year. Would highly recommend to everyone.
P3471,13471,2024-03-15,Books,A Court of Thorns and Roses by Sarah J. Maas,3,1186.33,3558.99,PayPal,3,Acceptable quality but there's room for improvement. I've seen better and worse.
P3472,13472,2024-02-20,Books,1984 by George Orwell,2,973.24,1946.48,Google Pay,4,Solid quality and reliable performance. I'm satisfied with this purchase and would recommend it.
P3473,13473,2024-09-07,Sports,TRX All-in-One Suspension Kit,3,15179.35,45538.05,Credit Card,1,Terrible product. Broke almost immediately and the quality is shockingly bad.
P3474,13474,2024-06-06,Electronics,Sony WH-1000XM4 Headphones,1,34286.84,34286.84,Credit Card,4,Works great and looks good too. Very pleased with this purchase overall.
P3475,13475,2024-12-12,Home Appliances,Weber Spirit II E-310 Gas Grill,3,55544.33,166632.99,Debit Card,4,Really happy with this. Does exactly what it says and the quality is very good.
P3476,13476,2024-07-04,Clothing,Canada Goose HyBridge Base Hoody,1,39769.99,39769.99,Google Pay,5,Life-changing product! I can't imagine going back to anything else now.
P3477,13477,2024-01-28,Electronics,Sony WH-1000XM5 Headphones,1,40144.31,40144.31,Credit Card,5,Brilliant product! Works perfectly and is incredibly well-made. Worth every penny.
P3478,13478,2024-09-24,Clothing,Re/Done Classic Stretch Jeans,1,18806.94,18806.94,Google Pay,5,Incredible value for the price. The build quality is superb and it works flawlessly.
P3479,13479,2024-12-27,Clothing,Arc'teryx Beta AR Jacket,2,61398.95,122797.90,Google Pay,3,Average quality. Meets basic expectations but doesn't stand out from competitors.
P3480,13480,2024-03-28,Clothing,Reformation Odessa Dress,5,21430.92,107154.60,PayPal,5,Top-notch quality and performance. This has become an essential part of my daily life.
P3481,13481,2024-11-11,Electronics,Amazon Fire TV Stick 4K,1,4921.84,4921.84,Credit Card,3,Works as described but nothing special. Fair value for what you pay.
P3482,13482,2024-05-03,Clothing,Madewell High-Rise Skinny Jeans,3,9096.32,27288.96,PayPal,1,Complete waste of money. The product doesn't work as advertised at all.
P3483,13483,2024-11-06,Home Appliances,Weber Spirit II E-310 Gas Grill,1,53375.94,53375.94,Google Pay,4,Very satisfied customer. The product is well-designed and performs reliably.
P3484,13484,2024-09-12,Clothing,Madewell Roadtripper Jumpsuit,1,9628.25,9628.25,Google Pay,5,Outstanding quality and fantastic value. I'm so happy with this purchase.
P3485,13485,2024-02-13,Clothing,Patagonia Retro-X Fleece,3,18010.74,54032.22,Credit Card,1,Returned this immediately. The product was defective and poorly made.
P3486,13486,2024-09-17,Books,The Power of Now by Eckhart Tolle,3,946.87,2840.61,Credit Card,4,Good value for money. The product is well-made and serves its purpose perfectly.
P3487,13487,2024-06-26,Sports,Under Armour Sportstyle Shorts,1,3517.15,3517.15,Credit Card,4,Very satisfied customer. The product is well-designed and performs reliably.
P3488,13488,2024-09-06,Electronics,Dyson Airwrap Multi-Styler,1,60388.97,60388.97,Credit Card,5,Five stars! The best purchase I've made this year. Would highly recommend to everyone.
P3489,13489,2024-07-17,Electronics,Beats Studio Pro,1,34284.77,34284.77,Credit Card,4,Works great and looks good too. Very pleased with this purchase overall.
P3490,13490,2024-07-16,Home Appliances,KitchenAid Pasta Roller,1,15040.23,15040.23,Credit Card,0,Zero stars if I could. The product is completely unusable and a total waste of money.
P3491,13491,2024-05-21,Home Appliances,Simplehuman Soap Dispenser,2,5060.35,10120.70,Credit Card,5,Life-changing product! I can't imagine going back to anything else now.
P3492,13492,2024-08-26,Clothing,Lululemon Scuba Hoodie,3,11489.42,34468.26,Credit Card,5,Outstanding quality and fantastic value. I'm so happy with this purchase.
P3493,13493,2024-07-10,Electronics,Google Pixel 8 Pro,1,100165.40,100165.40,Credit Card,5,Brilliant product! Works perfectly and is incredibly well-made. Worth every penny.
P3494,13494,2024-05-18,Clothing,Carhartt WIP Chase Beanie,1,2881.52,2881.52,Credit Card,5,Exceptional product that delivers exactly what it promises. Couldn't be happier!
P3495,13495,2024-04-27,Books,Happy Place by Emily Henry,1,1146.90,1146.90,Apple Pay,4,Solid quality and reliable performance. I'm satisfied with this purchase and would recommend it.
P3496,13496,2024-02-24,Sports,Gaiam Premium Yoga Mat,1,2619.81,2619.81,Debit Card,4,Good value for money. The product is well-made and serves its purpose perfectly.
P3497,13497,2024-01-26,Clothing,Spanx Perfect Black Pant,1,9797.06,9797.06,Credit Card,3,"Adequate for basic use. If you need something simple, this works fine."
P3498,13498,2024-10-07,Beauty Products,Ilia Limitless Lash Mascara,1,2758.37,2758.37,PayPal,5,Top-notch quality and performance. This has become an essential part of my daily life.
P3499,13499,2024-12-22,Electronics,AirPods Pro 2nd Gen,1,25385.03,25385.03,PayPal,2,Below average. Several issues that make it hard to recommend to others.
P3500,13500,2024-01-07,Books,Where the Crawdads Sing by Delia Owens,1,1097.62,1097.62,PayPal,3,"Adequate for basic use. If you need something simple, this works fine."

